[
    {
        "model": "admin.logentry",
        "pk": 1,
        "fields": {
            "action_time": "2024-10-02T06:34:23.256Z",
            "user": 1,
            "content_type": 14,
            "object_id": "1",
            "object_repr": "test subject",
            "action_flag": 1,
            "change_message": "[{\"added\": {}}]"
        }
    },
    {
        "model": "admin.logentry",
        "pk": 2,
        "fields": {
            "action_time": "2024-10-05T01:58:17.981Z",
            "user": 1,
            "content_type": 15,
            "object_id": "1",
            "object_repr": "students.Student.None - test subject",
            "action_flag": 2,
            "change_message": "[]"
        }
    },
    {
        "model": "admin.logentry",
        "pk": 3,
        "fields": {
            "action_time": "2024-10-07T02:10:24.840Z",
            "user": 1,
            "content_type": 15,
            "object_id": "1",
            "object_repr": "students.Student.None - test subject",
            "action_flag": 2,
            "change_message": "[{\"changed\": {\"fields\": [\"Student\"]}}]"
        }
    },
    {
        "model": "admin.logentry",
        "pk": 4,
        "fields": {
            "action_time": "2024-10-07T02:10:30.744Z",
            "user": 1,
            "content_type": 15,
            "object_id": "1",
            "object_repr": "students.Student.None - test subject",
            "action_flag": 2,
            "change_message": "[]"
        }
    },
    {
        "model": "admin.logentry",
        "pk": 5,
        "fields": {
            "action_time": "2024-10-07T02:35:29.755Z",
            "user": 1,
            "content_type": 27,
            "object_id": "2",
            "object_repr": "test subject 2024-10-07",
            "action_flag": 3,
            "change_message": ""
        }
    },
    {
        "model": "admin.logentry",
        "pk": 6,
        "fields": {
            "action_time": "2024-10-07T04:15:13.796Z",
            "user": 1,
            "content_type": 27,
            "object_id": "3",
            "object_repr": "test subject 2024-10-07",
            "action_flag": 3,
            "change_message": ""
        }
    },
    {
        "model": "admin.logentry",
        "pk": 7,
        "fields": {
            "action_time": "2024-10-07T05:26:46.411Z",
            "user": 1,
            "content_type": 27,
            "object_id": "4",
            "object_repr": "test subject 2024-10-07",
            "action_flag": 3,
            "change_message": ""
        }
    },
    {
        "model": "admin.logentry",
        "pk": 8,
        "fields": {
            "action_time": "2024-10-07T05:30:46.176Z",
            "user": 1,
            "content_type": 27,
            "object_id": "5",
            "object_repr": "test subject 2024-10-07",
            "action_flag": 3,
            "change_message": ""
        }
    },
    {
        "model": "admin.logentry",
        "pk": 9,
        "fields": {
            "action_time": "2024-10-07T05:47:28.944Z",
            "user": 1,
            "content_type": 27,
            "object_id": "6",
            "object_repr": "test subject 2024-10-07",
            "action_flag": 3,
            "change_message": ""
        }
    },
    {
        "model": "admin.logentry",
        "pk": 10,
        "fields": {
            "action_time": "2024-10-07T05:49:12.812Z",
            "user": 1,
            "content_type": 27,
            "object_id": "7",
            "object_repr": "test subject 2024-10-07",
            "action_flag": 3,
            "change_message": ""
        }
    },
    {
        "model": "admin.logentry",
        "pk": 11,
        "fields": {
            "action_time": "2024-10-07T06:04:19.064Z",
            "user": 1,
            "content_type": 27,
            "object_id": "8",
            "object_repr": "test subject 2024-10-07",
            "action_flag": 3,
            "change_message": ""
        }
    },
    {
        "model": "admin.logentry",
        "pk": 12,
        "fields": {
            "action_time": "2024-10-07T07:10:35.006Z",
            "user": 1,
            "content_type": 27,
            "object_id": "9",
            "object_repr": "test subject 2024-10-07",
            "action_flag": 3,
            "change_message": ""
        }
    },
    {
        "model": "admin.logentry",
        "pk": 13,
        "fields": {
            "action_time": "2024-10-07T07:23:40.007Z",
            "user": 1,
            "content_type": 27,
            "object_id": "10",
            "object_repr": "test subject 2024-10-07",
            "action_flag": 3,
            "change_message": ""
        }
    },
    {
        "model": "admin.logentry",
        "pk": 14,
        "fields": {
            "action_time": "2024-10-07T07:38:49.038Z",
            "user": 1,
            "content_type": 27,
            "object_id": "11",
            "object_repr": "test subject 2024-10-07",
            "action_flag": 3,
            "change_message": ""
        }
    },
    {
        "model": "admin.logentry",
        "pk": 15,
        "fields": {
            "action_time": "2024-10-07T07:41:45.569Z",
            "user": 1,
            "content_type": 27,
            "object_id": "12",
            "object_repr": "test subject 2024-10-07",
            "action_flag": 3,
            "change_message": ""
        }
    },
    {
        "model": "admin.logentry",
        "pk": 16,
        "fields": {
            "action_time": "2024-10-07T07:45:33.016Z",
            "user": 1,
            "content_type": 27,
            "object_id": "13",
            "object_repr": "test subject 2024-10-07",
            "action_flag": 3,
            "change_message": ""
        }
    },
    {
        "model": "admin.logentry",
        "pk": 17,
        "fields": {
            "action_time": "2024-10-12T00:42:36.375Z",
            "user": 1,
            "content_type": 8,
            "object_id": "3",
            "object_repr": "2021",
            "action_flag": 2,
            "change_message": "[{\"changed\": {\"fields\": [\"Email address\"]}}]"
        }
    },
    {
        "model": "admin.logentry",
        "pk": 18,
        "fields": {
            "action_time": "2024-10-12T00:44:04.351Z",
            "user": 1,
            "content_type": 16,
            "object_id": "2",
            "object_repr": "test aaasasmee",
            "action_flag": 2,
            "change_message": "[{\"changed\": {\"fields\": [\"Deadline\"]}}]"
        }
    },
    {
        "model": "admin.logentry",
        "pk": 19,
        "fields": {
            "action_time": "2024-10-12T00:44:23.516Z",
            "user": 1,
            "content_type": 16,
            "object_id": "1",
            "object_repr": "test 課題",
            "action_flag": 2,
            "change_message": "[{\"changed\": {\"fields\": [\"Deadline\"]}}]"
        }
    },
    {
        "model": "admin.logentry",
        "pk": 20,
        "fields": {
            "action_time": "2024-10-21T00:26:05.490Z",
            "user": 1,
            "content_type": 17,
            "object_id": "2",
            "object_repr": "/Users/yabindrabhujel/Desktop/schoollms/services/api/config/../media/file_assignments/MUIの削除: MUIのDataGridを削除しを用いてデータを表示します/invoice (2).pdf",
            "action_flag": 3,
            "change_message": ""
        }
    },
    {
        "model": "admin.logentry",
        "pk": 21,
        "fields": {
            "action_time": "2024-10-21T00:26:05.499Z",
            "user": 1,
            "content_type": 17,
            "object_id": "1",
            "object_repr": "/Users/yabindrabhujel/Desktop/schoollms/services/api/config/../media/file_assignments/MUIの削除: MUIのDataGridを削除しを用いてデータを表示します/invoice (1).pdf",
            "action_flag": 3,
            "change_message": ""
        }
    },
    {
        "model": "admin.logentry",
        "pk": 22,
        "fields": {
            "action_time": "2024-10-22T05:49:00.020Z",
            "user": 1,
            "content_type": 14,
            "object_id": "2",
            "object_repr": "English",
            "action_flag": 1,
            "change_message": "[{\"added\": {}}]"
        }
    },
    {
        "model": "admin.logentry",
        "pk": 23,
        "fields": {
            "action_time": "2024-10-22T05:49:49.372Z",
            "user": 1,
            "content_type": 15,
            "object_id": "2",
            "object_repr": "students.Student.None - English",
            "action_flag": 1,
            "change_message": "[{\"added\": {}}]"
        }
    },
    {
        "model": "admin.logentry",
        "pk": 24,
        "fields": {
            "action_time": "2024-10-23T10:21:58.459Z",
            "user": 1,
            "content_type": 16,
            "object_id": "5",
            "object_repr": "File Assigemnt",
            "action_flag": 2,
            "change_message": "[{\"changed\": {\"fields\": [\"Deadline\", \"Active\"]}}]"
        }
    },
    {
        "model": "admin.logentry",
        "pk": 25,
        "fields": {
            "action_time": "2024-10-23T10:23:21.269Z",
            "user": 1,
            "content_type": 16,
            "object_id": "5",
            "object_repr": "File Assigemnt",
            "action_flag": 2,
            "change_message": "[{\"changed\": {\"fields\": [\"Deadline\", \"Active\"]}}]"
        }
    },
    {
        "model": "admin.logentry",
        "pk": 26,
        "fields": {
            "action_time": "2024-10-29T01:21:19.106Z",
            "user": 1,
            "content_type": 30,
            "object_id": "1",
            "object_repr": "データベース",
            "action_flag": 2,
            "change_message": "[{\"changed\": {\"fields\": [\"Content\", \"Shared With\"]}}]"
        }
    },
    {
        "model": "admin.logentry",
        "pk": 27,
        "fields": {
            "action_time": "2024-10-29T01:27:12.573Z",
            "user": 1,
            "content_type": 8,
            "object_id": "7",
            "object_repr": "john_doe",
            "action_flag": 3,
            "change_message": ""
        }
    },
    {
        "model": "admin.logentry",
        "pk": 28,
        "fields": {
            "action_time": "2024-10-29T01:27:12.588Z",
            "user": 1,
            "content_type": 8,
            "object_id": "6",
            "object_repr": "admi1n",
            "action_flag": 3,
            "change_message": ""
        }
    },
    {
        "model": "admin.logentry",
        "pk": 29,
        "fields": {
            "action_time": "2024-10-29T01:27:12.592Z",
            "user": 1,
            "content_type": 8,
            "object_id": "4",
            "object_repr": "admin1",
            "action_flag": 3,
            "change_message": ""
        }
    },
    {
        "model": "admin.logentry",
        "pk": 30,
        "fields": {
            "action_time": "2024-10-29T01:27:19.799Z",
            "user": 1,
            "content_type": 9,
            "object_id": "8",
            "object_repr": "admin",
            "action_flag": 1,
            "change_message": "[{\"added\": {}}]"
        }
    },
    {
        "model": "admin.logentry",
        "pk": 31,
        "fields": {
            "action_time": "2024-10-29T01:52:53.501Z",
            "user": 1,
            "content_type": 30,
            "object_id": "1",
            "object_repr": "データベース",
            "action_flag": 2,
            "change_message": "[{\"changed\": {\"fields\": [\"Shared With\"]}}]"
        }
    },
    {
        "model": "admin.logentry",
        "pk": 32,
        "fields": {
            "action_time": "2024-10-29T03:28:03.218Z",
            "user": 1,
            "content_type": 30,
            "object_id": "2",
            "object_repr": "Enter your note title here...",
            "action_flag": 2,
            "change_message": "[{\"changed\": {\"fields\": [\"Note Type\"]}}]"
        }
    },
    {
        "model": "admin.logentry",
        "pk": 33,
        "fields": {
            "action_time": "2024-10-29T03:28:15.500Z",
            "user": 1,
            "content_type": 30,
            "object_id": "8",
            "object_repr": "Enter your note title here...",
            "action_flag": 3,
            "change_message": ""
        }
    },
    {
        "model": "admin.logentry",
        "pk": 34,
        "fields": {
            "action_time": "2024-10-29T03:28:15.505Z",
            "user": 1,
            "content_type": 30,
            "object_id": "2",
            "object_repr": "Enter your note title here...",
            "action_flag": 3,
            "change_message": ""
        }
    },
    {
        "model": "admin.logentry",
        "pk": 35,
        "fields": {
            "action_time": "2024-10-29T12:26:34.227Z",
            "user": 1,
            "content_type": 10,
            "object_id": "2",
            "object_repr": " 2021 - Application Settings",
            "action_flag": 2,
            "change_message": "[{\"changed\": {\"fields\": [\"IsEmailNotification\"]}}]"
        }
    },
    {
        "model": "contenttypes.contenttype",
        "pk": 1,
        "fields": {
            "app_label": "admin",
            "model": "logentry"
        }
    },
    {
        "model": "contenttypes.contenttype",
        "pk": 2,
        "fields": {
            "app_label": "contenttypes",
            "model": "contenttype"
        }
    },
    {
        "model": "contenttypes.contenttype",
        "pk": 3,
        "fields": {
            "app_label": "auth",
            "model": "permission"
        }
    },
    {
        "model": "contenttypes.contenttype",
        "pk": 4,
        "fields": {
            "app_label": "auth",
            "model": "group"
        }
    },
    {
        "model": "contenttypes.contenttype",
        "pk": 5,
        "fields": {
            "app_label": "sessions",
            "model": "session"
        }
    },
    {
        "model": "contenttypes.contenttype",
        "pk": 6,
        "fields": {
            "app_label": "token_blacklist",
            "model": "blacklistedtoken"
        }
    },
    {
        "model": "contenttypes.contenttype",
        "pk": 7,
        "fields": {
            "app_label": "token_blacklist",
            "model": "outstandingtoken"
        }
    },
    {
        "model": "contenttypes.contenttype",
        "pk": 8,
        "fields": {
            "app_label": "accounts",
            "model": "user"
        }
    },
    {
        "model": "contenttypes.contenttype",
        "pk": 9,
        "fields": {
            "app_label": "accounts",
            "model": "userprofile"
        }
    },
    {
        "model": "contenttypes.contenttype",
        "pk": 10,
        "fields": {
            "app_label": "accounts",
            "model": "applicationsettings"
        }
    },
    {
        "model": "contenttypes.contenttype",
        "pk": 11,
        "fields": {
            "app_label": "students",
            "model": "student"
        }
    },
    {
        "model": "contenttypes.contenttype",
        "pk": 12,
        "fields": {
            "app_label": "teachers",
            "model": "teacher"
        }
    },
    {
        "model": "contenttypes.contenttype",
        "pk": 13,
        "fields": {
            "app_label": "courses",
            "model": "department"
        }
    },
    {
        "model": "contenttypes.contenttype",
        "pk": 14,
        "fields": {
            "app_label": "subjects",
            "model": "subject"
        }
    },
    {
        "model": "contenttypes.contenttype",
        "pk": 15,
        "fields": {
            "app_label": "subjects",
            "model": "subjectregistration"
        }
    },
    {
        "model": "contenttypes.contenttype",
        "pk": 16,
        "fields": {
            "app_label": "subjects",
            "model": "assignment"
        }
    },
    {
        "model": "contenttypes.contenttype",
        "pk": 17,
        "fields": {
            "app_label": "subjects",
            "model": "assignmentfile"
        }
    },
    {
        "model": "contenttypes.contenttype",
        "pk": 18,
        "fields": {
            "app_label": "subjects",
            "model": "textassigemntquestion"
        }
    },
    {
        "model": "contenttypes.contenttype",
        "pk": 19,
        "fields": {
            "app_label": "subjects",
            "model": "textquestionanswer"
        }
    },
    {
        "model": "contenttypes.contenttype",
        "pk": 20,
        "fields": {
            "app_label": "subjects",
            "model": "textsubmission"
        }
    },
    {
        "model": "contenttypes.contenttype",
        "pk": 21,
        "fields": {
            "app_label": "subjects",
            "model": "filesubmission"
        }
    },
    {
        "model": "contenttypes.contenttype",
        "pk": 22,
        "fields": {
            "app_label": "subjects",
            "model": "coursemateriales"
        }
    },
    {
        "model": "contenttypes.contenttype",
        "pk": 23,
        "fields": {
            "app_label": "subjects",
            "model": "announcementfile"
        }
    },
    {
        "model": "contenttypes.contenttype",
        "pk": 24,
        "fields": {
            "app_label": "subjects",
            "model": "announcement"
        }
    },
    {
        "model": "contenttypes.contenttype",
        "pk": 25,
        "fields": {
            "app_label": "subjects",
            "model": "syllabusitem"
        }
    },
    {
        "model": "contenttypes.contenttype",
        "pk": 26,
        "fields": {
            "app_label": "subjects",
            "model": "syllabus"
        }
    },
    {
        "model": "contenttypes.contenttype",
        "pk": 27,
        "fields": {
            "app_label": "attendance",
            "model": "attendance"
        }
    },
    {
        "model": "contenttypes.contenttype",
        "pk": 28,
        "fields": {
            "app_label": "attendance",
            "model": "studentattended"
        }
    },
    {
        "model": "contenttypes.contenttype",
        "pk": 29,
        "fields": {
            "app_label": "common",
            "model": "calendarevent"
        }
    },
    {
        "model": "contenttypes.contenttype",
        "pk": 30,
        "fields": {
            "app_label": "common",
            "model": "notes"
        }
    },
    {
        "model": "contenttypes.contenttype",
        "pk": 31,
        "fields": {
            "app_label": "common",
            "model": "notification"
        }
    },
    {
        "model": "contenttypes.contenttype",
        "pk": 32,
        "fields": {
            "app_label": "common",
            "model": "usernotification"
        }
    },
    {
        "model": "contenttypes.contenttype",
        "pk": 33,
        "fields": {
            "app_label": "socials",
            "model": "group"
        }
    },
    {
        "model": "contenttypes.contenttype",
        "pk": 34,
        "fields": {
            "app_label": "socials",
            "model": "message"
        }
    },
    {
        "model": "contenttypes.contenttype",
        "pk": 35,
        "fields": {
            "app_label": "socials",
            "model": "groupmessage"
        }
    },
    {
        "model": "contenttypes.contenttype",
        "pk": 36,
        "fields": {
            "app_label": "common",
            "model": "notetag"
        }
    },
    {
        "model": "auth.permission",
        "pk": 1,
        "fields": {
            "name": "Can add log entry",
            "content_type": 1,
            "codename": "add_logentry"
        }
    },
    {
        "model": "auth.permission",
        "pk": 2,
        "fields": {
            "name": "Can change log entry",
            "content_type": 1,
            "codename": "change_logentry"
        }
    },
    {
        "model": "auth.permission",
        "pk": 3,
        "fields": {
            "name": "Can delete log entry",
            "content_type": 1,
            "codename": "delete_logentry"
        }
    },
    {
        "model": "auth.permission",
        "pk": 4,
        "fields": {
            "name": "Can view log entry",
            "content_type": 1,
            "codename": "view_logentry"
        }
    },
    {
        "model": "auth.permission",
        "pk": 5,
        "fields": {
            "name": "Can add content type",
            "content_type": 2,
            "codename": "add_contenttype"
        }
    },
    {
        "model": "auth.permission",
        "pk": 6,
        "fields": {
            "name": "Can change content type",
            "content_type": 2,
            "codename": "change_contenttype"
        }
    },
    {
        "model": "auth.permission",
        "pk": 7,
        "fields": {
            "name": "Can delete content type",
            "content_type": 2,
            "codename": "delete_contenttype"
        }
    },
    {
        "model": "auth.permission",
        "pk": 8,
        "fields": {
            "name": "Can view content type",
            "content_type": 2,
            "codename": "view_contenttype"
        }
    },
    {
        "model": "auth.permission",
        "pk": 9,
        "fields": {
            "name": "Can add permission",
            "content_type": 3,
            "codename": "add_permission"
        }
    },
    {
        "model": "auth.permission",
        "pk": 10,
        "fields": {
            "name": "Can change permission",
            "content_type": 3,
            "codename": "change_permission"
        }
    },
    {
        "model": "auth.permission",
        "pk": 11,
        "fields": {
            "name": "Can delete permission",
            "content_type": 3,
            "codename": "delete_permission"
        }
    },
    {
        "model": "auth.permission",
        "pk": 12,
        "fields": {
            "name": "Can view permission",
            "content_type": 3,
            "codename": "view_permission"
        }
    },
    {
        "model": "auth.permission",
        "pk": 13,
        "fields": {
            "name": "Can add group",
            "content_type": 4,
            "codename": "add_group"
        }
    },
    {
        "model": "auth.permission",
        "pk": 14,
        "fields": {
            "name": "Can change group",
            "content_type": 4,
            "codename": "change_group"
        }
    },
    {
        "model": "auth.permission",
        "pk": 15,
        "fields": {
            "name": "Can delete group",
            "content_type": 4,
            "codename": "delete_group"
        }
    },
    {
        "model": "auth.permission",
        "pk": 16,
        "fields": {
            "name": "Can view group",
            "content_type": 4,
            "codename": "view_group"
        }
    },
    {
        "model": "auth.permission",
        "pk": 17,
        "fields": {
            "name": "Can add session",
            "content_type": 5,
            "codename": "add_session"
        }
    },
    {
        "model": "auth.permission",
        "pk": 18,
        "fields": {
            "name": "Can change session",
            "content_type": 5,
            "codename": "change_session"
        }
    },
    {
        "model": "auth.permission",
        "pk": 19,
        "fields": {
            "name": "Can delete session",
            "content_type": 5,
            "codename": "delete_session"
        }
    },
    {
        "model": "auth.permission",
        "pk": 20,
        "fields": {
            "name": "Can view session",
            "content_type": 5,
            "codename": "view_session"
        }
    },
    {
        "model": "auth.permission",
        "pk": 21,
        "fields": {
            "name": "Can add blacklisted token",
            "content_type": 6,
            "codename": "add_blacklistedtoken"
        }
    },
    {
        "model": "auth.permission",
        "pk": 22,
        "fields": {
            "name": "Can change blacklisted token",
            "content_type": 6,
            "codename": "change_blacklistedtoken"
        }
    },
    {
        "model": "auth.permission",
        "pk": 23,
        "fields": {
            "name": "Can delete blacklisted token",
            "content_type": 6,
            "codename": "delete_blacklistedtoken"
        }
    },
    {
        "model": "auth.permission",
        "pk": 24,
        "fields": {
            "name": "Can view blacklisted token",
            "content_type": 6,
            "codename": "view_blacklistedtoken"
        }
    },
    {
        "model": "auth.permission",
        "pk": 25,
        "fields": {
            "name": "Can add outstanding token",
            "content_type": 7,
            "codename": "add_outstandingtoken"
        }
    },
    {
        "model": "auth.permission",
        "pk": 26,
        "fields": {
            "name": "Can change outstanding token",
            "content_type": 7,
            "codename": "change_outstandingtoken"
        }
    },
    {
        "model": "auth.permission",
        "pk": 27,
        "fields": {
            "name": "Can delete outstanding token",
            "content_type": 7,
            "codename": "delete_outstandingtoken"
        }
    },
    {
        "model": "auth.permission",
        "pk": 28,
        "fields": {
            "name": "Can view outstanding token",
            "content_type": 7,
            "codename": "view_outstandingtoken"
        }
    },
    {
        "model": "auth.permission",
        "pk": 29,
        "fields": {
            "name": "Can add user",
            "content_type": 8,
            "codename": "add_user"
        }
    },
    {
        "model": "auth.permission",
        "pk": 30,
        "fields": {
            "name": "Can change user",
            "content_type": 8,
            "codename": "change_user"
        }
    },
    {
        "model": "auth.permission",
        "pk": 31,
        "fields": {
            "name": "Can delete user",
            "content_type": 8,
            "codename": "delete_user"
        }
    },
    {
        "model": "auth.permission",
        "pk": 32,
        "fields": {
            "name": "Can view user",
            "content_type": 8,
            "codename": "view_user"
        }
    },
    {
        "model": "auth.permission",
        "pk": 33,
        "fields": {
            "name": "Can add user profile",
            "content_type": 9,
            "codename": "add_userprofile"
        }
    },
    {
        "model": "auth.permission",
        "pk": 34,
        "fields": {
            "name": "Can change user profile",
            "content_type": 9,
            "codename": "change_userprofile"
        }
    },
    {
        "model": "auth.permission",
        "pk": 35,
        "fields": {
            "name": "Can delete user profile",
            "content_type": 9,
            "codename": "delete_userprofile"
        }
    },
    {
        "model": "auth.permission",
        "pk": 36,
        "fields": {
            "name": "Can view user profile",
            "content_type": 9,
            "codename": "view_userprofile"
        }
    },
    {
        "model": "auth.permission",
        "pk": 37,
        "fields": {
            "name": "Can add application settings",
            "content_type": 10,
            "codename": "add_applicationsettings"
        }
    },
    {
        "model": "auth.permission",
        "pk": 38,
        "fields": {
            "name": "Can change application settings",
            "content_type": 10,
            "codename": "change_applicationsettings"
        }
    },
    {
        "model": "auth.permission",
        "pk": 39,
        "fields": {
            "name": "Can delete application settings",
            "content_type": 10,
            "codename": "delete_applicationsettings"
        }
    },
    {
        "model": "auth.permission",
        "pk": 40,
        "fields": {
            "name": "Can view application settings",
            "content_type": 10,
            "codename": "view_applicationsettings"
        }
    },
    {
        "model": "auth.permission",
        "pk": 41,
        "fields": {
            "name": "Can add student",
            "content_type": 11,
            "codename": "add_student"
        }
    },
    {
        "model": "auth.permission",
        "pk": 42,
        "fields": {
            "name": "Can change student",
            "content_type": 11,
            "codename": "change_student"
        }
    },
    {
        "model": "auth.permission",
        "pk": 43,
        "fields": {
            "name": "Can delete student",
            "content_type": 11,
            "codename": "delete_student"
        }
    },
    {
        "model": "auth.permission",
        "pk": 44,
        "fields": {
            "name": "Can view student",
            "content_type": 11,
            "codename": "view_student"
        }
    },
    {
        "model": "auth.permission",
        "pk": 45,
        "fields": {
            "name": "Can add teacher",
            "content_type": 12,
            "codename": "add_teacher"
        }
    },
    {
        "model": "auth.permission",
        "pk": 46,
        "fields": {
            "name": "Can change teacher",
            "content_type": 12,
            "codename": "change_teacher"
        }
    },
    {
        "model": "auth.permission",
        "pk": 47,
        "fields": {
            "name": "Can delete teacher",
            "content_type": 12,
            "codename": "delete_teacher"
        }
    },
    {
        "model": "auth.permission",
        "pk": 48,
        "fields": {
            "name": "Can view teacher",
            "content_type": 12,
            "codename": "view_teacher"
        }
    },
    {
        "model": "auth.permission",
        "pk": 49,
        "fields": {
            "name": "Can add department",
            "content_type": 13,
            "codename": "add_department"
        }
    },
    {
        "model": "auth.permission",
        "pk": 50,
        "fields": {
            "name": "Can change department",
            "content_type": 13,
            "codename": "change_department"
        }
    },
    {
        "model": "auth.permission",
        "pk": 51,
        "fields": {
            "name": "Can delete department",
            "content_type": 13,
            "codename": "delete_department"
        }
    },
    {
        "model": "auth.permission",
        "pk": 52,
        "fields": {
            "name": "Can view department",
            "content_type": 13,
            "codename": "view_department"
        }
    },
    {
        "model": "auth.permission",
        "pk": 53,
        "fields": {
            "name": "Can add Subject",
            "content_type": 14,
            "codename": "add_subject"
        }
    },
    {
        "model": "auth.permission",
        "pk": 54,
        "fields": {
            "name": "Can change Subject",
            "content_type": 14,
            "codename": "change_subject"
        }
    },
    {
        "model": "auth.permission",
        "pk": 55,
        "fields": {
            "name": "Can delete Subject",
            "content_type": 14,
            "codename": "delete_subject"
        }
    },
    {
        "model": "auth.permission",
        "pk": 56,
        "fields": {
            "name": "Can view Subject",
            "content_type": 14,
            "codename": "view_subject"
        }
    },
    {
        "model": "auth.permission",
        "pk": 57,
        "fields": {
            "name": "Can add Subject Registration",
            "content_type": 15,
            "codename": "add_subjectregistration"
        }
    },
    {
        "model": "auth.permission",
        "pk": 58,
        "fields": {
            "name": "Can change Subject Registration",
            "content_type": 15,
            "codename": "change_subjectregistration"
        }
    },
    {
        "model": "auth.permission",
        "pk": 59,
        "fields": {
            "name": "Can delete Subject Registration",
            "content_type": 15,
            "codename": "delete_subjectregistration"
        }
    },
    {
        "model": "auth.permission",
        "pk": 60,
        "fields": {
            "name": "Can view Subject Registration",
            "content_type": 15,
            "codename": "view_subjectregistration"
        }
    },
    {
        "model": "auth.permission",
        "pk": 61,
        "fields": {
            "name": "Can add assignment",
            "content_type": 16,
            "codename": "add_assignment"
        }
    },
    {
        "model": "auth.permission",
        "pk": 62,
        "fields": {
            "name": "Can change assignment",
            "content_type": 16,
            "codename": "change_assignment"
        }
    },
    {
        "model": "auth.permission",
        "pk": 63,
        "fields": {
            "name": "Can delete assignment",
            "content_type": 16,
            "codename": "delete_assignment"
        }
    },
    {
        "model": "auth.permission",
        "pk": 64,
        "fields": {
            "name": "Can view assignment",
            "content_type": 16,
            "codename": "view_assignment"
        }
    },
    {
        "model": "auth.permission",
        "pk": 65,
        "fields": {
            "name": "Can add Assignment File",
            "content_type": 17,
            "codename": "add_assignmentfile"
        }
    },
    {
        "model": "auth.permission",
        "pk": 66,
        "fields": {
            "name": "Can change Assignment File",
            "content_type": 17,
            "codename": "change_assignmentfile"
        }
    },
    {
        "model": "auth.permission",
        "pk": 67,
        "fields": {
            "name": "Can delete Assignment File",
            "content_type": 17,
            "codename": "delete_assignmentfile"
        }
    },
    {
        "model": "auth.permission",
        "pk": 68,
        "fields": {
            "name": "Can view Assignment File",
            "content_type": 17,
            "codename": "view_assignmentfile"
        }
    },
    {
        "model": "auth.permission",
        "pk": 69,
        "fields": {
            "name": "Can add Text Assignment Question",
            "content_type": 18,
            "codename": "add_textassigemntquestion"
        }
    },
    {
        "model": "auth.permission",
        "pk": 70,
        "fields": {
            "name": "Can change Text Assignment Question",
            "content_type": 18,
            "codename": "change_textassigemntquestion"
        }
    },
    {
        "model": "auth.permission",
        "pk": 71,
        "fields": {
            "name": "Can delete Text Assignment Question",
            "content_type": 18,
            "codename": "delete_textassigemntquestion"
        }
    },
    {
        "model": "auth.permission",
        "pk": 72,
        "fields": {
            "name": "Can view Text Assignment Question",
            "content_type": 18,
            "codename": "view_textassigemntquestion"
        }
    },
    {
        "model": "auth.permission",
        "pk": 73,
        "fields": {
            "name": "Can add Text Question Answer",
            "content_type": 19,
            "codename": "add_textquestionanswer"
        }
    },
    {
        "model": "auth.permission",
        "pk": 74,
        "fields": {
            "name": "Can change Text Question Answer",
            "content_type": 19,
            "codename": "change_textquestionanswer"
        }
    },
    {
        "model": "auth.permission",
        "pk": 75,
        "fields": {
            "name": "Can delete Text Question Answer",
            "content_type": 19,
            "codename": "delete_textquestionanswer"
        }
    },
    {
        "model": "auth.permission",
        "pk": 76,
        "fields": {
            "name": "Can view Text Question Answer",
            "content_type": 19,
            "codename": "view_textquestionanswer"
        }
    },
    {
        "model": "auth.permission",
        "pk": 77,
        "fields": {
            "name": "Can add Text Submission",
            "content_type": 20,
            "codename": "add_textsubmission"
        }
    },
    {
        "model": "auth.permission",
        "pk": 78,
        "fields": {
            "name": "Can change Text Submission",
            "content_type": 20,
            "codename": "change_textsubmission"
        }
    },
    {
        "model": "auth.permission",
        "pk": 79,
        "fields": {
            "name": "Can delete Text Submission",
            "content_type": 20,
            "codename": "delete_textsubmission"
        }
    },
    {
        "model": "auth.permission",
        "pk": 80,
        "fields": {
            "name": "Can view Text Submission",
            "content_type": 20,
            "codename": "view_textsubmission"
        }
    },
    {
        "model": "auth.permission",
        "pk": 81,
        "fields": {
            "name": "Can add File Submission",
            "content_type": 21,
            "codename": "add_filesubmission"
        }
    },
    {
        "model": "auth.permission",
        "pk": 82,
        "fields": {
            "name": "Can change File Submission",
            "content_type": 21,
            "codename": "change_filesubmission"
        }
    },
    {
        "model": "auth.permission",
        "pk": 83,
        "fields": {
            "name": "Can delete File Submission",
            "content_type": 21,
            "codename": "delete_filesubmission"
        }
    },
    {
        "model": "auth.permission",
        "pk": 84,
        "fields": {
            "name": "Can view File Submission",
            "content_type": 21,
            "codename": "view_filesubmission"
        }
    },
    {
        "model": "auth.permission",
        "pk": 85,
        "fields": {
            "name": "Can add Course Material",
            "content_type": 22,
            "codename": "add_coursemateriales"
        }
    },
    {
        "model": "auth.permission",
        "pk": 86,
        "fields": {
            "name": "Can change Course Material",
            "content_type": 22,
            "codename": "change_coursemateriales"
        }
    },
    {
        "model": "auth.permission",
        "pk": 87,
        "fields": {
            "name": "Can delete Course Material",
            "content_type": 22,
            "codename": "delete_coursemateriales"
        }
    },
    {
        "model": "auth.permission",
        "pk": 88,
        "fields": {
            "name": "Can view Course Material",
            "content_type": 22,
            "codename": "view_coursemateriales"
        }
    },
    {
        "model": "auth.permission",
        "pk": 89,
        "fields": {
            "name": "Can add Announcement File",
            "content_type": 23,
            "codename": "add_announcementfile"
        }
    },
    {
        "model": "auth.permission",
        "pk": 90,
        "fields": {
            "name": "Can change Announcement File",
            "content_type": 23,
            "codename": "change_announcementfile"
        }
    },
    {
        "model": "auth.permission",
        "pk": 91,
        "fields": {
            "name": "Can delete Announcement File",
            "content_type": 23,
            "codename": "delete_announcementfile"
        }
    },
    {
        "model": "auth.permission",
        "pk": 92,
        "fields": {
            "name": "Can view Announcement File",
            "content_type": 23,
            "codename": "view_announcementfile"
        }
    },
    {
        "model": "auth.permission",
        "pk": 93,
        "fields": {
            "name": "Can add Announcement",
            "content_type": 24,
            "codename": "add_announcement"
        }
    },
    {
        "model": "auth.permission",
        "pk": 94,
        "fields": {
            "name": "Can change Announcement",
            "content_type": 24,
            "codename": "change_announcement"
        }
    },
    {
        "model": "auth.permission",
        "pk": 95,
        "fields": {
            "name": "Can delete Announcement",
            "content_type": 24,
            "codename": "delete_announcement"
        }
    },
    {
        "model": "auth.permission",
        "pk": 96,
        "fields": {
            "name": "Can view Announcement",
            "content_type": 24,
            "codename": "view_announcement"
        }
    },
    {
        "model": "auth.permission",
        "pk": 97,
        "fields": {
            "name": "Can add Syllabus Item",
            "content_type": 25,
            "codename": "add_syllabusitem"
        }
    },
    {
        "model": "auth.permission",
        "pk": 98,
        "fields": {
            "name": "Can change Syllabus Item",
            "content_type": 25,
            "codename": "change_syllabusitem"
        }
    },
    {
        "model": "auth.permission",
        "pk": 99,
        "fields": {
            "name": "Can delete Syllabus Item",
            "content_type": 25,
            "codename": "delete_syllabusitem"
        }
    },
    {
        "model": "auth.permission",
        "pk": 100,
        "fields": {
            "name": "Can view Syllabus Item",
            "content_type": 25,
            "codename": "view_syllabusitem"
        }
    },
    {
        "model": "auth.permission",
        "pk": 101,
        "fields": {
            "name": "Can add Syllabus",
            "content_type": 26,
            "codename": "add_syllabus"
        }
    },
    {
        "model": "auth.permission",
        "pk": 102,
        "fields": {
            "name": "Can change Syllabus",
            "content_type": 26,
            "codename": "change_syllabus"
        }
    },
    {
        "model": "auth.permission",
        "pk": 103,
        "fields": {
            "name": "Can delete Syllabus",
            "content_type": 26,
            "codename": "delete_syllabus"
        }
    },
    {
        "model": "auth.permission",
        "pk": 104,
        "fields": {
            "name": "Can view Syllabus",
            "content_type": 26,
            "codename": "view_syllabus"
        }
    },
    {
        "model": "auth.permission",
        "pk": 105,
        "fields": {
            "name": "Can add attendance",
            "content_type": 27,
            "codename": "add_attendance"
        }
    },
    {
        "model": "auth.permission",
        "pk": 106,
        "fields": {
            "name": "Can change attendance",
            "content_type": 27,
            "codename": "change_attendance"
        }
    },
    {
        "model": "auth.permission",
        "pk": 107,
        "fields": {
            "name": "Can delete attendance",
            "content_type": 27,
            "codename": "delete_attendance"
        }
    },
    {
        "model": "auth.permission",
        "pk": 108,
        "fields": {
            "name": "Can view attendance",
            "content_type": 27,
            "codename": "view_attendance"
        }
    },
    {
        "model": "auth.permission",
        "pk": 109,
        "fields": {
            "name": "Can add student attended",
            "content_type": 28,
            "codename": "add_studentattended"
        }
    },
    {
        "model": "auth.permission",
        "pk": 110,
        "fields": {
            "name": "Can change student attended",
            "content_type": 28,
            "codename": "change_studentattended"
        }
    },
    {
        "model": "auth.permission",
        "pk": 111,
        "fields": {
            "name": "Can delete student attended",
            "content_type": 28,
            "codename": "delete_studentattended"
        }
    },
    {
        "model": "auth.permission",
        "pk": 112,
        "fields": {
            "name": "Can view student attended",
            "content_type": 28,
            "codename": "view_studentattended"
        }
    },
    {
        "model": "auth.permission",
        "pk": 113,
        "fields": {
            "name": "Can add calendar event",
            "content_type": 29,
            "codename": "add_calendarevent"
        }
    },
    {
        "model": "auth.permission",
        "pk": 114,
        "fields": {
            "name": "Can change calendar event",
            "content_type": 29,
            "codename": "change_calendarevent"
        }
    },
    {
        "model": "auth.permission",
        "pk": 115,
        "fields": {
            "name": "Can delete calendar event",
            "content_type": 29,
            "codename": "delete_calendarevent"
        }
    },
    {
        "model": "auth.permission",
        "pk": 116,
        "fields": {
            "name": "Can view calendar event",
            "content_type": 29,
            "codename": "view_calendarevent"
        }
    },
    {
        "model": "auth.permission",
        "pk": 117,
        "fields": {
            "name": "Can add Note",
            "content_type": 30,
            "codename": "add_notes"
        }
    },
    {
        "model": "auth.permission",
        "pk": 118,
        "fields": {
            "name": "Can change Note",
            "content_type": 30,
            "codename": "change_notes"
        }
    },
    {
        "model": "auth.permission",
        "pk": 119,
        "fields": {
            "name": "Can delete Note",
            "content_type": 30,
            "codename": "delete_notes"
        }
    },
    {
        "model": "auth.permission",
        "pk": 120,
        "fields": {
            "name": "Can view Note",
            "content_type": 30,
            "codename": "view_notes"
        }
    },
    {
        "model": "auth.permission",
        "pk": 121,
        "fields": {
            "name": "Can add Notification",
            "content_type": 31,
            "codename": "add_notification"
        }
    },
    {
        "model": "auth.permission",
        "pk": 122,
        "fields": {
            "name": "Can change Notification",
            "content_type": 31,
            "codename": "change_notification"
        }
    },
    {
        "model": "auth.permission",
        "pk": 123,
        "fields": {
            "name": "Can delete Notification",
            "content_type": 31,
            "codename": "delete_notification"
        }
    },
    {
        "model": "auth.permission",
        "pk": 124,
        "fields": {
            "name": "Can view Notification",
            "content_type": 31,
            "codename": "view_notification"
        }
    },
    {
        "model": "auth.permission",
        "pk": 125,
        "fields": {
            "name": "Can add User Notification",
            "content_type": 32,
            "codename": "add_usernotification"
        }
    },
    {
        "model": "auth.permission",
        "pk": 126,
        "fields": {
            "name": "Can change User Notification",
            "content_type": 32,
            "codename": "change_usernotification"
        }
    },
    {
        "model": "auth.permission",
        "pk": 127,
        "fields": {
            "name": "Can delete User Notification",
            "content_type": 32,
            "codename": "delete_usernotification"
        }
    },
    {
        "model": "auth.permission",
        "pk": 128,
        "fields": {
            "name": "Can view User Notification",
            "content_type": 32,
            "codename": "view_usernotification"
        }
    },
    {
        "model": "auth.permission",
        "pk": 129,
        "fields": {
            "name": "Can add group",
            "content_type": 33,
            "codename": "add_group"
        }
    },
    {
        "model": "auth.permission",
        "pk": 130,
        "fields": {
            "name": "Can change group",
            "content_type": 33,
            "codename": "change_group"
        }
    },
    {
        "model": "auth.permission",
        "pk": 131,
        "fields": {
            "name": "Can delete group",
            "content_type": 33,
            "codename": "delete_group"
        }
    },
    {
        "model": "auth.permission",
        "pk": 132,
        "fields": {
            "name": "Can view group",
            "content_type": 33,
            "codename": "view_group"
        }
    },
    {
        "model": "auth.permission",
        "pk": 133,
        "fields": {
            "name": "Can add message",
            "content_type": 34,
            "codename": "add_message"
        }
    },
    {
        "model": "auth.permission",
        "pk": 134,
        "fields": {
            "name": "Can change message",
            "content_type": 34,
            "codename": "change_message"
        }
    },
    {
        "model": "auth.permission",
        "pk": 135,
        "fields": {
            "name": "Can delete message",
            "content_type": 34,
            "codename": "delete_message"
        }
    },
    {
        "model": "auth.permission",
        "pk": 136,
        "fields": {
            "name": "Can view message",
            "content_type": 34,
            "codename": "view_message"
        }
    },
    {
        "model": "auth.permission",
        "pk": 137,
        "fields": {
            "name": "Can add group message",
            "content_type": 35,
            "codename": "add_groupmessage"
        }
    },
    {
        "model": "auth.permission",
        "pk": 138,
        "fields": {
            "name": "Can change group message",
            "content_type": 35,
            "codename": "change_groupmessage"
        }
    },
    {
        "model": "auth.permission",
        "pk": 139,
        "fields": {
            "name": "Can delete group message",
            "content_type": 35,
            "codename": "delete_groupmessage"
        }
    },
    {
        "model": "auth.permission",
        "pk": 140,
        "fields": {
            "name": "Can view group message",
            "content_type": 35,
            "codename": "view_groupmessage"
        }
    },
    {
        "model": "auth.permission",
        "pk": 141,
        "fields": {
            "name": "Can add Note Tag",
            "content_type": 36,
            "codename": "add_notetag"
        }
    },
    {
        "model": "auth.permission",
        "pk": 142,
        "fields": {
            "name": "Can change Note Tag",
            "content_type": 36,
            "codename": "change_notetag"
        }
    },
    {
        "model": "auth.permission",
        "pk": 143,
        "fields": {
            "name": "Can delete Note Tag",
            "content_type": 36,
            "codename": "delete_notetag"
        }
    },
    {
        "model": "auth.permission",
        "pk": 144,
        "fields": {
            "name": "Can view Note Tag",
            "content_type": 36,
            "codename": "view_notetag"
        }
    },
    {
        "model": "token_blacklist.outstandingtoken",
        "pk": 1,
        "fields": {
            "user": 1,
            "jti": "8694aed9bce5465db45ad15b176bfc83",
            "token": "eyJhbGciOiJIUzI1NiIsInR5cCI6IkpXVCJ9.eyJ0b2tlbl90eXBlIjoicmVmcmVzaCIsImV4cCI6MTcyNzkzNjc1NSwiaWF0IjoxNzI3ODUwMzU1LCJqdGkiOiI4Njk0YWVkOWJjZTU0NjVkYjQ1YWQxNWIxNzZiZmM4MyIsInVzZXJfaWQiOjF9.cwhzQFWCmSnt5fBJShqNpOQnbH86-FfD4Qd3HnYnPHM",
            "created_at": "2024-10-02T06:25:55.671Z",
            "expires_at": "2024-10-03T06:25:55Z"
        }
    },
    {
        "model": "token_blacklist.outstandingtoken",
        "pk": 2,
        "fields": {
            "user": 3,
            "jti": "6b57ed7f6a544502b085e641c305821c",
            "token": "eyJhbGciOiJIUzI1NiIsInR5cCI6IkpXVCJ9.eyJ0b2tlbl90eXBlIjoicmVmcmVzaCIsImV4cCI6MTcyNzkzNjkwMSwiaWF0IjoxNzI3ODUwNTAxLCJqdGkiOiI2YjU3ZWQ3ZjZhNTQ0NTAyYjA4NWU2NDFjMzA1ODIxYyIsInVzZXJfaWQiOjN9.cHAwsX-Iv1TKB28zXGTIX5h2aforM552wEvta7mw37c",
            "created_at": "2024-10-02T06:28:21.197Z",
            "expires_at": "2024-10-03T06:28:21Z"
        }
    },
    {
        "model": "token_blacklist.outstandingtoken",
        "pk": 3,
        "fields": {
            "user": 1,
            "jti": "070cb91b879d454a8f22da682015d5b8",
            "token": "eyJhbGciOiJIUzI1NiIsInR5cCI6IkpXVCJ9.eyJ0b2tlbl90eXBlIjoicmVmcmVzaCIsImV4cCI6MTcyNzkzNjk3OSwiaWF0IjoxNzI3ODUwNTc5LCJqdGkiOiIwNzBjYjkxYjg3OWQ0NTRhOGYyMmRhNjgyMDE1ZDViOCIsInVzZXJfaWQiOjF9.cvQqrDtdg9htP5jEu8jz2pb6Fweb--CVcMJkZ6fP9cs",
            "created_at": "2024-10-02T06:29:39.030Z",
            "expires_at": "2024-10-03T06:29:39Z"
        }
    },
    {
        "model": "token_blacklist.outstandingtoken",
        "pk": 4,
        "fields": {
            "user": 3,
            "jti": "c2506814ea9b473d9b385397ffe203db",
            "token": "eyJhbGciOiJIUzI1NiIsInR5cCI6IkpXVCJ9.eyJ0b2tlbl90eXBlIjoicmVmcmVzaCIsImV4cCI6MTcyNzkzNzMyOSwiaWF0IjoxNzI3ODUwOTI5LCJqdGkiOiJjMjUwNjgxNGVhOWI0NzNkOWIzODUzOTdmZmUyMDNkYiIsInVzZXJfaWQiOjN9.LxHZycOnUgQ5EVSlD5doswDOSwHP7rV33Jt4g3uGKrk",
            "created_at": "2024-10-02T06:35:29.325Z",
            "expires_at": "2024-10-03T06:35:29Z"
        }
    },
    {
        "model": "token_blacklist.outstandingtoken",
        "pk": 5,
        "fields": {
            "user": 3,
            "jti": "5c8ce4b325a048c39b6c9cde6fea7b31",
            "token": "eyJhbGciOiJIUzI1NiIsInR5cCI6IkpXVCJ9.eyJ0b2tlbl90eXBlIjoicmVmcmVzaCIsImV4cCI6MTcyNzk0MjY3MywiaWF0IjoxNzI3ODU2MjczLCJqdGkiOiI1YzhjZTRiMzI1YTA0OGMzOWI2YzljZGU2ZmVhN2IzMSIsInVzZXJfaWQiOjN9.ITEYtRO9GiAtf25t8Ilw3yEbf4QreAnX1ugXeruzHyM",
            "created_at": "2024-10-02T08:04:33.257Z",
            "expires_at": "2024-10-03T08:04:33Z"
        }
    },
    {
        "model": "token_blacklist.outstandingtoken",
        "pk": 6,
        "fields": {
            "user": 3,
            "jti": "b875927fd53340ca830fa3aba829f0d7",
            "token": "eyJhbGciOiJIUzI1NiIsInR5cCI6IkpXVCJ9.eyJ0b2tlbl90eXBlIjoicmVmcmVzaCIsImV4cCI6MTcyNzk1NDYwMywiaWF0IjoxNzI3ODY4MjAzLCJqdGkiOiJiODc1OTI3ZmQ1MzM0MGNhODMwZmEzYWJhODI5ZjBkNyIsInVzZXJfaWQiOjN9.koJmeTBtmz1pJV2qXfm5p8okCUjFChiGmW6UwOIhdcM",
            "created_at": "2024-10-02T11:23:23.144Z",
            "expires_at": "2024-10-03T11:23:23Z"
        }
    },
    {
        "model": "token_blacklist.outstandingtoken",
        "pk": 7,
        "fields": {
            "user": 3,
            "jti": "a7eb272e1fe943febc0c87d1d5bc3619",
            "token": "eyJhbGciOiJIUzI1NiIsInR5cCI6IkpXVCJ9.eyJ0b2tlbl90eXBlIjoicmVmcmVzaCIsImV4cCI6MTcyNzk1ODMxNywiaWF0IjoxNzI3ODcxOTE3LCJqdGkiOiJhN2ViMjcyZTFmZTk0M2ZlYmMwYzg3ZDFkNWJjMzYxOSIsInVzZXJfaWQiOjN9.qBjKRhD1996rboHx0SKbYg_Ng5KqS5AbMerpk3d5uIY",
            "created_at": "2024-10-02T12:25:17.247Z",
            "expires_at": "2024-10-03T12:25:17Z"
        }
    },
    {
        "model": "token_blacklist.outstandingtoken",
        "pk": 8,
        "fields": {
            "user": 3,
            "jti": "85a4adadd7a3461a9f7c0a6bb358389d",
            "token": "eyJhbGciOiJIUzI1NiIsInR5cCI6IkpXVCJ9.eyJ0b2tlbl90eXBlIjoicmVmcmVzaCIsImV4cCI6MTcyODAxMDU2MiwiaWF0IjoxNzI3OTI0MTYyLCJqdGkiOiI4NWE0YWRhZGQ3YTM0NjFhOWY3YzBhNmJiMzU4Mzg5ZCIsInVzZXJfaWQiOjN9.6QAOlO7mctk4pYPVBkJcZyaNS4Vq8rnR4K0DiOpE4_M",
            "created_at": "2024-10-03T02:56:02.292Z",
            "expires_at": "2024-10-04T02:56:02Z"
        }
    },
    {
        "model": "token_blacklist.outstandingtoken",
        "pk": 9,
        "fields": {
            "user": 3,
            "jti": "ca08779e95564ddfa7f5827d07c57334",
            "token": "eyJhbGciOiJIUzI1NiIsInR5cCI6IkpXVCJ9.eyJ0b2tlbl90eXBlIjoicmVmcmVzaCIsImV4cCI6MTcyODAxNDY1NiwiaWF0IjoxNzI3OTI4MjU2LCJqdGkiOiJjYTA4Nzc5ZTk1NTY0ZGRmYTdmNTgyN2QwN2M1NzMzNCIsInVzZXJfaWQiOjN9.Uqka-WeVG0b1ESsgsoFswjnsGm_VDEquFCCulklZGsE",
            "created_at": "2024-10-03T04:04:16.829Z",
            "expires_at": "2024-10-04T04:04:16Z"
        }
    },
    {
        "model": "token_blacklist.outstandingtoken",
        "pk": 10,
        "fields": {
            "user": 3,
            "jti": "a7511dfdd4754f58bf1d487844b55b68",
            "token": "eyJhbGciOiJIUzI1NiIsInR5cCI6IkpXVCJ9.eyJ0b2tlbl90eXBlIjoicmVmcmVzaCIsImV4cCI6MTcyODAxODgzNSwiaWF0IjoxNzI3OTMyNDM1LCJqdGkiOiJhNzUxMWRmZGQ0NzU0ZjU4YmYxZDQ4Nzg0NGI1NWI2OCIsInVzZXJfaWQiOjN9.5cVFV5SIB_CiALA05xUQ1XruGIHvtgPVhnYVtKrb70A",
            "created_at": "2024-10-03T05:13:55.164Z",
            "expires_at": "2024-10-04T05:13:55Z"
        }
    },
    {
        "model": "token_blacklist.outstandingtoken",
        "pk": 11,
        "fields": {
            "user": 3,
            "jti": "2b2d8cc6469d4c55951ce6ce91dfc2d2",
            "token": "eyJhbGciOiJIUzI1NiIsInR5cCI6IkpXVCJ9.eyJ0b2tlbl90eXBlIjoicmVmcmVzaCIsImV4cCI6MTcyODAzMjI1MSwiaWF0IjoxNzI3OTQ1ODUxLCJqdGkiOiIyYjJkOGNjNjQ2OWQ0YzU1OTUxY2U2Y2U5MWRmYzJkMiIsInVzZXJfaWQiOjN9.B8YKoB01V4lhM-KFNKAEMW22Q4S585MCw5YjfK7-LO4",
            "created_at": "2024-10-03T08:57:31.346Z",
            "expires_at": "2024-10-04T08:57:31Z"
        }
    },
    {
        "model": "token_blacklist.outstandingtoken",
        "pk": 12,
        "fields": {
            "user": 3,
            "jti": "5a36fcc8065d4cbfa881340840c6f709",
            "token": "eyJhbGciOiJIUzI1NiIsInR5cCI6IkpXVCJ9.eyJ0b2tlbl90eXBlIjoicmVmcmVzaCIsImV4cCI6MTcyODAzODMwMiwiaWF0IjoxNzI3OTUxOTAyLCJqdGkiOiI1YTM2ZmNjODA2NWQ0Y2JmYTg4MTM0MDg0MGM2ZjcwOSIsInVzZXJfaWQiOjN9.Vy5awCmrK52FJ0uwUgVtZxWFIzYZUI2sEXwnlFF74w8",
            "created_at": "2024-10-03T10:38:22.330Z",
            "expires_at": "2024-10-04T10:38:22Z"
        }
    },
    {
        "model": "token_blacklist.outstandingtoken",
        "pk": 13,
        "fields": {
            "user": 3,
            "jti": "1741e47a90094a599ed9421541a3e066",
            "token": "eyJhbGciOiJIUzI1NiIsInR5cCI6IkpXVCJ9.eyJ0b2tlbl90eXBlIjoicmVmcmVzaCIsImV4cCI6MTcyODA0MzU1MSwiaWF0IjoxNzI3OTU3MTUxLCJqdGkiOiIxNzQxZTQ3YTkwMDk0YTU5OWVkOTQyMTU0MWEzZTA2NiIsInVzZXJfaWQiOjN9.p7MG6250Gd3PdfJgb0OqlqBHFLEgPrlk6j4u01zXyT8",
            "created_at": "2024-10-03T12:05:51.874Z",
            "expires_at": "2024-10-04T12:05:51Z"
        }
    },
    {
        "model": "token_blacklist.outstandingtoken",
        "pk": 14,
        "fields": {
            "user": 3,
            "jti": "048450b53a7f428f88052411e60f1716",
            "token": "eyJhbGciOiJIUzI1NiIsInR5cCI6IkpXVCJ9.eyJ0b2tlbl90eXBlIjoicmVmcmVzaCIsImV4cCI6MTcyODExMjM3NCwiaWF0IjoxNzI4MDI1OTc0LCJqdGkiOiIwNDg0NTBiNTNhN2Y0MjhmODgwNTI0MTFlNjBmMTcxNiIsInVzZXJfaWQiOjN9.N3Lv_7BHQtDfm3Vad7gTwYsCSsmA6wZggXLAT_fZhYU",
            "created_at": "2024-10-04T07:12:54.452Z",
            "expires_at": "2024-10-05T07:12:54Z"
        }
    },
    {
        "model": "token_blacklist.outstandingtoken",
        "pk": 15,
        "fields": {
            "user": 3,
            "jti": "4810d006b6b64a7080b621a452d2f270",
            "token": "eyJhbGciOiJIUzI1NiIsInR5cCI6IkpXVCJ9.eyJ0b2tlbl90eXBlIjoicmVmcmVzaCIsImV4cCI6MTcyODExMjg0OSwiaWF0IjoxNzI4MDI2NDQ5LCJqdGkiOiI0ODEwZDAwNmI2YjY0YTcwODBiNjIxYTQ1MmQyZjI3MCIsInVzZXJfaWQiOjN9.tS_283m4wkcOfORDJ1KcW3PYkNy3vVOWZYMlq1ibbgY",
            "created_at": "2024-10-04T07:20:49.767Z",
            "expires_at": "2024-10-05T07:20:49Z"
        }
    },
    {
        "model": "token_blacklist.outstandingtoken",
        "pk": 16,
        "fields": {
            "user": 2,
            "jti": "9c1e372c7d6342e085bfcc8f95f493be",
            "token": "eyJhbGciOiJIUzI1NiIsInR5cCI6IkpXVCJ9.eyJ0b2tlbl90eXBlIjoicmVmcmVzaCIsImV4cCI6MTcyODExNTUzOCwiaWF0IjoxNzI4MDI5MTM4LCJqdGkiOiI5YzFlMzcyYzdkNjM0MmUwODViZmNjOGY5NWY0OTNiZSIsInVzZXJfaWQiOjJ9.5m8PFhs2W3XhgZfjrCfHHVMDEKsdV-g0dqK5drPW1BM",
            "created_at": "2024-10-04T08:05:38.959Z",
            "expires_at": "2024-10-05T08:05:38Z"
        }
    },
    {
        "model": "token_blacklist.outstandingtoken",
        "pk": 17,
        "fields": {
            "user": 3,
            "jti": "61cacf90e4994409be1eb1cea5c6511e",
            "token": "eyJhbGciOiJIUzI1NiIsInR5cCI6IkpXVCJ9.eyJ0b2tlbl90eXBlIjoicmVmcmVzaCIsImV4cCI6MTcyODExNTcyMCwiaWF0IjoxNzI4MDI5MzIwLCJqdGkiOiI2MWNhY2Y5MGU0OTk0NDA5YmUxZWIxY2VhNWM2NTExZSIsInVzZXJfaWQiOjN9.ovm4APFnpLCm4D34qtQS8b9bPWb-ty56vMTAgqqz8_k",
            "created_at": "2024-10-04T08:08:40.476Z",
            "expires_at": "2024-10-05T08:08:40Z"
        }
    },
    {
        "model": "token_blacklist.outstandingtoken",
        "pk": 18,
        "fields": {
            "user": 1,
            "jti": "b4b61aa82bd74b209efb38099b0b27b5",
            "token": "eyJhbGciOiJIUzI1NiIsInR5cCI6IkpXVCJ9.eyJ0b2tlbl90eXBlIjoicmVmcmVzaCIsImV4cCI6MTcyODExNzg3NiwiaWF0IjoxNzI4MDMxNDc2LCJqdGkiOiJiNGI2MWFhODJiZDc0YjIwOWVmYjM4MDk5YjBiMjdiNSIsInVzZXJfaWQiOjF9.qWqZ58NWb76z8qGNQzN2S-7B8w--V3_cOCl5oeH6SGQ",
            "created_at": "2024-10-04T08:44:36.351Z",
            "expires_at": "2024-10-05T08:44:36Z"
        }
    },
    {
        "model": "token_blacklist.outstandingtoken",
        "pk": 19,
        "fields": {
            "user": 1,
            "jti": "d16c18ef83a841e597df99709d5f3b9d",
            "token": "eyJhbGciOiJIUzI1NiIsInR5cCI6IkpXVCJ9.eyJ0b2tlbl90eXBlIjoicmVmcmVzaCIsImV4cCI6MTcyODEzNTA5NSwiaWF0IjoxNzI4MDQ4Njk1LCJqdGkiOiJkMTZjMThlZjgzYTg0MWU1OTdkZjk5NzA5ZDVmM2I5ZCIsInVzZXJfaWQiOjF9.jpKlRGRwiprQK3yA9V4Fu-hn1n-oAutrUSRq1dVPz-o",
            "created_at": "2024-10-04T13:31:35.076Z",
            "expires_at": "2024-10-05T13:31:35Z"
        }
    },
    {
        "model": "token_blacklist.outstandingtoken",
        "pk": 20,
        "fields": {
            "user": 3,
            "jti": "3dd6940c1ec346a19d60c628d8f40ac9",
            "token": "eyJhbGciOiJIUzI1NiIsInR5cCI6IkpXVCJ9.eyJ0b2tlbl90eXBlIjoicmVmcmVzaCIsImV4cCI6MTcyODE3ODcwNiwiaWF0IjoxNzI4MDkyMzA2LCJqdGkiOiIzZGQ2OTQwYzFlYzM0NmExOWQ2MGM2MjhkOGY0MGFjOSIsInVzZXJfaWQiOjN9.5Oey_zVdMPn7S38s-GPmOBKKICID6gpMbujWUPKehtQ",
            "created_at": "2024-10-05T01:38:26.242Z",
            "expires_at": "2024-10-06T01:38:26Z"
        }
    },
    {
        "model": "token_blacklist.outstandingtoken",
        "pk": 21,
        "fields": {
            "user": 1,
            "jti": "a46b0ab7e04f448b92de51181a852aec",
            "token": "eyJhbGciOiJIUzI1NiIsInR5cCI6IkpXVCJ9.eyJ0b2tlbl90eXBlIjoicmVmcmVzaCIsImV4cCI6MTcyODE3OTc4NSwiaWF0IjoxNzI4MDkzMzg1LCJqdGkiOiJhNDZiMGFiN2UwNGY0NDhiOTJkZTUxMTgxYTg1MmFlYyIsInVzZXJfaWQiOjF9.cbMxRYEyjQt4v-IEZDj-B5Wowqfn6YGJb7odeN2-DUs",
            "created_at": "2024-10-05T01:56:25.273Z",
            "expires_at": "2024-10-06T01:56:25Z"
        }
    },
    {
        "model": "token_blacklist.outstandingtoken",
        "pk": 22,
        "fields": {
            "user": 2,
            "jti": "c4cf9083ccd7413ea72a04d49fd7f1da",
            "token": "eyJhbGciOiJIUzI1NiIsInR5cCI6IkpXVCJ9.eyJ0b2tlbl90eXBlIjoicmVmcmVzaCIsImV4cCI6MTcyODE3OTgzNSwiaWF0IjoxNzI4MDkzNDM1LCJqdGkiOiJjNGNmOTA4M2NjZDc0MTNlYTcyYTA0ZDQ5ZmQ3ZjFkYSIsInVzZXJfaWQiOjJ9.oOmmhTlORiSg7u69mFhbsRhr5lbUOrV2Xee4BF7Ox4o",
            "created_at": "2024-10-05T01:57:15.242Z",
            "expires_at": "2024-10-06T01:57:15Z"
        }
    },
    {
        "model": "token_blacklist.outstandingtoken",
        "pk": 23,
        "fields": {
            "user": 3,
            "jti": "ab3436c7cf96434cad2a641ee595b2f9",
            "token": "eyJhbGciOiJIUzI1NiIsInR5cCI6IkpXVCJ9.eyJ0b2tlbl90eXBlIjoicmVmcmVzaCIsImV4cCI6MTcyODE4MTA1NCwiaWF0IjoxNzI4MDk0NjU0LCJqdGkiOiJhYjM0MzZjN2NmOTY0MzRjYWQyYTY0MWVlNTk1YjJmOSIsInVzZXJfaWQiOjN9.iceyBYBPZaaYg_AcwdOQ7Uj_AIT6LQewgafOIQqvsV0",
            "created_at": "2024-10-05T02:17:34.938Z",
            "expires_at": "2024-10-06T02:17:34Z"
        }
    },
    {
        "model": "token_blacklist.outstandingtoken",
        "pk": 24,
        "fields": {
            "user": 3,
            "jti": "d4d12d290d0d45fe8865980e5113ee9b",
            "token": "eyJhbGciOiJIUzI1NiIsInR5cCI6IkpXVCJ9.eyJ0b2tlbl90eXBlIjoicmVmcmVzaCIsImV4cCI6MTcyODE4NjQ4MywiaWF0IjoxNzI4MTAwMDgzLCJqdGkiOiJkNGQxMmQyOTBkMGQ0NWZlODg2NTk4MGU1MTEzZWU5YiIsInVzZXJfaWQiOjN9.6ChBiqpSuCaa9va7CY-BvuI-Ed20kzQJiXibBF9WxeM",
            "created_at": "2024-10-05T03:48:03.852Z",
            "expires_at": "2024-10-06T03:48:03Z"
        }
    },
    {
        "model": "token_blacklist.outstandingtoken",
        "pk": 25,
        "fields": {
            "user": 3,
            "jti": "8738d3cc2282486286d1b464ed4a3997",
            "token": "eyJhbGciOiJIUzI1NiIsInR5cCI6IkpXVCJ9.eyJ0b2tlbl90eXBlIjoicmVmcmVzaCIsImV4cCI6MTcyODIwNTMwNywiaWF0IjoxNzI4MTE4OTA3LCJqdGkiOiI4NzM4ZDNjYzIyODI0ODYyODZkMWI0NjRlZDRhMzk5NyIsInVzZXJfaWQiOjN9.cOtmELiSuSO9WjgPKdr_HlOHqGo39Xn6uxIP39gOKvE",
            "created_at": "2024-10-05T09:01:47.758Z",
            "expires_at": "2024-10-06T09:01:47Z"
        }
    },
    {
        "model": "token_blacklist.outstandingtoken",
        "pk": 26,
        "fields": {
            "user": 3,
            "jti": "21b5dce8e7fa4884a5353c1e3ad88469",
            "token": "eyJhbGciOiJIUzI1NiIsInR5cCI6IkpXVCJ9.eyJ0b2tlbl90eXBlIjoicmVmcmVzaCIsImV4cCI6MTcyODIxMTEwOSwiaWF0IjoxNzI4MTI0NzA5LCJqdGkiOiIyMWI1ZGNlOGU3ZmE0ODg0YTUzNTNjMWUzYWQ4ODQ2OSIsInVzZXJfaWQiOjN9.mj1rqorjjh-UtRI1a31XU4fqnsZ-IxmvTAGXNNW5Yfw",
            "created_at": "2024-10-05T10:38:29.717Z",
            "expires_at": "2024-10-06T10:38:29Z"
        }
    },
    {
        "model": "token_blacklist.outstandingtoken",
        "pk": 27,
        "fields": {
            "user": 2,
            "jti": "4af906b3bf3e464499897bca91273878",
            "token": "eyJhbGciOiJIUzI1NiIsInR5cCI6IkpXVCJ9.eyJ0b2tlbl90eXBlIjoicmVmcmVzaCIsImV4cCI6MTcyODIxMTE2MSwiaWF0IjoxNzI4MTI0NzYxLCJqdGkiOiI0YWY5MDZiM2JmM2U0NjQ0OTk4OTdiY2E5MTI3Mzg3OCIsInVzZXJfaWQiOjJ9.0AVzXwh88edpA6oQj9-3pGzoRhGOH6WiqOG_Y2ihb1A",
            "created_at": "2024-10-05T10:39:21.233Z",
            "expires_at": "2024-10-06T10:39:21Z"
        }
    },
    {
        "model": "token_blacklist.outstandingtoken",
        "pk": 28,
        "fields": {
            "user": 3,
            "jti": "77223dbe4b314ec9b935f4e0f4928f10",
            "token": "eyJhbGciOiJIUzI1NiIsInR5cCI6IkpXVCJ9.eyJ0b2tlbl90eXBlIjoicmVmcmVzaCIsImV4cCI6MTcyODIxMTUzMCwiaWF0IjoxNzI4MTI1MTMwLCJqdGkiOiI3NzIyM2RiZTRiMzE0ZWM5YjkzNWY0ZTBmNDkyOGYxMCIsInVzZXJfaWQiOjN9.3AoWenkKkxCYAMi7cjh58PVdRwV3wmaVSSh7p_kwNZQ",
            "created_at": "2024-10-05T10:45:30.011Z",
            "expires_at": "2024-10-06T10:45:30Z"
        }
    },
    {
        "model": "token_blacklist.outstandingtoken",
        "pk": 29,
        "fields": {
            "user": 3,
            "jti": "d42f2688963849d2b76d2c2e9434940d",
            "token": "eyJhbGciOiJIUzI1NiIsInR5cCI6IkpXVCJ9.eyJ0b2tlbl90eXBlIjoicmVmcmVzaCIsImV4cCI6MTcyODIxNTE5MCwiaWF0IjoxNzI4MTI4NzkwLCJqdGkiOiJkNDJmMjY4ODk2Mzg0OWQyYjc2ZDJjMmU5NDM0OTQwZCIsInVzZXJfaWQiOjN9.mHCljNTwor4IaTSSW8uil3E4w3fmqyGaUc1mSmh29cA",
            "created_at": "2024-10-05T11:46:30.275Z",
            "expires_at": "2024-10-06T11:46:30Z"
        }
    },
    {
        "model": "token_blacklist.outstandingtoken",
        "pk": 30,
        "fields": {
            "user": 2,
            "jti": "51907c3bf7524f99a7ae4403a3b4fada",
            "token": "eyJhbGciOiJIUzI1NiIsInR5cCI6IkpXVCJ9.eyJ0b2tlbl90eXBlIjoicmVmcmVzaCIsImV4cCI6MTcyODI2NzQzNCwiaWF0IjoxNzI4MTgxMDM0LCJqdGkiOiI1MTkwN2MzYmY3NTI0Zjk5YTdhZTQ0MDNhM2I0ZmFkYSIsInVzZXJfaWQiOjJ9.3xMTk9q4IJJ_pOz8_V0KpioZEsd-gKsgGce4hY_XZNQ",
            "created_at": "2024-10-06T02:17:14.786Z",
            "expires_at": "2024-10-07T02:17:14Z"
        }
    },
    {
        "model": "token_blacklist.outstandingtoken",
        "pk": 31,
        "fields": {
            "user": 3,
            "jti": "d6e462745c284895a5b9189121e3b3ce",
            "token": "eyJhbGciOiJIUzI1NiIsInR5cCI6IkpXVCJ9.eyJ0b2tlbl90eXBlIjoicmVmcmVzaCIsImV4cCI6MTcyODI3MjEwMiwiaWF0IjoxNzI4MTg1NzAyLCJqdGkiOiJkNmU0NjI3NDVjMjg0ODk1YTViOTE4OTEyMWUzYjNjZSIsInVzZXJfaWQiOjN9.ZTQ-fso2jDlNstHOvX6A4-Cnge3tFh-MJQ-2rns-WJY",
            "created_at": "2024-10-06T03:35:02.130Z",
            "expires_at": "2024-10-07T03:35:02Z"
        }
    },
    {
        "model": "token_blacklist.outstandingtoken",
        "pk": 32,
        "fields": {
            "user": 2,
            "jti": "0ec8796aba084336ad2af585b923cabd",
            "token": "eyJhbGciOiJIUzI1NiIsInR5cCI6IkpXVCJ9.eyJ0b2tlbl90eXBlIjoicmVmcmVzaCIsImV4cCI6MTcyODI3MjQ1MCwiaWF0IjoxNzI4MTg2MDUwLCJqdGkiOiIwZWM4Nzk2YWJhMDg0MzM2YWQyYWY1ODViOTIzY2FiZCIsInVzZXJfaWQiOjJ9.dtZSxwGN1sEtm5v3BWQ8bJpjSabyg0hrNSDgBf50HYA",
            "created_at": "2024-10-06T03:40:50.820Z",
            "expires_at": "2024-10-07T03:40:50Z"
        }
    },
    {
        "model": "token_blacklist.outstandingtoken",
        "pk": 33,
        "fields": {
            "user": null,
            "jti": "6b499459194841bc9bb69e162abdd431",
            "token": "eyJhbGciOiJIUzI1NiIsInR5cCI6IkpXVCJ9.eyJ0b2tlbl90eXBlIjoicmVmcmVzaCIsImV4cCI6MTcyODI3NTYyOCwiaWF0IjoxNzI4MTg5MjI4LCJqdGkiOiI2YjQ5OTQ1OTE5NDg0MWJjOWJiNjllMTYyYWJkZDQzMSIsInVzZXJfaWQiOjd9.BP-Ln5PB_Jd1MULz-gBPuP5_EycWUUFKoF-JC53MZfo",
            "created_at": "2024-10-06T04:33:48.020Z",
            "expires_at": "2024-10-07T04:33:48Z"
        }
    },
    {
        "model": "token_blacklist.outstandingtoken",
        "pk": 34,
        "fields": {
            "user": null,
            "jti": "152e9cbdc0a6466da490a5c5049f0f0a",
            "token": "eyJhbGciOiJIUzI1NiIsInR5cCI6IkpXVCJ9.eyJ0b2tlbl90eXBlIjoicmVmcmVzaCIsImV4cCI6MTcyODI3NTY1OSwiaWF0IjoxNzI4MTg5MjU5LCJqdGkiOiIxNTJlOWNiZGMwYTY0NjZkYTQ5MGE1YzUwNDlmMGYwYSIsInVzZXJfaWQiOjd9.ZisttEpRaLrHr9pCzFZiYdcYQaa0Sf-C9xla8n_HpnQ",
            "created_at": "2024-10-06T04:34:19.445Z",
            "expires_at": "2024-10-07T04:34:19Z"
        }
    },
    {
        "model": "token_blacklist.outstandingtoken",
        "pk": 35,
        "fields": {
            "user": 2,
            "jti": "0cdb6cc9fca549649edc3d0c77481545",
            "token": "eyJhbGciOiJIUzI1NiIsInR5cCI6IkpXVCJ9.eyJ0b2tlbl90eXBlIjoicmVmcmVzaCIsImV4cCI6MTcyODI3Njg0MSwiaWF0IjoxNzI4MTkwNDQxLCJqdGkiOiIwY2RiNmNjOWZjYTU0OTY0OWVkYzNkMGM3NzQ4MTU0NSIsInVzZXJfaWQiOjJ9.aoIWlOXBhhsRWJ0tbYgneBlNU0sRmAQAp3ktopA2oDw",
            "created_at": "2024-10-06T04:54:01.624Z",
            "expires_at": "2024-10-07T04:54:01Z"
        }
    },
    {
        "model": "token_blacklist.outstandingtoken",
        "pk": 36,
        "fields": {
            "user": 2,
            "jti": "4d0effd8ad0e448d9bc7c09b0b652f38",
            "token": "eyJhbGciOiJIUzI1NiIsInR5cCI6IkpXVCJ9.eyJ0b2tlbl90eXBlIjoicmVmcmVzaCIsImV4cCI6MTcyODI4NDAzNCwiaWF0IjoxNzI4MTk3NjM0LCJqdGkiOiI0ZDBlZmZkOGFkMGU0NDhkOWJjN2MwOWIwYjY1MmYzOCIsInVzZXJfaWQiOjJ9.qphrg3I3YQx5QN9w-edaaIcDmrQnt_DXeepmuqf12iE",
            "created_at": "2024-10-06T06:53:54.226Z",
            "expires_at": "2024-10-07T06:53:54Z"
        }
    },
    {
        "model": "token_blacklist.outstandingtoken",
        "pk": 37,
        "fields": {
            "user": 2,
            "jti": "ebfed54892d740bd80308a7e77da04ab",
            "token": "eyJhbGciOiJIUzI1NiIsInR5cCI6IkpXVCJ9.eyJ0b2tlbl90eXBlIjoicmVmcmVzaCIsImV4cCI6MTcyODI5OTUyNywiaWF0IjoxNzI4MjEzMTI3LCJqdGkiOiJlYmZlZDU0ODkyZDc0MGJkODAzMDhhN2U3N2RhMDRhYiIsInVzZXJfaWQiOjJ9.p4wLFqDfWSQg5S4ZqNAlsDnJgrWMqgx8cjsa-g9eAHY",
            "created_at": "2024-10-06T11:12:07.324Z",
            "expires_at": "2024-10-07T11:12:07Z"
        }
    },
    {
        "model": "token_blacklist.outstandingtoken",
        "pk": 38,
        "fields": {
            "user": 2,
            "jti": "6f002cc3aaac4c8787df0221f4c14a6e",
            "token": "eyJhbGciOiJIUzI1NiIsInR5cCI6IkpXVCJ9.eyJ0b2tlbl90eXBlIjoicmVmcmVzaCIsImV4cCI6MTcyODMwMzE0NSwiaWF0IjoxNzI4MjE2NzQ1LCJqdGkiOiI2ZjAwMmNjM2FhYWM0Yzg3ODdkZjAyMjFmNGMxNGE2ZSIsInVzZXJfaWQiOjJ9.cJsZDpw8i4X1GO1Xu9Yn5U3L-rgkDPvtb1Bf2xmK7Kc",
            "created_at": "2024-10-06T12:12:25.878Z",
            "expires_at": "2024-10-07T12:12:25Z"
        }
    },
    {
        "model": "token_blacklist.outstandingtoken",
        "pk": 39,
        "fields": {
            "user": 2,
            "jti": "2c6416bb9cb54f5282bcac967d6e5faf",
            "token": "eyJhbGciOiJIUzI1NiIsInR5cCI6IkpXVCJ9.eyJ0b2tlbl90eXBlIjoicmVmcmVzaCIsImV4cCI6MTcyODMwNDYxNywiaWF0IjoxNzI4MjE4MjE3LCJqdGkiOiIyYzY0MTZiYjljYjU0ZjUyODJiY2FjOTY3ZDZlNWZhZiIsInVzZXJfaWQiOjJ9.9C4b7EvEql-0tF9UNzw9xRVQxZJagku0J59Is0KsQVc",
            "created_at": "2024-10-06T12:36:57.623Z",
            "expires_at": "2024-10-07T12:36:57Z"
        }
    },
    {
        "model": "token_blacklist.outstandingtoken",
        "pk": 40,
        "fields": {
            "user": 2,
            "jti": "9d45e084c6c24e93a9ba166e6f80fd2d",
            "token": "eyJhbGciOiJIUzI1NiIsInR5cCI6IkpXVCJ9.eyJ0b2tlbl90eXBlIjoicmVmcmVzaCIsImV4cCI6MTcyODM0Njc2OCwiaWF0IjoxNzI4MjYwMzY4LCJqdGkiOiI5ZDQ1ZTA4NGM2YzI0ZTkzYTliYTE2NmU2ZjgwZmQyZCIsInVzZXJfaWQiOjJ9.mR7jkqerfLdH2-yq6a6k5LZqS9louggD9aPslHRTLsg",
            "created_at": "2024-10-07T00:19:28.485Z",
            "expires_at": "2024-10-08T00:19:28Z"
        }
    },
    {
        "model": "token_blacklist.outstandingtoken",
        "pk": 41,
        "fields": {
            "user": 2,
            "jti": "7548f2d5b88a450597892172fcb1d81c",
            "token": "eyJhbGciOiJIUzI1NiIsInR5cCI6IkpXVCJ9.eyJ0b2tlbl90eXBlIjoicmVmcmVzaCIsImV4cCI6MTcyODM1MDY3NywiaWF0IjoxNzI4MjY0Mjc3LCJqdGkiOiI3NTQ4ZjJkNWI4OGE0NTA1OTc4OTIxNzJmY2IxZDgxYyIsInVzZXJfaWQiOjJ9.MzIWH1uDp-NsgWILp2vEknu9r--D9UHLQVsHKGsp3kk",
            "created_at": "2024-10-07T01:24:37.199Z",
            "expires_at": "2024-10-08T01:24:37Z"
        }
    },
    {
        "model": "token_blacklist.outstandingtoken",
        "pk": 42,
        "fields": {
            "user": 2,
            "jti": "d8484b89084c4dd5a84ffaf3acf8d4f0",
            "token": "eyJhbGciOiJIUzI1NiIsInR5cCI6IkpXVCJ9.eyJ0b2tlbl90eXBlIjoicmVmcmVzaCIsImV4cCI6MTcyODM1MjIwOCwiaWF0IjoxNzI4MjY1ODA4LCJqdGkiOiJkODQ4NGI4OTA4NGM0ZGQ1YTg0ZmZhZjNhY2Y4ZDRmMCIsInVzZXJfaWQiOjJ9.dUl7I8aZsAKX6WMwP7Wyl1LXNjnXrz83kFGmf_MPgb8",
            "created_at": "2024-10-07T01:50:08.114Z",
            "expires_at": "2024-10-08T01:50:08Z"
        }
    },
    {
        "model": "token_blacklist.outstandingtoken",
        "pk": 43,
        "fields": {
            "user": 1,
            "jti": "557971a492114684891e7bb4ec586696",
            "token": "eyJhbGciOiJIUzI1NiIsInR5cCI6IkpXVCJ9.eyJ0b2tlbl90eXBlIjoicmVmcmVzaCIsImV4cCI6MTcyODM1MzI2NywiaWF0IjoxNzI4MjY2ODY3LCJqdGkiOiI1NTc5NzFhNDkyMTE0Njg0ODkxZTdiYjRlYzU4NjY5NiIsInVzZXJfaWQiOjF9.zk2R7k_IhtdTpW3w6_NgLe9TNpiknEBAO8zGQDlXFcM",
            "created_at": "2024-10-07T02:07:47.960Z",
            "expires_at": "2024-10-08T02:07:47Z"
        }
    },
    {
        "model": "token_blacklist.outstandingtoken",
        "pk": 44,
        "fields": {
            "user": 2,
            "jti": "a43c3a1632664ecaa5aa8cf93f54d47f",
            "token": "eyJhbGciOiJIUzI1NiIsInR5cCI6IkpXVCJ9.eyJ0b2tlbl90eXBlIjoicmVmcmVzaCIsImV4cCI6MTcyODM1NDMyOCwiaWF0IjoxNzI4MjY3OTI4LCJqdGkiOiJhNDNjM2ExNjMyNjY0ZWNhYTVhYThjZjkzZjU0ZDQ3ZiIsInVzZXJfaWQiOjJ9.eAT1aS8CDMLa3F1z5fxUwMQD3syiHSYXscf-RzMFFY8",
            "created_at": "2024-10-07T02:25:28.198Z",
            "expires_at": "2024-10-08T02:25:28Z"
        }
    },
    {
        "model": "token_blacklist.outstandingtoken",
        "pk": 45,
        "fields": {
            "user": 2,
            "jti": "0e887acdd58a46ce9f274fea163aa4a5",
            "token": "eyJhbGciOiJIUzI1NiIsInR5cCI6IkpXVCJ9.eyJ0b2tlbl90eXBlIjoicmVmcmVzaCIsImV4cCI6MTcyODM1ODI0NiwiaWF0IjoxNzI4MjcxODQ2LCJqdGkiOiIwZTg4N2FjZGQ1OGE0NmNlOWYyNzRmZWExNjNhYTRhNSIsInVzZXJfaWQiOjJ9.CLBZ7RwrLJYwA_51RBQSPqaEO3PPT7z6X-3GTkdcwkQ",
            "created_at": "2024-10-07T03:30:46.757Z",
            "expires_at": "2024-10-08T03:30:46Z"
        }
    },
    {
        "model": "token_blacklist.outstandingtoken",
        "pk": 46,
        "fields": {
            "user": 2,
            "jti": "9da4f7ea12f844bea62d6149b1963fe7",
            "token": "eyJhbGciOiJIUzI1NiIsInR5cCI6IkpXVCJ9.eyJ0b2tlbl90eXBlIjoicmVmcmVzaCIsImV4cCI6MTcyODM2MjUwOSwiaWF0IjoxNzI4Mjc2MTA5LCJqdGkiOiI5ZGE0ZjdlYTEyZjg0NGJlYTYyZDYxNDliMTk2M2ZlNyIsInVzZXJfaWQiOjJ9.NTxul8MkY78ej0XqidrI1J0wcVvtaHG2UPQptUZZjzU",
            "created_at": "2024-10-07T04:41:49.290Z",
            "expires_at": "2024-10-08T04:41:49Z"
        }
    },
    {
        "model": "token_blacklist.outstandingtoken",
        "pk": 47,
        "fields": {
            "user": 2,
            "jti": "3b8c0b22ca6843e198e767045e30f70e",
            "token": "eyJhbGciOiJIUzI1NiIsInR5cCI6IkpXVCJ9.eyJ0b2tlbl90eXBlIjoicmVmcmVzaCIsImV4cCI6MTcyODM2NjE0MiwiaWF0IjoxNzI4Mjc5NzQyLCJqdGkiOiIzYjhjMGIyMmNhNjg0M2UxOThlNzY3MDQ1ZTMwZjcwZSIsInVzZXJfaWQiOjJ9.SdVDNTRoXpDIpk-bUQZB5Htn-nSILpKKgm9QuNuP0XA",
            "created_at": "2024-10-07T05:42:22.192Z",
            "expires_at": "2024-10-08T05:42:22Z"
        }
    },
    {
        "model": "token_blacklist.outstandingtoken",
        "pk": 48,
        "fields": {
            "user": 2,
            "jti": "282c7330ea7e466b87c3ca4cb1504ea5",
            "token": "eyJhbGciOiJIUzI1NiIsInR5cCI6IkpXVCJ9.eyJ0b2tlbl90eXBlIjoicmVmcmVzaCIsImV4cCI6MTcyODM3MTQ1MiwiaWF0IjoxNzI4Mjg1MDUyLCJqdGkiOiIyODJjNzMzMGVhN2U0NjZiODdjM2NhNGNiMTUwNGVhNSIsInVzZXJfaWQiOjJ9.GuMAQ0aOfXV1exO1D_3Pn6VrHsTZd_RvfnlOQBL1RtI",
            "created_at": "2024-10-07T07:10:52.828Z",
            "expires_at": "2024-10-08T07:10:52Z"
        }
    },
    {
        "model": "token_blacklist.outstandingtoken",
        "pk": 49,
        "fields": {
            "user": 2,
            "jti": "c896bda5d60c429c9e2d0f413d6cad12",
            "token": "eyJhbGciOiJIUzI1NiIsInR5cCI6IkpXVCJ9.eyJ0b2tlbl90eXBlIjoicmVmcmVzaCIsImV4cCI6MTcyODM3NTk5NiwiaWF0IjoxNzI4Mjg5NTk2LCJqdGkiOiJjODk2YmRhNWQ2MGM0MjljOWUyZDBmNDEzZDZjYWQxMiIsInVzZXJfaWQiOjJ9.5vaJ8zZTDauajxByx0zEsCbc9XZRUBiljtwHepSLi2c",
            "created_at": "2024-10-07T08:26:36.023Z",
            "expires_at": "2024-10-08T08:26:36Z"
        }
    },
    {
        "model": "token_blacklist.outstandingtoken",
        "pk": 50,
        "fields": {
            "user": 2,
            "jti": "06b42a05caa341ac97e9ea0c92b826b3",
            "token": "eyJhbGciOiJIUzI1NiIsInR5cCI6IkpXVCJ9.eyJ0b2tlbl90eXBlIjoicmVmcmVzaCIsImV4cCI6MTcyODM3OTcyMiwiaWF0IjoxNzI4MjkzMzIyLCJqdGkiOiIwNmI0MmEwNWNhYTM0MWFjOTdlOWVhMGM5MmI4MjZiMyIsInVzZXJfaWQiOjJ9.w3hWsHe4GZ2XojT_aOnTYj-ArHLr0q-5BtEkI6k_fmQ",
            "created_at": "2024-10-07T09:28:42.656Z",
            "expires_at": "2024-10-08T09:28:42Z"
        }
    },
    {
        "model": "token_blacklist.outstandingtoken",
        "pk": 51,
        "fields": {
            "user": 2,
            "jti": "9bcaa0621dfd46cd9582da16a54f4d9c",
            "token": "eyJhbGciOiJIUzI1NiIsInR5cCI6IkpXVCJ9.eyJ0b2tlbl90eXBlIjoicmVmcmVzaCIsImV4cCI6MTcyODM4MDE4OSwiaWF0IjoxNzI4MjkzNzg5LCJqdGkiOiI5YmNhYTA2MjFkZmQ0NmNkOTU4MmRhMTZhNTRmNGQ5YyIsInVzZXJfaWQiOjJ9.Jf_n-lYHWdtCSm14o6h3ZVx35XbMAdcnlfOxuOBb1ok",
            "created_at": "2024-10-07T09:36:29.138Z",
            "expires_at": "2024-10-08T09:36:29Z"
        }
    },
    {
        "model": "token_blacklist.outstandingtoken",
        "pk": 52,
        "fields": {
            "user": 2,
            "jti": "b542787429bd45cda0b3ba22285755e7",
            "token": "eyJhbGciOiJIUzI1NiIsInR5cCI6IkpXVCJ9.eyJ0b2tlbl90eXBlIjoicmVmcmVzaCIsImV4cCI6MTcyODM4MzgxNywiaWF0IjoxNzI4Mjk3NDE3LCJqdGkiOiJiNTQyNzg3NDI5YmQ0NWNkYTBiM2JhMjIyODU3NTVlNyIsInVzZXJfaWQiOjJ9.d3BK2qU43dK2J90DA7tq7X3_oUDjZCuw8YK3zHFyFq8",
            "created_at": "2024-10-07T10:36:57.149Z",
            "expires_at": "2024-10-08T10:36:57Z"
        }
    },
    {
        "model": "token_blacklist.outstandingtoken",
        "pk": 53,
        "fields": {
            "user": 2,
            "jti": "eaf52920e9154eff8f37bc4fc954a87d",
            "token": "eyJhbGciOiJIUzI1NiIsInR5cCI6IkpXVCJ9.eyJ0b2tlbl90eXBlIjoicmVmcmVzaCIsImV4cCI6MTcyODQzOTI4OSwiaWF0IjoxNzI4MzUyODg5LCJqdGkiOiJlYWY1MjkyMGU5MTU0ZWZmOGYzN2JjNGZjOTU0YTg3ZCIsInVzZXJfaWQiOjJ9.SLCByOivJ_fkWc3eWbtC8PAgZ2czrfbv8-vw4oEyEXY",
            "created_at": "2024-10-08T02:01:29.472Z",
            "expires_at": "2024-10-09T02:01:29Z"
        }
    },
    {
        "model": "token_blacklist.outstandingtoken",
        "pk": 54,
        "fields": {
            "user": 1,
            "jti": "a0bd65a6a18e4e419575f766e01c5d49",
            "token": "eyJhbGciOiJIUzI1NiIsInR5cCI6IkpXVCJ9.eyJ0b2tlbl90eXBlIjoicmVmcmVzaCIsImV4cCI6MTcyODQ0OTEyNCwiaWF0IjoxNzI4MzYyNzI0LCJqdGkiOiJhMGJkNjVhNmExOGU0ZTQxOTU3NWY3NjZlMDFjNWQ0OSIsInVzZXJfaWQiOjF9.rWCMsT4R4J9vdXm3z0_w2A342AbGprXk2ITfVQ9oZs0",
            "created_at": "2024-10-08T04:45:24.331Z",
            "expires_at": "2024-10-09T04:45:24Z"
        }
    },
    {
        "model": "token_blacklist.outstandingtoken",
        "pk": 55,
        "fields": {
            "user": 3,
            "jti": "d288aa0bf11f401ba783f7fe7aa5e665",
            "token": "eyJhbGciOiJIUzI1NiIsInR5cCI6IkpXVCJ9.eyJ0b2tlbl90eXBlIjoicmVmcmVzaCIsImV4cCI6MTcyODQ0OTE0MCwiaWF0IjoxNzI4MzYyNzQwLCJqdGkiOiJkMjg4YWEwYmYxMWY0MDFiYTc4M2Y3ZmU3YWE1ZTY2NSIsInVzZXJfaWQiOjN9.Yq8xDgdjrybfG3RFsUUxbdVRQgzewx_cgjpo3FjBNzE",
            "created_at": "2024-10-08T04:45:40.841Z",
            "expires_at": "2024-10-09T04:45:40Z"
        }
    },
    {
        "model": "token_blacklist.outstandingtoken",
        "pk": 56,
        "fields": {
            "user": 3,
            "jti": "3ec216b02283480e92201f373869254b",
            "token": "eyJhbGciOiJIUzI1NiIsInR5cCI6IkpXVCJ9.eyJ0b2tlbl90eXBlIjoicmVmcmVzaCIsImV4cCI6MTcyODQ1MTAxNCwiaWF0IjoxNzI4MzY0NjE0LCJqdGkiOiIzZWMyMTZiMDIyODM0ODBlOTIyMDFmMzczODY5MjU0YiIsInVzZXJfaWQiOjN9.Dq-XvbR0OYwpRFHPA34ZagsliV1XFKjMxXiAA-hgHgI",
            "created_at": "2024-10-08T05:16:54.136Z",
            "expires_at": "2024-10-09T05:16:54Z"
        }
    },
    {
        "model": "token_blacklist.outstandingtoken",
        "pk": 57,
        "fields": {
            "user": 3,
            "jti": "56d5ba70b0df47c781524c8b6d8cb706",
            "token": "eyJhbGciOiJIUzI1NiIsInR5cCI6IkpXVCJ9.eyJ0b2tlbl90eXBlIjoicmVmcmVzaCIsImV4cCI6MTcyODQ2OTM0MywiaWF0IjoxNzI4MzgyOTQzLCJqdGkiOiI1NmQ1YmE3MGIwZGY0N2M3ODE1MjRjOGI2ZDhjYjcwNiIsInVzZXJfaWQiOjN9.IYCMjvFwWuTNT3YoZCF2QPUYCYoeXVkLyU306AUJAgg",
            "created_at": "2024-10-08T10:22:23.416Z",
            "expires_at": "2024-10-09T10:22:23Z"
        }
    },
    {
        "model": "token_blacklist.outstandingtoken",
        "pk": 58,
        "fields": {
            "user": 2,
            "jti": "61228a2eb7974c2a94fcdfa4f87a8b5b",
            "token": "eyJhbGciOiJIUzI1NiIsInR5cCI6IkpXVCJ9.eyJ0b2tlbl90eXBlIjoicmVmcmVzaCIsImV4cCI6MTcyODQ2OTYzMywiaWF0IjoxNzI4MzgzMjMzLCJqdGkiOiI2MTIyOGEyZWI3OTc0YzJhOTRmY2RmYTRmODdhOGI1YiIsInVzZXJfaWQiOjJ9.PU9IBdZOj85d7zVd4cw9qqcvnKm9H1eXr86v_kxRobQ",
            "created_at": "2024-10-08T10:27:13.285Z",
            "expires_at": "2024-10-09T10:27:13Z"
        }
    },
    {
        "model": "token_blacklist.outstandingtoken",
        "pk": 59,
        "fields": {
            "user": 3,
            "jti": "a61395724cae47ec86693ba523ee1525",
            "token": "eyJhbGciOiJIUzI1NiIsInR5cCI6IkpXVCJ9.eyJ0b2tlbl90eXBlIjoicmVmcmVzaCIsImV4cCI6MTcyODU1MjY2OCwiaWF0IjoxNzI4NDY2MjY4LCJqdGkiOiJhNjEzOTU3MjRjYWU0N2VjODY2OTNiYTUyM2VlMTUyNSIsInVzZXJfaWQiOjN9.5WEDmc1V74pMHdWukk-JPfoha5lnRQfTZWtr47I0aak",
            "created_at": "2024-10-09T09:31:08.534Z",
            "expires_at": "2024-10-10T09:31:08Z"
        }
    },
    {
        "model": "token_blacklist.outstandingtoken",
        "pk": 60,
        "fields": {
            "user": 3,
            "jti": "772fa6b2821c44beb5a761b9d224ae6e",
            "token": "eyJhbGciOiJIUzI1NiIsInR5cCI6IkpXVCJ9.eyJ0b2tlbl90eXBlIjoicmVmcmVzaCIsImV4cCI6MTcyODc3ODkxMSwiaWF0IjoxNzI4NjkyNTExLCJqdGkiOiI3NzJmYTZiMjgyMWM0NGJlYjVhNzYxYjlkMjI0YWU2ZSIsInVzZXJfaWQiOjN9._2-JAUQRiALm2j06QoRyNdbvjYeQqIsh0Qk7NoOgwI8",
            "created_at": "2024-10-12T00:21:51.572Z",
            "expires_at": "2024-10-13T00:21:51Z"
        }
    },
    {
        "model": "token_blacklist.outstandingtoken",
        "pk": 61,
        "fields": {
            "user": 3,
            "jti": "a60b4eac48a04cf98d314fac921b77a9",
            "token": "eyJhbGciOiJIUzI1NiIsInR5cCI6IkpXVCJ9.eyJ0b2tlbl90eXBlIjoicmVmcmVzaCIsImV4cCI6MTcyODg2OTA2MSwiaWF0IjoxNzI4NzgyNjYxLCJqdGkiOiJhNjBiNGVhYzQ4YTA0Y2Y5OGQzMTRmYWM5MjFiNzdhOSIsInVzZXJfaWQiOjN9.jxCZQ_PLUFxFFad-Vms-KlXNo9AIa1brDJTQ7LEheZE",
            "created_at": "2024-10-13T01:24:21.413Z",
            "expires_at": "2024-10-14T01:24:21Z"
        }
    },
    {
        "model": "token_blacklist.outstandingtoken",
        "pk": 62,
        "fields": {
            "user": 3,
            "jti": "c883e1ff13e045a79db586b56b029a79",
            "token": "eyJhbGciOiJIUzI1NiIsInR5cCI6IkpXVCJ9.eyJ0b2tlbl90eXBlIjoicmVmcmVzaCIsImV4cCI6MTcyODg3MDMzNCwiaWF0IjoxNzI4NzgzOTM0LCJqdGkiOiJjODgzZTFmZjEzZTA0NWE3OWRiNTg2YjU2YjAyOWE3OSIsInVzZXJfaWQiOjN9.oMgpSDSLfbBJ5ZuF88UxxtcYB4nwbDd-54shMGYupx0",
            "created_at": "2024-10-13T01:45:34.629Z",
            "expires_at": "2024-10-14T01:45:34Z"
        }
    },
    {
        "model": "token_blacklist.outstandingtoken",
        "pk": 63,
        "fields": {
            "user": 3,
            "jti": "130475de216b4595b40c044173975348",
            "token": "eyJhbGciOiJIUzI1NiIsInR5cCI6IkpXVCJ9.eyJ0b2tlbl90eXBlIjoicmVmcmVzaCIsImV4cCI6MTcyODg3MjY4MSwiaWF0IjoxNzI4Nzg2MjgxLCJqdGkiOiIxMzA0NzVkZTIxNmI0NTk1YjQwYzA0NDE3Mzk3NTM0OCIsInVzZXJfaWQiOjN9.8fBhqmGuvezo4zKEWdQRQQPP21MryKFdrOrwQu6cfdA",
            "created_at": "2024-10-13T02:24:41.817Z",
            "expires_at": "2024-10-14T02:24:41Z"
        }
    },
    {
        "model": "token_blacklist.outstandingtoken",
        "pk": 64,
        "fields": {
            "user": 3,
            "jti": "573e91413e464b908bfa89237cb87c35",
            "token": "eyJhbGciOiJIUzI1NiIsInR5cCI6IkpXVCJ9.eyJ0b2tlbl90eXBlIjoicmVmcmVzaCIsImV4cCI6MTcyODg3MzAwMSwiaWF0IjoxNzI4Nzg2NjAxLCJqdGkiOiI1NzNlOTE0MTNlNDY0YjkwOGJmYTg5MjM3Y2I4N2MzNSIsInVzZXJfaWQiOjN9.L4cmp_Sf1l5dpkaDSD-R78L4bTBes5ojfftmw7Ei_Q4",
            "created_at": "2024-10-13T02:30:01.744Z",
            "expires_at": "2024-10-14T02:30:01Z"
        }
    },
    {
        "model": "token_blacklist.outstandingtoken",
        "pk": 65,
        "fields": {
            "user": 1,
            "jti": "0de6ca95abdd4587b66c542a74076757",
            "token": "eyJhbGciOiJIUzI1NiIsInR5cCI6IkpXVCJ9.eyJ0b2tlbl90eXBlIjoicmVmcmVzaCIsImV4cCI6MTcyODk1OTQyMywiaWF0IjoxNzI4ODczMDIzLCJqdGkiOiIwZGU2Y2E5NWFiZGQ0NTg3YjY2YzU0MmE3NDA3Njc1NyIsInVzZXJfaWQiOjF9.A7dy6few0e87HxltWWg8a1qYzTAg8v61qed1sCzJUpY",
            "created_at": "2024-10-14T02:30:23.113Z",
            "expires_at": "2024-10-15T02:30:23Z"
        }
    },
    {
        "model": "token_blacklist.outstandingtoken",
        "pk": 66,
        "fields": {
            "user": 3,
            "jti": "30de6d5f23aa4ce1a67537bcdff8f97f",
            "token": "eyJhbGciOiJIUzI1NiIsInR5cCI6IkpXVCJ9.eyJ0b2tlbl90eXBlIjoicmVmcmVzaCIsImV4cCI6MTcyODk1OTQ0MiwiaWF0IjoxNzI4ODczMDQyLCJqdGkiOiIzMGRlNmQ1ZjIzYWE0Y2UxYTY3NTM3YmNkZmY4Zjk3ZiIsInVzZXJfaWQiOjN9.RjizGcA-UL8GmrQyvz_Nr_CSYf1gzG6KS6oNgho_qkA",
            "created_at": "2024-10-14T02:30:42.432Z",
            "expires_at": "2024-10-15T02:30:42Z"
        }
    },
    {
        "model": "token_blacklist.outstandingtoken",
        "pk": 67,
        "fields": {
            "user": 1,
            "jti": "13de313b9af1494fbb15dbbe260ca162",
            "token": "eyJhbGciOiJIUzI1NiIsInR5cCI6IkpXVCJ9.eyJ0b2tlbl90eXBlIjoicmVmcmVzaCIsImV4cCI6MTcyODk2MDA3OCwiaWF0IjoxNzI4ODczNjc4LCJqdGkiOiIxM2RlMzEzYjlhZjE0OTRmYmIxNWRiYmUyNjBjYTE2MiIsInVzZXJfaWQiOjF9.M5iNezTsbfxRBwXqi1-xDt5n2hzrZVy9ltPovQabo8Y",
            "created_at": "2024-10-14T02:41:18.368Z",
            "expires_at": "2024-10-15T02:41:18Z"
        }
    },
    {
        "model": "token_blacklist.outstandingtoken",
        "pk": 68,
        "fields": {
            "user": 3,
            "jti": "4cb9da89c4d444298c9d225e0c29d7ed",
            "token": "eyJhbGciOiJIUzI1NiIsInR5cCI6IkpXVCJ9.eyJ0b2tlbl90eXBlIjoicmVmcmVzaCIsImV4cCI6MTcyODk3MzEzMiwiaWF0IjoxNzI4ODg2NzMyLCJqdGkiOiI0Y2I5ZGE4OWM0ZDQ0NDI5OGM5ZDIyNWUwYzI5ZDdlZCIsInVzZXJfaWQiOjN9.Ze0Nc1ZHwS67Ixs6Ku9Iw7pAg0eAh4iEmxxHTZ73FZc",
            "created_at": "2024-10-14T06:18:52.103Z",
            "expires_at": "2024-10-15T06:18:52Z"
        }
    },
    {
        "model": "token_blacklist.outstandingtoken",
        "pk": 69,
        "fields": {
            "user": 1,
            "jti": "d9fa22f7beed4e3587a115a7695ad004",
            "token": "eyJhbGciOiJIUzI1NiIsInR5cCI6IkpXVCJ9.eyJ0b2tlbl90eXBlIjoicmVmcmVzaCIsImV4cCI6MTcyODk3NDIyOSwiaWF0IjoxNzI4ODg3ODI5LCJqdGkiOiJkOWZhMjJmN2JlZWQ0ZTM1ODdhMTE1YTc2OTVhZDAwNCIsInVzZXJfaWQiOjF9.OgZBOgiRm5BLUJ0l6ISmfzRuWk4FbdpQA57tQTC6ggs",
            "created_at": "2024-10-14T06:37:09.145Z",
            "expires_at": "2024-10-15T06:37:09Z"
        }
    },
    {
        "model": "token_blacklist.outstandingtoken",
        "pk": 70,
        "fields": {
            "user": 1,
            "jti": "45703bf38a4d4dd68f4b86e69e3b2363",
            "token": "eyJhbGciOiJIUzI1NiIsInR5cCI6IkpXVCJ9.eyJ0b2tlbl90eXBlIjoicmVmcmVzaCIsImV4cCI6MTcyODk3NDU0MSwiaWF0IjoxNzI4ODg4MTQxLCJqdGkiOiI0NTcwM2JmMzhhNGQ0ZGQ2OGY0Yjg2ZTY5ZTNiMjM2MyIsInVzZXJfaWQiOjF9.9n6E-TQEBUNTQCrNrQE2rB3Q6bfUMSVwNi--A3c1tY0",
            "created_at": "2024-10-14T06:42:21.721Z",
            "expires_at": "2024-10-15T06:42:21Z"
        }
    },
    {
        "model": "token_blacklist.outstandingtoken",
        "pk": 71,
        "fields": {
            "user": 1,
            "jti": "7c90a0549bef440d88fd1e022b3ce8fc",
            "token": "eyJhbGciOiJIUzI1NiIsInR5cCI6IkpXVCJ9.eyJ0b2tlbl90eXBlIjoicmVmcmVzaCIsImV4cCI6MTcyODk3ODk4NSwiaWF0IjoxNzI4ODkyNTg1LCJqdGkiOiI3YzkwYTA1NDliZWY0NDBkODhmZDFlMDIyYjNjZThmYyIsInVzZXJfaWQiOjF9.CNrQ7UGVfw8ZzQtCPpAzgh3MLbR7-IV0SJ1HXsYb6M8",
            "created_at": "2024-10-14T07:56:25.978Z",
            "expires_at": "2024-10-15T07:56:25Z"
        }
    },
    {
        "model": "token_blacklist.outstandingtoken",
        "pk": 72,
        "fields": {
            "user": 1,
            "jti": "2933ae06521c43b49dcb50323a8a2e3a",
            "token": "eyJhbGciOiJIUzI1NiIsInR5cCI6IkpXVCJ9.eyJ0b2tlbl90eXBlIjoicmVmcmVzaCIsImV4cCI6MTcyODk4ODA5NywiaWF0IjoxNzI4OTAxNjk3LCJqdGkiOiIyOTMzYWUwNjUyMWM0M2I0OWRjYjUwMzIzYThhMmUzYSIsInVzZXJfaWQiOjF9.u-TL3WPe7y1eSEq5pXyWxEsnUcQsknfYxQUU-B6vYCA",
            "created_at": "2024-10-14T10:28:17.181Z",
            "expires_at": "2024-10-15T10:28:17Z"
        }
    },
    {
        "model": "token_blacklist.outstandingtoken",
        "pk": 73,
        "fields": {
            "user": 1,
            "jti": "73ea07a8e300483bb400f358a7cee407",
            "token": "eyJhbGciOiJIUzI1NiIsInR5cCI6IkpXVCJ9.eyJ0b2tlbl90eXBlIjoicmVmcmVzaCIsImV4cCI6MTcyODk5NDQ3NywiaWF0IjoxNzI4OTA4MDc3LCJqdGkiOiI3M2VhMDdhOGUzMDA0ODNiYjQwMGYzNThhN2NlZTQwNyIsInVzZXJfaWQiOjF9.Oo55f0qGLN1QO5WLG9XfshdZycWBBNO5Dc3N0Be1f98",
            "created_at": "2024-10-14T12:14:37.708Z",
            "expires_at": "2024-10-15T12:14:37Z"
        }
    },
    {
        "model": "token_blacklist.outstandingtoken",
        "pk": 74,
        "fields": {
            "user": 3,
            "jti": "8d2c939465564d57880253c5e8c673da",
            "token": "eyJhbGciOiJIUzI1NiIsInR5cCI6IkpXVCJ9.eyJ0b2tlbl90eXBlIjoicmVmcmVzaCIsImV4cCI6MTcyOTA3MTE2MiwiaWF0IjoxNzI4OTg0NzYyLCJqdGkiOiI4ZDJjOTM5NDY1NTY0ZDU3ODgwMjUzYzVlOGM2NzNkYSIsInVzZXJfaWQiOjN9.AD46jhLOxhxQW-JIGaCBoZbDFZujZ38oehjdgDSJKnA",
            "created_at": "2024-10-15T09:32:42.553Z",
            "expires_at": "2024-10-16T09:32:42Z"
        }
    },
    {
        "model": "token_blacklist.outstandingtoken",
        "pk": 75,
        "fields": {
            "user": 3,
            "jti": "9550a30e98504dc4980cceff549a4d57",
            "token": "eyJhbGciOiJIUzI1NiIsInR5cCI6IkpXVCJ9.eyJ0b2tlbl90eXBlIjoicmVmcmVzaCIsImV4cCI6MTcyOTA3NDgzMCwiaWF0IjoxNzI4OTg4NDMwLCJqdGkiOiI5NTUwYTMwZTk4NTA0ZGM0OTgwY2NlZmY1NDlhNGQ1NyIsInVzZXJfaWQiOjN9.lNfl1RxZRRm5neMUFHXjmfnMugclArRWzTbaCsr9bXA",
            "created_at": "2024-10-15T10:33:50.734Z",
            "expires_at": "2024-10-16T10:33:50Z"
        }
    },
    {
        "model": "token_blacklist.outstandingtoken",
        "pk": 76,
        "fields": {
            "user": 3,
            "jti": "165fcfb2b0c94dd39a5a0cbedd2e8a18",
            "token": "eyJhbGciOiJIUzI1NiIsInR5cCI6IkpXVCJ9.eyJ0b2tlbl90eXBlIjoicmVmcmVzaCIsImV4cCI6MTcyOTA3ODQ2NiwiaWF0IjoxNzI4OTkyMDY2LCJqdGkiOiIxNjVmY2ZiMmIwYzk0ZGQzOWE1YTBjYmVkZDJlOGExOCIsInVzZXJfaWQiOjN9.lLkMLQKPDyeTKJ5vfPYab_B8cmpxMGJgHC_dTvCXDrI",
            "created_at": "2024-10-15T11:34:26.862Z",
            "expires_at": "2024-10-16T11:34:26Z"
        }
    },
    {
        "model": "token_blacklist.outstandingtoken",
        "pk": 77,
        "fields": {
            "user": 3,
            "jti": "128ee7bbc69a4cd2a20f05bae252ec1c",
            "token": "eyJhbGciOiJIUzI1NiIsInR5cCI6IkpXVCJ9.eyJ0b2tlbl90eXBlIjoicmVmcmVzaCIsImV4cCI6MTcyOTEyMTQ0NSwiaWF0IjoxNzI5MDM1MDQ1LCJqdGkiOiIxMjhlZTdiYmM2OWE0Y2QyYTIwZjA1YmFlMjUyZWMxYyIsInVzZXJfaWQiOjN9.VKKpWRkQzfURkK4046XMY_WoNakwp_Cuf40BgFgV76g",
            "created_at": "2024-10-15T23:30:45.418Z",
            "expires_at": "2024-10-16T23:30:45Z"
        }
    },
    {
        "model": "token_blacklist.outstandingtoken",
        "pk": 78,
        "fields": {
            "user": 3,
            "jti": "7cf7aad555bb4c2595bf4c7991a0b6ff",
            "token": "eyJhbGciOiJIUzI1NiIsInR5cCI6IkpXVCJ9.eyJ0b2tlbl90eXBlIjoicmVmcmVzaCIsImV4cCI6MTcyOTEyNjI4MiwiaWF0IjoxNzI5MDM5ODgyLCJqdGkiOiI3Y2Y3YWFkNTU1YmI0YzI1OTViZjRjNzk5MWEwYjZmZiIsInVzZXJfaWQiOjN9.I4dOBqt1eiam3ohWEnw-X4Ug8SAx0kA5Q-yH3Ge3qJw",
            "created_at": "2024-10-16T00:51:22.215Z",
            "expires_at": "2024-10-17T00:51:22Z"
        }
    },
    {
        "model": "token_blacklist.outstandingtoken",
        "pk": 79,
        "fields": {
            "user": 2,
            "jti": "4a796f9bad7f4f958499db26e3a4586e",
            "token": "eyJhbGciOiJIUzI1NiIsInR5cCI6IkpXVCJ9.eyJ0b2tlbl90eXBlIjoicmVmcmVzaCIsImV4cCI6MTcyOTEyOTg2NSwiaWF0IjoxNzI5MDQzNDY1LCJqdGkiOiI0YTc5NmY5YmFkN2Y0Zjk1ODQ5OWRiMjZlM2E0NTg2ZSIsInVzZXJfaWQiOjJ9.ovgN6uppYzzYMORPBRKO7QDInojtcTvu6ik0m93CsfY",
            "created_at": "2024-10-16T01:51:05.680Z",
            "expires_at": "2024-10-17T01:51:05Z"
        }
    },
    {
        "model": "token_blacklist.outstandingtoken",
        "pk": 80,
        "fields": {
            "user": 3,
            "jti": "f4ffda8f92d44a18bb051e1492c7652c",
            "token": "eyJhbGciOiJIUzI1NiIsInR5cCI6IkpXVCJ9.eyJ0b2tlbl90eXBlIjoicmVmcmVzaCIsImV4cCI6MTcyOTEyOTkwNCwiaWF0IjoxNzI5MDQzNTA0LCJqdGkiOiJmNGZmZGE4ZjkyZDQ0YTE4YmIwNTFlMTQ5MmM3NjUyYyIsInVzZXJfaWQiOjN9.4-3aqN3e_fCzQfjq2YgsK53Y_wmT3DX6Tzhhq8XpDB8",
            "created_at": "2024-10-16T01:51:44.613Z",
            "expires_at": "2024-10-17T01:51:44Z"
        }
    },
    {
        "model": "token_blacklist.outstandingtoken",
        "pk": 81,
        "fields": {
            "user": 3,
            "jti": "3a8004c1647041a6865968e7c327ee25",
            "token": "eyJhbGciOiJIUzI1NiIsInR5cCI6IkpXVCJ9.eyJ0b2tlbl90eXBlIjoicmVmcmVzaCIsImV4cCI6MTcyOTE2NDA1MSwiaWF0IjoxNzI5MDc3NjUxLCJqdGkiOiIzYTgwMDRjMTY0NzA0MWE2ODY1OTY4ZTdjMzI3ZWUyNSIsInVzZXJfaWQiOjN9.jrhIu7ziza2P8lyA1Ubr4hbHwXd5lE6TRPEUhSY6SKk",
            "created_at": "2024-10-16T11:20:51.441Z",
            "expires_at": "2024-10-17T11:20:51Z"
        }
    },
    {
        "model": "token_blacklist.outstandingtoken",
        "pk": 82,
        "fields": {
            "user": 3,
            "jti": "81324eb8351f4afba97846f1759f4d85",
            "token": "eyJhbGciOiJIUzI1NiIsInR5cCI6IkpXVCJ9.eyJ0b2tlbl90eXBlIjoicmVmcmVzaCIsImV4cCI6MTcyOTIwOTQxMSwiaWF0IjoxNzI5MTIzMDExLCJqdGkiOiI4MTMyNGViODM1MWY0YWZiYTk3ODQ2ZjE3NTlmNGQ4NSIsInVzZXJfaWQiOjN9.Hv7DakJhUGvSO6K-V2OZauYn-k7I9tRb8x6SU_KVvuQ",
            "created_at": "2024-10-16T23:56:51.956Z",
            "expires_at": "2024-10-17T23:56:51Z"
        }
    },
    {
        "model": "token_blacklist.outstandingtoken",
        "pk": 83,
        "fields": {
            "user": 3,
            "jti": "2397d7347cd840ca8e3d511433a097ac",
            "token": "eyJhbGciOiJIUzI1NiIsInR5cCI6IkpXVCJ9.eyJ0b2tlbl90eXBlIjoicmVmcmVzaCIsImV4cCI6MTcyOTIxMTY1MCwiaWF0IjoxNzI5MTI1MjUwLCJqdGkiOiIyMzk3ZDczNDdjZDg0MGNhOGUzZDUxMTQzM2EwOTdhYyIsInVzZXJfaWQiOjN9.eooglfqkpaQnVDjTp-krOGvxjmRYHa4IMekkuQ6BF60",
            "created_at": "2024-10-17T00:34:10.586Z",
            "expires_at": "2024-10-18T00:34:10Z"
        }
    },
    {
        "model": "token_blacklist.outstandingtoken",
        "pk": 84,
        "fields": {
            "user": 3,
            "jti": "86ed9e34a2d042c5ad4ce6562249d070",
            "token": "eyJhbGciOiJIUzI1NiIsInR5cCI6IkpXVCJ9.eyJ0b2tlbl90eXBlIjoicmVmcmVzaCIsImV4cCI6MTcyOTIzNTI5MSwiaWF0IjoxNzI5MTQ4ODkxLCJqdGkiOiI4NmVkOWUzNGEyZDA0MmM1YWQ0Y2U2NTYyMjQ5ZDA3MCIsInVzZXJfaWQiOjN9.zwA77WT4SZoCU-R-gkEzAdbbQGomHJmeSTsCgrDKmzA",
            "created_at": "2024-10-17T07:08:11.845Z",
            "expires_at": "2024-10-18T07:08:11Z"
        }
    },
    {
        "model": "token_blacklist.outstandingtoken",
        "pk": 85,
        "fields": {
            "user": 3,
            "jti": "30ae5735a6ba4892b3e38e5954261dd9",
            "token": "eyJhbGciOiJIUzI1NiIsInR5cCI6IkpXVCJ9.eyJ0b2tlbl90eXBlIjoicmVmcmVzaCIsImV4cCI6MTcyOTIzNzMzOCwiaWF0IjoxNzI5MTUwOTM4LCJqdGkiOiIzMGFlNTczNWE2YmE0ODkyYjNlMzhlNTk1NDI2MWRkOSIsInVzZXJfaWQiOjN9.OBNc5m-VfK4e134nS2CDAz03NJtniCuImvAa2mCSjm0",
            "created_at": "2024-10-17T07:42:18.416Z",
            "expires_at": "2024-10-18T07:42:18Z"
        }
    },
    {
        "model": "token_blacklist.outstandingtoken",
        "pk": 86,
        "fields": {
            "user": 3,
            "jti": "5f4318f6a9e948969a0e1cc069b2e88d",
            "token": "eyJhbGciOiJIUzI1NiIsInR5cCI6IkpXVCJ9.eyJ0b2tlbl90eXBlIjoicmVmcmVzaCIsImV4cCI6MTcyOTIzNzM5MCwiaWF0IjoxNzI5MTUwOTkwLCJqdGkiOiI1ZjQzMThmNmE5ZTk0ODk2OWEwZTFjYzA2OWIyZTg4ZCIsInVzZXJfaWQiOjN9.CRNPEdDYAgIqR9yaGx0BjKdRulC2Cs9soZQk79MVTcY",
            "created_at": "2024-10-17T07:43:10.085Z",
            "expires_at": "2024-10-18T07:43:10Z"
        }
    },
    {
        "model": "token_blacklist.outstandingtoken",
        "pk": 87,
        "fields": {
            "user": 3,
            "jti": "3c562f58a3804c05b198a147338ca534",
            "token": "eyJhbGciOiJIUzI1NiIsInR5cCI6IkpXVCJ9.eyJ0b2tlbl90eXBlIjoicmVmcmVzaCIsImV4cCI6MTcyOTIzOTgzMiwiaWF0IjoxNzI5MTUzNDMyLCJqdGkiOiIzYzU2MmY1OGEzODA0YzA1YjE5OGExNDczMzhjYTUzNCIsInVzZXJfaWQiOjN9.FjNddJdXyaLb_6CSikhcQPwtbQJcXZrz5mahtDNjktI",
            "created_at": "2024-10-17T08:23:52.536Z",
            "expires_at": "2024-10-18T08:23:52Z"
        }
    },
    {
        "model": "token_blacklist.outstandingtoken",
        "pk": 88,
        "fields": {
            "user": 3,
            "jti": "5cf78529a4144e52ba089eb84a176cba",
            "token": "eyJhbGciOiJIUzI1NiIsInR5cCI6IkpXVCJ9.eyJ0b2tlbl90eXBlIjoicmVmcmVzaCIsImV4cCI6MTcyOTI1MTE1NiwiaWF0IjoxNzI5MTY0NzU2LCJqdGkiOiI1Y2Y3ODUyOWE0MTQ0ZTUyYmEwODllYjg0YTE3NmNiYSIsInVzZXJfaWQiOjN9.sG3M1WSK678BbEZbeJewSQ5zUxN--jcPcTuCPH0_8Cg",
            "created_at": "2024-10-17T11:32:36.803Z",
            "expires_at": "2024-10-18T11:32:36Z"
        }
    },
    {
        "model": "token_blacklist.outstandingtoken",
        "pk": 89,
        "fields": {
            "user": 3,
            "jti": "5129691ad00b41c68f771ae9ace5ccc8",
            "token": "eyJhbGciOiJIUzI1NiIsInR5cCI6IkpXVCJ9.eyJ0b2tlbl90eXBlIjoicmVmcmVzaCIsImV4cCI6MTcyOTI1NTYxMCwiaWF0IjoxNzI5MTY5MjEwLCJqdGkiOiI1MTI5NjkxYWQwMGI0MWM2OGY3NzFhZTlhY2U1Y2NjOCIsInVzZXJfaWQiOjN9.9yGjk2phqJUoKIUnU5TcvCIq6IUr22VT4cLRgQgce-A",
            "created_at": "2024-10-17T12:46:50.223Z",
            "expires_at": "2024-10-18T12:46:50Z"
        }
    },
    {
        "model": "token_blacklist.outstandingtoken",
        "pk": 90,
        "fields": {
            "user": 3,
            "jti": "94c90edc4103450193f8db64618d16de",
            "token": "eyJhbGciOiJIUzI1NiIsInR5cCI6IkpXVCJ9.eyJ0b2tlbl90eXBlIjoicmVmcmVzaCIsImV4cCI6MTcyOTI1NTY1MSwiaWF0IjoxNzI5MTY5MjUxLCJqdGkiOiI5NGM5MGVkYzQxMDM0NTAxOTNmOGRiNjQ2MThkMTZkZSIsInVzZXJfaWQiOjN9.Q_6Y0loz8WmV5AArTOMbVF6ldw4YO97IHXzFfKqyxFQ",
            "created_at": "2024-10-17T12:47:31.246Z",
            "expires_at": "2024-10-18T12:47:31Z"
        }
    },
    {
        "model": "token_blacklist.outstandingtoken",
        "pk": 91,
        "fields": {
            "user": 3,
            "jti": "00d707ba83a04aaa877e379b52a6e7c9",
            "token": "eyJhbGciOiJIUzI1NiIsInR5cCI6IkpXVCJ9.eyJ0b2tlbl90eXBlIjoicmVmcmVzaCIsImV4cCI6MTcyOTMzMzY0NiwiaWF0IjoxNzI5MjQ3MjQ2LCJqdGkiOiIwMGQ3MDdiYTgzYTA0YWFhODc3ZTM3OWI1MmE2ZTdjOSIsInVzZXJfaWQiOjN9.wJ_lbnBHl7RqzVbZbn5BbQ1p-4Kwh0fIZlkMMopQ0_c",
            "created_at": "2024-10-18T10:27:26.691Z",
            "expires_at": "2024-10-19T10:27:26Z"
        }
    },
    {
        "model": "token_blacklist.outstandingtoken",
        "pk": 92,
        "fields": {
            "user": 1,
            "jti": "436d2fa76e4a483bad7c5862fc6dd77e",
            "token": "eyJhbGciOiJIUzI1NiIsInR5cCI6IkpXVCJ9.eyJ0b2tlbl90eXBlIjoicmVmcmVzaCIsImV4cCI6MTcyOTMzNjY1MCwiaWF0IjoxNzI5MjUwMjUwLCJqdGkiOiI0MzZkMmZhNzZlNGE0ODNiYWQ3YzU4NjJmYzZkZDc3ZSIsInVzZXJfaWQiOjF9.7ot9cVwTWX0C3BQezFLvzNY3JHfts5tZ04C2-HykUbM",
            "created_at": "2024-10-18T11:17:30.362Z",
            "expires_at": "2024-10-19T11:17:30Z"
        }
    },
    {
        "model": "token_blacklist.outstandingtoken",
        "pk": 93,
        "fields": {
            "user": 1,
            "jti": "3d1c9885b645463e8dd72fe551a2a282",
            "token": "eyJhbGciOiJIUzI1NiIsInR5cCI6IkpXVCJ9.eyJ0b2tlbl90eXBlIjoicmVmcmVzaCIsImV4cCI6MTcyOTMzNjY4OSwiaWF0IjoxNzI5MjUwMjg5LCJqdGkiOiIzZDFjOTg4NWI2NDU0NjNlOGRkNzJmZTU1MWEyYTI4MiIsInVzZXJfaWQiOjF9.9bqrWIUjb5Mt-j2tNhue566Zz1WOo97U50LJIv9SuQA",
            "created_at": "2024-10-18T11:18:09.396Z",
            "expires_at": "2024-10-19T11:18:09Z"
        }
    },
    {
        "model": "token_blacklist.outstandingtoken",
        "pk": 94,
        "fields": {
            "user": 1,
            "jti": "cd51a70428504a0ab6d49f699dfdc674",
            "token": "eyJhbGciOiJIUzI1NiIsInR5cCI6IkpXVCJ9.eyJ0b2tlbl90eXBlIjoicmVmcmVzaCIsImV4cCI6MTcyOTMzNzAyNywiaWF0IjoxNzI5MjUwNjI3LCJqdGkiOiJjZDUxYTcwNDI4NTA0YTBhYjZkNDlmNjk5ZGZkYzY3NCIsInVzZXJfaWQiOjF9.QM0cQxWPU1XrV-3WOLcNqIINrTxSMa9uWPqPWZ-xIUY",
            "created_at": "2024-10-18T11:23:47.599Z",
            "expires_at": "2024-10-19T11:23:47Z"
        }
    },
    {
        "model": "token_blacklist.outstandingtoken",
        "pk": 95,
        "fields": {
            "user": 3,
            "jti": "678caa572af04b47a1ad9ffd8199ecf7",
            "token": "eyJhbGciOiJIUzI1NiIsInR5cCI6IkpXVCJ9.eyJ0b2tlbl90eXBlIjoicmVmcmVzaCIsImV4cCI6MTcyOTQwMjU0OCwiaWF0IjoxNzI5MzE2MTQ4LCJqdGkiOiI2NzhjYWE1NzJhZjA0YjQ3YTFhZDlmZmQ4MTk5ZWNmNyIsInVzZXJfaWQiOjN9.YJfrkBcMKwwKriElvM6wJS1qb4H95HRYjLRWC6P8bTo",
            "created_at": "2024-10-19T05:35:48.492Z",
            "expires_at": "2024-10-20T05:35:48Z"
        }
    },
    {
        "model": "token_blacklist.outstandingtoken",
        "pk": 96,
        "fields": {
            "user": 3,
            "jti": "8f1bcd2c3f224952a3a5d25508bd85f4",
            "token": "eyJhbGciOiJIUzI1NiIsInR5cCI6IkpXVCJ9.eyJ0b2tlbl90eXBlIjoicmVmcmVzaCIsImV4cCI6MTcyOTQ3OTc3MywiaWF0IjoxNzI5MzkzMzczLCJqdGkiOiI4ZjFiY2QyYzNmMjI0OTUyYTNhNWQyNTUwOGJkODVmNCIsInVzZXJfaWQiOjN9.oa5CVAW31W1UDmP9f0q08cArXOx-rg4Anl2yztH-6QM",
            "created_at": "2024-10-20T03:02:53.410Z",
            "expires_at": "2024-10-21T03:02:53Z"
        }
    },
    {
        "model": "token_blacklist.outstandingtoken",
        "pk": 97,
        "fields": {
            "user": 3,
            "jti": "a91c86bf477e4bb18a22199ab3e89bce",
            "token": "eyJhbGciOiJIUzI1NiIsInR5cCI6IkpXVCJ9.eyJ0b2tlbl90eXBlIjoicmVmcmVzaCIsImV4cCI6MTcyOTQ4MzExOSwiaWF0IjoxNzI5Mzk2NzE5LCJqdGkiOiJhOTFjODZiZjQ3N2U0YmIxOGEyMjE5OWFiM2U4OWJjZSIsInVzZXJfaWQiOjN9.Z_UlqrOEhzX-P1FPgGAeoPmSbiMcUst5aSlxAhSRTLg",
            "created_at": "2024-10-20T03:58:39.044Z",
            "expires_at": "2024-10-21T03:58:39Z"
        }
    },
    {
        "model": "token_blacklist.outstandingtoken",
        "pk": 98,
        "fields": {
            "user": 3,
            "jti": "1045f7130a844f8a896b00fe38c2a32a",
            "token": "eyJhbGciOiJIUzI1NiIsInR5cCI6IkpXVCJ9.eyJ0b2tlbl90eXBlIjoicmVmcmVzaCIsImV4cCI6MTcyOTQ4ODMwNiwiaWF0IjoxNzI5NDAxOTA2LCJqdGkiOiIxMDQ1ZjcxMzBhODQ0ZjhhODk2YjAwZmUzOGMyYTMyYSIsInVzZXJfaWQiOjN9.HFehIGbEt5sP6w6CfpXH8_K009-wOx79TFCLDLjcAWM",
            "created_at": "2024-10-20T05:25:06.465Z",
            "expires_at": "2024-10-21T05:25:06Z"
        }
    },
    {
        "model": "token_blacklist.outstandingtoken",
        "pk": 99,
        "fields": {
            "user": 2,
            "jti": "54a2c3faa98d4f348999c4ee120d80ee",
            "token": "eyJhbGciOiJIUzI1NiIsInR5cCI6IkpXVCJ9.eyJ0b2tlbl90eXBlIjoicmVmcmVzaCIsImV4cCI6MTcyOTQ4ODQ3MSwiaWF0IjoxNzI5NDAyMDcxLCJqdGkiOiI1NGEyYzNmYWE5OGQ0ZjM0ODk5OWM0ZWUxMjBkODBlZSIsInVzZXJfaWQiOjJ9.CnVl6HnFcjAvURfGHbnhw-OHezhTc9BaDaC9li-d1nM",
            "created_at": "2024-10-20T05:27:51.375Z",
            "expires_at": "2024-10-21T05:27:51Z"
        }
    },
    {
        "model": "token_blacklist.outstandingtoken",
        "pk": 100,
        "fields": {
            "user": 3,
            "jti": "ee712863ac2842b895d3bd5be6735015",
            "token": "eyJhbGciOiJIUzI1NiIsInR5cCI6IkpXVCJ9.eyJ0b2tlbl90eXBlIjoicmVmcmVzaCIsImV4cCI6MTcyOTQ5MjE4NSwiaWF0IjoxNzI5NDA1Nzg1LCJqdGkiOiJlZTcxMjg2M2FjMjg0MmI4OTVkM2JkNWJlNjczNTAxNSIsInVzZXJfaWQiOjN9.Z8xoKA3vb8RnDIgB6u7jw_4jpvRFPyiWY8l0uz-4KjQ",
            "created_at": "2024-10-20T06:29:45.702Z",
            "expires_at": "2024-10-21T06:29:45Z"
        }
    },
    {
        "model": "token_blacklist.outstandingtoken",
        "pk": 133,
        "fields": {
            "user": 2,
            "jti": "9f7cbd21a76e408aa604875c06e7aaf1",
            "token": "eyJhbGciOiJIUzI1NiIsInR5cCI6IkpXVCJ9.eyJ0b2tlbl90eXBlIjoicmVmcmVzaCIsImV4cCI6MTcyOTQ5NzQwMCwiaWF0IjoxNzI5NDExMDAwLCJqdGkiOiI5ZjdjYmQyMWE3NmU0MDhhYTYwNDg3NWMwNmU3YWFmMSIsInVzZXJfaWQiOjJ9.HbbAWbd16jBqpGdUj1mj8QYoTSzmciCYQGtzlTJhtlg",
            "created_at": "2024-10-20T07:56:40.680Z",
            "expires_at": "2024-10-21T07:56:40Z"
        }
    },
    {
        "model": "token_blacklist.outstandingtoken",
        "pk": 134,
        "fields": {
            "user": 3,
            "jti": "db5f27b9bfcc4600b752f40e834ad190",
            "token": "eyJhbGciOiJIUzI1NiIsInR5cCI6IkpXVCJ9.eyJ0b2tlbl90eXBlIjoicmVmcmVzaCIsImV4cCI6MTcyOTUwMTE0NywiaWF0IjoxNzI5NDE0NzQ3LCJqdGkiOiJkYjVmMjdiOWJmY2M0NjAwYjc1MmY0MGU4MzRhZDE5MCIsInVzZXJfaWQiOjN9.VKecmIcLXo_d_FpLVenoc8p4DpsPsmkVgVR0qCk0oEE",
            "created_at": "2024-10-20T08:59:07.114Z",
            "expires_at": "2024-10-21T08:59:07Z"
        }
    },
    {
        "model": "token_blacklist.outstandingtoken",
        "pk": 135,
        "fields": {
            "user": 2,
            "jti": "c5f90d664de84e2d821ea5d0da50a30e",
            "token": "eyJhbGciOiJIUzI1NiIsInR5cCI6IkpXVCJ9.eyJ0b2tlbl90eXBlIjoicmVmcmVzaCIsImV4cCI6MTcyOTUwMTE2OSwiaWF0IjoxNzI5NDE0NzY5LCJqdGkiOiJjNWY5MGQ2NjRkZTg0ZTJkODIxZWE1ZDBkYTUwYTMwZSIsInVzZXJfaWQiOjJ9.5zcc8ZqXCorMl-mPrGSPnFV2hDCZ11NwfGkYXpOgp5k",
            "created_at": "2024-10-20T08:59:29.604Z",
            "expires_at": "2024-10-21T08:59:29Z"
        }
    },
    {
        "model": "token_blacklist.outstandingtoken",
        "pk": 136,
        "fields": {
            "user": 2,
            "jti": "6a64e9804c4c44d49e6f92939ba97a0a",
            "token": "eyJhbGciOiJIUzI1NiIsInR5cCI6IkpXVCJ9.eyJ0b2tlbl90eXBlIjoicmVmcmVzaCIsImV4cCI6MTcyOTUwNDgyOSwiaWF0IjoxNzI5NDE4NDI5LCJqdGkiOiI2YTY0ZTk4MDRjNGM0NGQ0OWU2ZjkyOTM5YmE5N2EwYSIsInVzZXJfaWQiOjJ9.EEU3kf-DisTR3g8tBVSIgtflTeDa7vHVA8W0wIMBPM8",
            "created_at": "2024-10-20T10:00:29.921Z",
            "expires_at": "2024-10-21T10:00:29Z"
        }
    },
    {
        "model": "token_blacklist.outstandingtoken",
        "pk": 137,
        "fields": {
            "user": 3,
            "jti": "2a5412f4431a47079bdd2d88cf776068",
            "token": "eyJhbGciOiJIUzI1NiIsInR5cCI6IkpXVCJ9.eyJ0b2tlbl90eXBlIjoicmVmcmVzaCIsImV4cCI6MTcyOTUwODMyMSwiaWF0IjoxNzI5NDIxOTIxLCJqdGkiOiIyYTU0MTJmNDQzMWE0NzA3OWJkZDJkODhjZjc3NjA2OCIsInVzZXJfaWQiOjN9.56qoiu2mUZjdQYCbOiySbjzqGu01wn3tj55g6vBuADs",
            "created_at": "2024-10-20T10:58:41.466Z",
            "expires_at": "2024-10-21T10:58:41Z"
        }
    },
    {
        "model": "token_blacklist.outstandingtoken",
        "pk": 138,
        "fields": {
            "user": 2,
            "jti": "4df018775cc74ef080f816d83e9abd8f",
            "token": "eyJhbGciOiJIUzI1NiIsInR5cCI6IkpXVCJ9.eyJ0b2tlbl90eXBlIjoicmVmcmVzaCIsImV4cCI6MTcyOTUwODQzMywiaWF0IjoxNzI5NDIyMDMzLCJqdGkiOiI0ZGYwMTg3NzVjYzc0ZWYwODBmODE2ZDgzZTlhYmQ4ZiIsInVzZXJfaWQiOjJ9.tu2GxtW2k07yKu0si9xW7EhlYn9EYLKvM1dStzcQ84w",
            "created_at": "2024-10-20T11:00:33.939Z",
            "expires_at": "2024-10-21T11:00:33Z"
        }
    },
    {
        "model": "token_blacklist.outstandingtoken",
        "pk": 139,
        "fields": {
            "user": 3,
            "jti": "d34e408f02bc4eaf8f7ebd2a40575fa0",
            "token": "eyJhbGciOiJIUzI1NiIsInR5cCI6IkpXVCJ9.eyJ0b2tlbl90eXBlIjoicmVmcmVzaCIsImV4cCI6MTcyOTUwODU5MCwiaWF0IjoxNzI5NDIyMTkwLCJqdGkiOiJkMzRlNDA4ZjAyYmM0ZWFmOGY3ZWJkMmE0MDU3NWZhMCIsInVzZXJfaWQiOjN9.iKo1pxgoupUY2oJhbMAxZfxFHlhfPrLjVzGDLb5ADGI",
            "created_at": "2024-10-20T11:03:10.360Z",
            "expires_at": "2024-10-21T11:03:10Z"
        }
    },
    {
        "model": "token_blacklist.outstandingtoken",
        "pk": 140,
        "fields": {
            "user": 3,
            "jti": "524b76e9050e421f995e5864fe65b3ce",
            "token": "eyJhbGciOiJIUzI1NiIsInR5cCI6IkpXVCJ9.eyJ0b2tlbl90eXBlIjoicmVmcmVzaCIsImV4cCI6MTcyOTUxMjUwOCwiaWF0IjoxNzI5NDI2MTA4LCJqdGkiOiI1MjRiNzZlOTA1MGU0MjFmOTk1ZTU4NjRmZTY1YjNjZSIsInVzZXJfaWQiOjN9._WIkwcKGcfzkdXC-iXF5MyS9geyPKUOQWr36VmrVXMo",
            "created_at": "2024-10-20T12:08:28.016Z",
            "expires_at": "2024-10-21T12:08:28Z"
        }
    },
    {
        "model": "token_blacklist.outstandingtoken",
        "pk": 141,
        "fields": {
            "user": 2,
            "jti": "fc9cbee1dccc41f187190a857ab989da",
            "token": "eyJhbGciOiJIUzI1NiIsInR5cCI6IkpXVCJ9.eyJ0b2tlbl90eXBlIjoicmVmcmVzaCIsImV4cCI6MTcyOTUxNDAyOCwiaWF0IjoxNzI5NDI3NjI4LCJqdGkiOiJmYzljYmVlMWRjY2M0MWYxODcxOTBhODU3YWI5ODlkYSIsInVzZXJfaWQiOjJ9.JQxsOi8SfKf0LxnjL8KWRqHaMg6tunUXyOtv4LSvRMI",
            "created_at": "2024-10-20T12:33:48.118Z",
            "expires_at": "2024-10-21T12:33:48Z"
        }
    },
    {
        "model": "token_blacklist.outstandingtoken",
        "pk": 142,
        "fields": {
            "user": 3,
            "jti": "b9f3e971de9742d2aaa241ba913e5bc3",
            "token": "eyJhbGciOiJIUzI1NiIsInR5cCI6IkpXVCJ9.eyJ0b2tlbl90eXBlIjoicmVmcmVzaCIsImV4cCI6MTcyOTUxNDEzOCwiaWF0IjoxNzI5NDI3NzM4LCJqdGkiOiJiOWYzZTk3MWRlOTc0MmQyYWFhMjQxYmE5MTNlNWJjMyIsInVzZXJfaWQiOjN9.CzzWijVIJJcUhbaeqG6np6DJxYqNkit5-aeev_wxpQ8",
            "created_at": "2024-10-20T12:35:38.096Z",
            "expires_at": "2024-10-21T12:35:38Z"
        }
    },
    {
        "model": "token_blacklist.outstandingtoken",
        "pk": 143,
        "fields": {
            "user": 3,
            "jti": "2d0eecec87324e85bdc000057221fa32",
            "token": "eyJhbGciOiJIUzI1NiIsInR5cCI6IkpXVCJ9.eyJ0b2tlbl90eXBlIjoicmVmcmVzaCIsImV4cCI6MTcyOTUxNTIxOCwiaWF0IjoxNzI5NDI4ODE4LCJqdGkiOiIyZDBlZWNlYzg3MzI0ZTg1YmRjMDAwMDU3MjIxZmEzMiIsInVzZXJfaWQiOjN9.RajZnOdAXgVp-iOLvp7lxx570R4HusqewhDOp8huQVo",
            "created_at": "2024-10-20T12:53:38.563Z",
            "expires_at": "2024-10-21T12:53:38Z"
        }
    },
    {
        "model": "token_blacklist.outstandingtoken",
        "pk": 144,
        "fields": {
            "user": 2,
            "jti": "ddd32986533344349f7dd955709d7228",
            "token": "eyJhbGciOiJIUzI1NiIsInR5cCI6IkpXVCJ9.eyJ0b2tlbl90eXBlIjoicmVmcmVzaCIsImV4cCI6MTcyOTUxNTQyMiwiaWF0IjoxNzI5NDI5MDIyLCJqdGkiOiJkZGQzMjk4NjUzMzM0NDM0OWY3ZGQ5NTU3MDlkNzIyOCIsInVzZXJfaWQiOjJ9.rPbmKirIBxP8rkyO7ILlRIclEfcY517iS1kitWYjb50",
            "created_at": "2024-10-20T12:57:02.541Z",
            "expires_at": "2024-10-21T12:57:02Z"
        }
    },
    {
        "model": "token_blacklist.outstandingtoken",
        "pk": 177,
        "fields": {
            "user": 3,
            "jti": "5d46aaa758194609ae06723acab58618",
            "token": "eyJhbGciOiJIUzI1NiIsInR5cCI6IkpXVCJ9.eyJ0b2tlbl90eXBlIjoicmVmcmVzaCIsImV4cCI6MTcyOTU1NjM1NSwiaWF0IjoxNzI5NDY5OTU1LCJqdGkiOiI1ZDQ2YWFhNzU4MTk0NjA5YWUwNjcyM2FjYWI1ODYxOCIsInVzZXJfaWQiOjN9.5yq_KQgd2_4Tg7WGPEsYujYYUD1ba9KU5NihvFLUPIs",
            "created_at": "2024-10-21T00:19:15.821Z",
            "expires_at": "2024-10-22T00:19:15Z"
        }
    },
    {
        "model": "token_blacklist.outstandingtoken",
        "pk": 178,
        "fields": {
            "user": 3,
            "jti": "749ae24861eb486bae601ae3a9e37c98",
            "token": "eyJhbGciOiJIUzI1NiIsInR5cCI6IkpXVCJ9.eyJ0b2tlbl90eXBlIjoicmVmcmVzaCIsImV4cCI6MTcyOTU4NDM0NSwiaWF0IjoxNzI5NDk3OTQ1LCJqdGkiOiI3NDlhZTI0ODYxZWI0ODZiYWU2MDFhZTNhOWUzN2M5OCIsInVzZXJfaWQiOjN9.mbR4BaxBBtwFuy2hvXawut8AFjeuVZKTIzegkpItA9s",
            "created_at": "2024-10-21T08:05:45.816Z",
            "expires_at": "2024-10-22T08:05:45Z"
        }
    },
    {
        "model": "token_blacklist.outstandingtoken",
        "pk": 179,
        "fields": {
            "user": 3,
            "jti": "54b916f9c33d44e3920268fc015405eb",
            "token": "eyJhbGciOiJIUzI1NiIsInR5cCI6IkpXVCJ9.eyJ0b2tlbl90eXBlIjoicmVmcmVzaCIsImV4cCI6MTcyOTU5MDEwMCwiaWF0IjoxNzI5NTAzNzAwLCJqdGkiOiI1NGI5MTZmOWMzM2Q0NGUzOTIwMjY4ZmMwMTU0MDVlYiIsInVzZXJfaWQiOjN9.FhuIGL4iZ5XzFsYGqvJuCr_JOKwuMXMegCGQDSkJVGg",
            "created_at": "2024-10-21T09:41:40.802Z",
            "expires_at": "2024-10-22T09:41:40Z"
        }
    },
    {
        "model": "token_blacklist.outstandingtoken",
        "pk": 180,
        "fields": {
            "user": 2,
            "jti": "1233ccdca4ab432cb8dc27309f1632c7",
            "token": "eyJhbGciOiJIUzI1NiIsInR5cCI6IkpXVCJ9.eyJ0b2tlbl90eXBlIjoicmVmcmVzaCIsImV4cCI6MTcyOTU5MzI4NiwiaWF0IjoxNzI5NTA2ODg2LCJqdGkiOiIxMjMzY2NkY2E0YWI0MzJjYjhkYzI3MzA5ZjE2MzJjNyIsInVzZXJfaWQiOjJ9.MQ1B694qh9AXBS6ZXNd8xOkL_QIz7inRqzJbicM_XSQ",
            "created_at": "2024-10-21T10:34:46.005Z",
            "expires_at": "2024-10-22T10:34:46Z"
        }
    },
    {
        "model": "token_blacklist.outstandingtoken",
        "pk": 181,
        "fields": {
            "user": 2,
            "jti": "1ec2d36129114c7cab5a669f37131ed9",
            "token": "eyJhbGciOiJIUzI1NiIsInR5cCI6IkpXVCJ9.eyJ0b2tlbl90eXBlIjoicmVmcmVzaCIsImV4cCI6MTcyOTU5Njg5NywiaWF0IjoxNzI5NTEwNDk3LCJqdGkiOiIxZWMyZDM2MTI5MTE0YzdjYWI1YTY2OWYzNzEzMWVkOSIsInVzZXJfaWQiOjJ9.jB-JT6ZlG5zG0X82ESbAOe5Nbse61mCt946zfz-8MQE",
            "created_at": "2024-10-21T11:34:57.313Z",
            "expires_at": "2024-10-22T11:34:57Z"
        }
    },
    {
        "model": "token_blacklist.outstandingtoken",
        "pk": 182,
        "fields": {
            "user": 2,
            "jti": "1ca8bca645dc43728d3f14a1fd0a357e",
            "token": "eyJhbGciOiJIUzI1NiIsInR5cCI6IkpXVCJ9.eyJ0b2tlbl90eXBlIjoicmVmcmVzaCIsImV4cCI6MTcyOTY0MjY0MiwiaWF0IjoxNzI5NTU2MjQyLCJqdGkiOiIxY2E4YmNhNjQ1ZGM0MzcyOGQzZjE0YTFmZDBhMzU3ZSIsInVzZXJfaWQiOjJ9.JJgpd2fciD_1sWPr4MOe8JxDdv067gzZLbc-QjU5wJ8",
            "created_at": "2024-10-22T00:17:22.758Z",
            "expires_at": "2024-10-23T00:17:22Z"
        }
    },
    {
        "model": "token_blacklist.outstandingtoken",
        "pk": 183,
        "fields": {
            "user": 2,
            "jti": "68f77c18fccd4e6b8a8d661b5d9d8b78",
            "token": "eyJhbGciOiJIUzI1NiIsInR5cCI6IkpXVCJ9.eyJ0b2tlbl90eXBlIjoicmVmcmVzaCIsImV4cCI6MTcyOTY0NjM1NCwiaWF0IjoxNzI5NTU5OTU0LCJqdGkiOiI2OGY3N2MxOGZjY2Q0ZTZiOGE4ZDY2MWI1ZDlkOGI3OCIsInVzZXJfaWQiOjJ9.zNt1gjSIGPSjJEpdw1ia8kqiqTMbUOogiOfvrJm_zuM",
            "created_at": "2024-10-22T01:19:14.889Z",
            "expires_at": "2024-10-23T01:19:14Z"
        }
    },
    {
        "model": "token_blacklist.outstandingtoken",
        "pk": 184,
        "fields": {
            "user": 2,
            "jti": "3f36b624012b4b8683954975b3be05fc",
            "token": "eyJhbGciOiJIUzI1NiIsInR5cCI6IkpXVCJ9.eyJ0b2tlbl90eXBlIjoicmVmcmVzaCIsImV4cCI6MTcyOTY0ODA3NiwiaWF0IjoxNzI5NTYxNjc2LCJqdGkiOiIzZjM2YjYyNDAxMmI0Yjg2ODM5NTQ5NzViM2JlMDVmYyIsInVzZXJfaWQiOjJ9.UsoTHQXJIhirxUTuRzqDhWbv9vgPh1egBE1zdG9Leow",
            "created_at": "2024-10-22T01:47:56.240Z",
            "expires_at": "2024-10-23T01:47:56Z"
        }
    },
    {
        "model": "token_blacklist.outstandingtoken",
        "pk": 185,
        "fields": {
            "user": 2,
            "jti": "b231d823b1a84091ba287ecb1eb0d95b",
            "token": "eyJhbGciOiJIUzI1NiIsInR5cCI6IkpXVCJ9.eyJ0b2tlbl90eXBlIjoicmVmcmVzaCIsImV4cCI6MTcyOTY1MTkyMSwiaWF0IjoxNzI5NTY1NTIxLCJqdGkiOiJiMjMxZDgyM2IxYTg0MDkxYmEyODdlY2IxZWIwZDk1YiIsInVzZXJfaWQiOjJ9.iGq4mlCw8U48gXGnQezRa6-SECIb_cvwnNN_r42w8T4",
            "created_at": "2024-10-22T02:52:01.664Z",
            "expires_at": "2024-10-23T02:52:01Z"
        }
    },
    {
        "model": "token_blacklist.outstandingtoken",
        "pk": 186,
        "fields": {
            "user": 3,
            "jti": "ba1e5b9f8e3a45b49094a62cc2321c28",
            "token": "eyJhbGciOiJIUzI1NiIsInR5cCI6IkpXVCJ9.eyJ0b2tlbl90eXBlIjoicmVmcmVzaCIsImV4cCI6MTcyOTY1MjQ1NSwiaWF0IjoxNzI5NTY2MDU1LCJqdGkiOiJiYTFlNWI5ZjhlM2E0NWI0OTA5NGE2MmNjMjMyMWMyOCIsInVzZXJfaWQiOjN9.XRX4iltp2CeFCcRaJYr_U1S8h4qjfQcRrpIJUhKF7kg",
            "created_at": "2024-10-22T03:00:55.714Z",
            "expires_at": "2024-10-23T03:00:55Z"
        }
    },
    {
        "model": "token_blacklist.outstandingtoken",
        "pk": 187,
        "fields": {
            "user": 3,
            "jti": "ef6cf32eb6f74679863d39c212ae81a2",
            "token": "eyJhbGciOiJIUzI1NiIsInR5cCI6IkpXVCJ9.eyJ0b2tlbl90eXBlIjoicmVmcmVzaCIsImV4cCI6MTcyOTY1OTk4NiwiaWF0IjoxNzI5NTczNTg2LCJqdGkiOiJlZjZjZjMyZWI2Zjc0Njc5ODYzZDM5YzIxMmFlODFhMiIsInVzZXJfaWQiOjN9.-OQYi6MzbC_nZtKcC1tph0NKckH_-Ll8zHe5GW9abPo",
            "created_at": "2024-10-22T05:06:26.563Z",
            "expires_at": "2024-10-23T05:06:26Z"
        }
    },
    {
        "model": "token_blacklist.outstandingtoken",
        "pk": 188,
        "fields": {
            "user": 1,
            "jti": "9e3137e0e2a04dfd84c3e92eeaf4d023",
            "token": "eyJhbGciOiJIUzI1NiIsInR5cCI6IkpXVCJ9.eyJ0b2tlbl90eXBlIjoicmVmcmVzaCIsImV4cCI6MTcyOTY2MjIxNSwiaWF0IjoxNzI5NTc1ODE1LCJqdGkiOiI5ZTMxMzdlMGUyYTA0ZGZkODRjM2U5MmVlYWY0ZDAyMyIsInVzZXJfaWQiOjF9.8s2d75-VbK4cogwVPuZUZIhsiSwehfKH1WCxYCySWHk",
            "created_at": "2024-10-22T05:43:35.367Z",
            "expires_at": "2024-10-23T05:43:35Z"
        }
    },
    {
        "model": "token_blacklist.outstandingtoken",
        "pk": 189,
        "fields": {
            "user": 3,
            "jti": "e51816cdbb5747dc89c6afa533c22ff6",
            "token": "eyJhbGciOiJIUzI1NiIsInR5cCI6IkpXVCJ9.eyJ0b2tlbl90eXBlIjoicmVmcmVzaCIsImV4cCI6MTcyOTY2MjYyOCwiaWF0IjoxNzI5NTc2MjI4LCJqdGkiOiJlNTE4MTZjZGJiNTc0N2RjODljNmFmYTUzM2MyMmZmNiIsInVzZXJfaWQiOjN9.5xoRHBMpvKj5hfdgmpkkAws7uaBYKmGsMc1s1KilMoQ",
            "created_at": "2024-10-22T05:50:28.093Z",
            "expires_at": "2024-10-23T05:50:28Z"
        }
    },
    {
        "model": "token_blacklist.outstandingtoken",
        "pk": 190,
        "fields": {
            "user": 3,
            "jti": "9b4c0216624646c08f9f7623250fb170",
            "token": "eyJhbGciOiJIUzI1NiIsInR5cCI6IkpXVCJ9.eyJ0b2tlbl90eXBlIjoicmVmcmVzaCIsImV4cCI6MTcyOTcyOTIxNSwiaWF0IjoxNzI5NjQyODE1LCJqdGkiOiI5YjRjMDIxNjYyNDY0NmMwOGY5Zjc2MjMyNTBmYjE3MCIsInVzZXJfaWQiOjN9.xQOosP-45xazp7vHIaW6J5c9GOEnIsUX7rxa-TyYWkA",
            "created_at": "2024-10-23T00:20:15.057Z",
            "expires_at": "2024-10-24T00:20:15Z"
        }
    },
    {
        "model": "token_blacklist.outstandingtoken",
        "pk": 191,
        "fields": {
            "user": 3,
            "jti": "4abb7a651cc346f284792648778ff87a",
            "token": "eyJhbGciOiJIUzI1NiIsInR5cCI6IkpXVCJ9.eyJ0b2tlbl90eXBlIjoicmVmcmVzaCIsImV4cCI6MTcyOTczMjk3MSwiaWF0IjoxNzI5NjQ2NTcxLCJqdGkiOiI0YWJiN2E2NTFjYzM0NmYyODQ3OTI2NDg3NzhmZjg3YSIsInVzZXJfaWQiOjN9.vpe44kwJRm_NzKVwaT8q99nfUS83G8HcugBes0miwHA",
            "created_at": "2024-10-23T01:22:51.712Z",
            "expires_at": "2024-10-24T01:22:51Z"
        }
    },
    {
        "model": "token_blacklist.outstandingtoken",
        "pk": 192,
        "fields": {
            "user": 3,
            "jti": "28d9cb6bdf3241a6845748a8612bbe65",
            "token": "eyJhbGciOiJIUzI1NiIsInR5cCI6IkpXVCJ9.eyJ0b2tlbl90eXBlIjoicmVmcmVzaCIsImV4cCI6MTcyOTc1MjY2MiwiaWF0IjoxNzI5NjY2MjYyLCJqdGkiOiIyOGQ5Y2I2YmRmMzI0MWE2ODQ1NzQ4YTg2MTJiYmU2NSIsInVzZXJfaWQiOjN9.DaTzCorJdB3P-JAhaf8iU943_AinDBfwPATmp6QHyVg",
            "created_at": "2024-10-23T06:51:02.602Z",
            "expires_at": "2024-10-24T06:51:02Z"
        }
    },
    {
        "model": "token_blacklist.outstandingtoken",
        "pk": 193,
        "fields": {
            "user": 3,
            "jti": "2231d6cf72a340fbb9e9d9dd5e19a84b",
            "token": "eyJhbGciOiJIUzI1NiIsInR5cCI6IkpXVCJ9.eyJ0b2tlbl90eXBlIjoicmVmcmVzaCIsImV4cCI6MTcyOTc1NzU5MCwiaWF0IjoxNzI5NjcxMTkwLCJqdGkiOiIyMjMxZDZjZjcyYTM0MGZiYjllOWQ5ZGQ1ZTE5YTg0YiIsInVzZXJfaWQiOjN9.ZiCG9HJ667Pe-Oje7D6UKpfCZypSRCAOm2q77fR3b60",
            "created_at": "2024-10-23T08:13:10.582Z",
            "expires_at": "2024-10-24T08:13:10Z"
        }
    },
    {
        "model": "token_blacklist.outstandingtoken",
        "pk": 194,
        "fields": {
            "user": 1,
            "jti": "bcaa73bb511b4aa0b0d8273bcadd13c8",
            "token": "eyJhbGciOiJIUzI1NiIsInR5cCI6IkpXVCJ9.eyJ0b2tlbl90eXBlIjoicmVmcmVzaCIsImV4cCI6MTcyOTc1NzYxNSwiaWF0IjoxNzI5NjcxMjE1LCJqdGkiOiJiY2FhNzNiYjUxMWI0YWEwYjBkODI3M2JjYWRkMTNjOCIsInVzZXJfaWQiOjF9.0ewMIGWEeSqpFeQnb1yE8LjKTZJOMMHeL6-A1-_ouMg",
            "created_at": "2024-10-23T08:13:35.089Z",
            "expires_at": "2024-10-24T08:13:35Z"
        }
    },
    {
        "model": "token_blacklist.outstandingtoken",
        "pk": 195,
        "fields": {
            "user": 3,
            "jti": "25e9a5a120f9492cbd23fc3120ba221c",
            "token": "eyJhbGciOiJIUzI1NiIsInR5cCI6IkpXVCJ9.eyJ0b2tlbl90eXBlIjoicmVmcmVzaCIsImV4cCI6MTcyOTc1Nzc0NywiaWF0IjoxNzI5NjcxMzQ3LCJqdGkiOiIyNWU5YTVhMTIwZjk0OTJjYmQyM2ZjMzEyMGJhMjIxYyIsInVzZXJfaWQiOjN9.-yxk8qwXKJVTMtDrX7S51B2GhBxxQ7Mt4cRf6WuqRk8",
            "created_at": "2024-10-23T08:15:47.186Z",
            "expires_at": "2024-10-24T08:15:47Z"
        }
    },
    {
        "model": "token_blacklist.outstandingtoken",
        "pk": 196,
        "fields": {
            "user": 3,
            "jti": "2b25f057105f4a43b42c9ebf9bf52e81",
            "token": "eyJhbGciOiJIUzI1NiIsInR5cCI6IkpXVCJ9.eyJ0b2tlbl90eXBlIjoicmVmcmVzaCIsImV4cCI6MTcyOTc2MTM3NiwiaWF0IjoxNzI5Njc0OTc2LCJqdGkiOiIyYjI1ZjA1NzEwNWY0YTQzYjQyYzllYmY5YmY1MmU4MSIsInVzZXJfaWQiOjN9.e_COSwZ2WmNg3e9pAgv_qOhT9VVtSjP4e8YarFAbv30",
            "created_at": "2024-10-23T09:16:16.566Z",
            "expires_at": "2024-10-24T09:16:16Z"
        }
    },
    {
        "model": "token_blacklist.outstandingtoken",
        "pk": 197,
        "fields": {
            "user": 2,
            "jti": "bdfe03766c444bb598517d6e82bd75ea",
            "token": "eyJhbGciOiJIUzI1NiIsInR5cCI6IkpXVCJ9.eyJ0b2tlbl90eXBlIjoicmVmcmVzaCIsImV4cCI6MTcyOTc2MjQ4NywiaWF0IjoxNzI5Njc2MDg3LCJqdGkiOiJiZGZlMDM3NjZjNDQ0YmI1OTg1MTdkNmU4MmJkNzVlYSIsInVzZXJfaWQiOjJ9.M-m9qG-r8P5ktymrvo_WrVerXQ92hVGDc_3fvXsuaW8",
            "created_at": "2024-10-23T09:34:47.313Z",
            "expires_at": "2024-10-24T09:34:47Z"
        }
    },
    {
        "model": "token_blacklist.outstandingtoken",
        "pk": 198,
        "fields": {
            "user": 3,
            "jti": "89e8d08d9feb48f099676042f7a87dbf",
            "token": "eyJhbGciOiJIUzI1NiIsInR5cCI6IkpXVCJ9.eyJ0b2tlbl90eXBlIjoicmVmcmVzaCIsImV4cCI6MTcyOTc2MjU1MiwiaWF0IjoxNzI5Njc2MTUyLCJqdGkiOiI4OWU4ZDA4ZDlmZWI0OGYwOTk2NzYwNDJmN2E4N2RiZiIsInVzZXJfaWQiOjN9.a6JCbKTvzDquxvcpYwwNm9g2G7Np6H-0BbV8ahf1pJ0",
            "created_at": "2024-10-23T09:35:52.523Z",
            "expires_at": "2024-10-24T09:35:52Z"
        }
    },
    {
        "model": "token_blacklist.outstandingtoken",
        "pk": 199,
        "fields": {
            "user": 2,
            "jti": "0f5b00a76a9a447291cdaac493d258f3",
            "token": "eyJhbGciOiJIUzI1NiIsInR5cCI6IkpXVCJ9.eyJ0b2tlbl90eXBlIjoicmVmcmVzaCIsImV4cCI6MTcyOTc2NTYyMiwiaWF0IjoxNzI5Njc5MjIyLCJqdGkiOiIwZjViMDBhNzZhOWE0NDcyOTFjZGFhYzQ5M2QyNThmMyIsInVzZXJfaWQiOjJ9.rFa3Zj_irPYHHRrstjSLhHXm8CN5GSFlKkDd23wOUk4",
            "created_at": "2024-10-23T10:27:02.824Z",
            "expires_at": "2024-10-24T10:27:02Z"
        }
    },
    {
        "model": "token_blacklist.outstandingtoken",
        "pk": 200,
        "fields": {
            "user": 2,
            "jti": "3f5d7770440c43579ff828ed1aa3a384",
            "token": "eyJhbGciOiJIUzI1NiIsInR5cCI6IkpXVCJ9.eyJ0b2tlbl90eXBlIjoicmVmcmVzaCIsImV4cCI6MTcyOTc2OTM5MywiaWF0IjoxNzI5NjgyOTkzLCJqdGkiOiIzZjVkNzc3MDQ0MGM0MzU3OWZmODI4ZWQxYWEzYTM4NCIsInVzZXJfaWQiOjJ9.CEoUvZDp0e7cj-iZ4glw1BC5OkL0PHGZsBNwtr1NXKo",
            "created_at": "2024-10-23T11:29:53.667Z",
            "expires_at": "2024-10-24T11:29:53Z"
        }
    },
    {
        "model": "token_blacklist.outstandingtoken",
        "pk": 201,
        "fields": {
            "user": 2,
            "jti": "c09f34969879419bb212167f07193af5",
            "token": "eyJhbGciOiJIUzI1NiIsInR5cCI6IkpXVCJ9.eyJ0b2tlbl90eXBlIjoicmVmcmVzaCIsImV4cCI6MTcyOTc3MzAwOCwiaWF0IjoxNzI5Njg2NjA4LCJqdGkiOiJjMDlmMzQ5Njk4Nzk0MTliYjIxMjE2N2YwNzE5M2FmNSIsInVzZXJfaWQiOjJ9.ONyFt8KUMKeb5OIOkR5Bfa--3NG2MOqkj79ng6GR2mI",
            "created_at": "2024-10-23T12:30:08.914Z",
            "expires_at": "2024-10-24T12:30:08Z"
        }
    },
    {
        "model": "token_blacklist.outstandingtoken",
        "pk": 202,
        "fields": {
            "user": 3,
            "jti": "70e7f3eac8d04a1bb346c59a1ea9e3e3",
            "token": "eyJhbGciOiJIUzI1NiIsInR5cCI6IkpXVCJ9.eyJ0b2tlbl90eXBlIjoicmVmcmVzaCIsImV4cCI6MTcyOTgzNTUzNiwiaWF0IjoxNzI5NzQ5MTM2LCJqdGkiOiI3MGU3ZjNlYWM4ZDA0YTFiYjM0NmM1OWExZWE5ZTNlMyIsInVzZXJfaWQiOjN9.RrPtuhnCNtgtfk2ieJeDm3rEQISg0hNEzf9oThG60VQ",
            "created_at": "2024-10-24T05:52:16.918Z",
            "expires_at": "2024-10-25T05:52:16Z"
        }
    },
    {
        "model": "token_blacklist.outstandingtoken",
        "pk": 203,
        "fields": {
            "user": 2,
            "jti": "946e80386b8c456a803323608ddf903b",
            "token": "eyJhbGciOiJIUzI1NiIsInR5cCI6IkpXVCJ9.eyJ0b2tlbl90eXBlIjoicmVmcmVzaCIsImV4cCI6MTcyOTgzNTU3NCwiaWF0IjoxNzI5NzQ5MTc0LCJqdGkiOiI5NDZlODAzODZiOGM0NTZhODAzMzIzNjA4ZGRmOTAzYiIsInVzZXJfaWQiOjJ9.z4KyS30nLJwwU0ko_34c5wki029FnCQSSko-LM1B3J4",
            "created_at": "2024-10-24T05:52:54.205Z",
            "expires_at": "2024-10-25T05:52:54Z"
        }
    },
    {
        "model": "token_blacklist.outstandingtoken",
        "pk": 204,
        "fields": {
            "user": 3,
            "jti": "a4144759eb374af0b8b02c21c1f60dd6",
            "token": "eyJhbGciOiJIUzI1NiIsInR5cCI6IkpXVCJ9.eyJ0b2tlbl90eXBlIjoicmVmcmVzaCIsImV4cCI6MTcyOTgzNTg1NSwiaWF0IjoxNzI5NzQ5NDU1LCJqdGkiOiJhNDE0NDc1OWViMzc0YWYwYjhiMDJjMjFjMWY2MGRkNiIsInVzZXJfaWQiOjN9.lbax76mD4EN7sLuS1VzdHt9YU3K9rDql_-offvyd3U0",
            "created_at": "2024-10-24T05:57:35.960Z",
            "expires_at": "2024-10-25T05:57:35Z"
        }
    },
    {
        "model": "token_blacklist.outstandingtoken",
        "pk": 205,
        "fields": {
            "user": 3,
            "jti": "6f7b541257e04dd7bfbd60fe21d2b10d",
            "token": "eyJhbGciOiJIUzI1NiIsInR5cCI6IkpXVCJ9.eyJ0b2tlbl90eXBlIjoicmVmcmVzaCIsImV4cCI6MTczMDI0NjQ4MCwiaWF0IjoxNzMwMTYwMDgwLCJqdGkiOiI2ZjdiNTQxMjU3ZTA0ZGQ3YmZiZDYwZmUyMWQyYjEwZCIsInVzZXJfaWQiOjN9.ilet588HOuRuKRP_To8nwtYg_GewCX9noLQ7VStpo3k",
            "created_at": "2024-10-29T00:01:20.364Z",
            "expires_at": "2024-10-30T00:01:20Z"
        }
    },
    {
        "model": "token_blacklist.outstandingtoken",
        "pk": 206,
        "fields": {
            "user": 3,
            "jti": "6f0e6e5f3587462ea491070db1fa9454",
            "token": "eyJhbGciOiJIUzI1NiIsInR5cCI6IkpXVCJ9.eyJ0b2tlbl90eXBlIjoicmVmcmVzaCIsImV4cCI6MTczMDI1MDM0MSwiaWF0IjoxNzMwMTYzOTQxLCJqdGkiOiI2ZjBlNmU1ZjM1ODc0NjJlYTQ5MTA3MGRiMWZhOTQ1NCIsInVzZXJfaWQiOjN9.kOSVsfnkmlFQWhvhE5TOIPA0aWx5fMRQrYxy5d0CgpU",
            "created_at": "2024-10-29T01:05:41.936Z",
            "expires_at": "2024-10-30T01:05:41Z"
        }
    },
    {
        "model": "token_blacklist.outstandingtoken",
        "pk": 207,
        "fields": {
            "user": 3,
            "jti": "bc5343d8f7ec4d47a71fbb3781d0c828",
            "token": "eyJhbGciOiJIUzI1NiIsInR5cCI6IkpXVCJ9.eyJ0b2tlbl90eXBlIjoicmVmcmVzaCIsImV4cCI6MTczMDI1Mzk1MiwiaWF0IjoxNzMwMTY3NTUyLCJqdGkiOiJiYzUzNDNkOGY3ZWM0ZDQ3YTcxZmJiMzc4MWQwYzgyOCIsInVzZXJfaWQiOjN9.zYDIFBnY5v-EXYymgZ_JGcqAtudOJDjU7YyQpBAZ6XI",
            "created_at": "2024-10-29T02:05:52.178Z",
            "expires_at": "2024-10-30T02:05:52Z"
        }
    },
    {
        "model": "token_blacklist.outstandingtoken",
        "pk": 208,
        "fields": {
            "user": 3,
            "jti": "23fb3fefe0184794bc4bcca62cf3cc8b",
            "token": "eyJhbGciOiJIUzI1NiIsInR5cCI6IkpXVCJ9.eyJ0b2tlbl90eXBlIjoicmVmcmVzaCIsImV4cCI6MTczMDI1NzczNSwiaWF0IjoxNzMwMTcxMzM1LCJqdGkiOiIyM2ZiM2ZlZmUwMTg0Nzk0YmM0YmNjYTYyY2YzY2M4YiIsInVzZXJfaWQiOjN9.Sz_NCA68fa5pk3UpCGJAVDh0clY16FU7p-ay9NAcWiM",
            "created_at": "2024-10-29T03:08:55.827Z",
            "expires_at": "2024-10-30T03:08:55Z"
        }
    },
    {
        "model": "token_blacklist.outstandingtoken",
        "pk": 209,
        "fields": {
            "user": 3,
            "jti": "2e763991a9cd418e9bc6b5755eb6dc28",
            "token": "eyJhbGciOiJIUzI1NiIsInR5cCI6IkpXVCJ9.eyJ0b2tlbl90eXBlIjoicmVmcmVzaCIsImV4cCI6MTczMDI2MTQ1NSwiaWF0IjoxNzMwMTc1MDU1LCJqdGkiOiIyZTc2Mzk5MWE5Y2Q0MThlOWJjNmI1NzU1ZWI2ZGMyOCIsInVzZXJfaWQiOjN9.xPVYr8-il0UarQEMJIKKjU7zvv1nt8H0rtWZZ-bPECo",
            "created_at": "2024-10-29T04:10:55.669Z",
            "expires_at": "2024-10-30T04:10:55Z"
        }
    },
    {
        "model": "token_blacklist.outstandingtoken",
        "pk": 210,
        "fields": {
            "user": 3,
            "jti": "e4932041a55e4a0bb3a91297ed19207e",
            "token": "eyJhbGciOiJIUzI1NiIsInR5cCI6IkpXVCJ9.eyJ0b2tlbl90eXBlIjoicmVmcmVzaCIsImV4cCI6MTczMDI2NTExOCwiaWF0IjoxNzMwMTc4NzE4LCJqdGkiOiJlNDkzMjA0MWE1NWU0YTBiYjNhOTEyOTdlZDE5MjA3ZSIsInVzZXJfaWQiOjN9.dxcbd2mXsCFVvj8TnPR-dr4ZSyLC1rhlcnzkFydP698",
            "created_at": "2024-10-29T05:11:58.389Z",
            "expires_at": "2024-10-30T05:11:58Z"
        }
    },
    {
        "model": "token_blacklist.outstandingtoken",
        "pk": 211,
        "fields": {
            "user": 3,
            "jti": "27a4ca2d70a84b9386f94bae4583e536",
            "token": "eyJhbGciOiJIUzI1NiIsInR5cCI6IkpXVCJ9.eyJ0b2tlbl90eXBlIjoicmVmcmVzaCIsImV4cCI6MTczMDI4NzgxMiwiaWF0IjoxNzMwMjAxNDEyLCJqdGkiOiIyN2E0Y2EyZDcwYTg0YjkzODZmOTRiYWU0NTgzZTUzNiIsInVzZXJfaWQiOjN9.0Xa__5uIUFivuU2OkP_nCsmgDseEtzqJdfyuztMe3BI",
            "created_at": "2024-10-29T11:30:12.017Z",
            "expires_at": "2024-10-30T11:30:12Z"
        }
    },
    {
        "model": "token_blacklist.outstandingtoken",
        "pk": 212,
        "fields": {
            "user": 3,
            "jti": "e25e4c46b86349c6a95029a13ee920e7",
            "token": "eyJhbGciOiJIUzI1NiIsInR5cCI6IkpXVCJ9.eyJ0b2tlbl90eXBlIjoicmVmcmVzaCIsImV4cCI6MTczMDI5MTQ0OCwiaWF0IjoxNzMwMjA1MDQ4LCJqdGkiOiJlMjVlNGM0NmI4NjM0OWM2YTk1MDI5YTEzZWU5MjBlNyIsInVzZXJfaWQiOjN9.YIz7qD80uFXnvMbBsBstJcG07EC1gkMVwOrYWs6Ex80",
            "created_at": "2024-10-29T12:30:48.029Z",
            "expires_at": "2024-10-30T12:30:48Z"
        }
    },
    {
        "model": "token_blacklist.outstandingtoken",
        "pk": 213,
        "fields": {
            "user": 3,
            "jti": "33817c68a5554d3189b0fd144adb0495",
            "token": "eyJhbGciOiJIUzI1NiIsInR5cCI6IkpXVCJ9.eyJ0b2tlbl90eXBlIjoicmVmcmVzaCIsImV4cCI6MTczMDI5MTUxNSwiaWF0IjoxNzMwMjA1MTE1LCJqdGkiOiIzMzgxN2M2OGE1NTU0ZDMxODliMGZkMTQ0YWRiMDQ5NSIsInVzZXJfaWQiOjN9.SZwt_d52J5ssxHQXa04BdvfHEPa47TBVOstUbY0TqAs",
            "created_at": "2024-10-29T12:31:55.335Z",
            "expires_at": "2024-10-30T12:31:55Z"
        }
    },
    {
        "model": "token_blacklist.outstandingtoken",
        "pk": 214,
        "fields": {
            "user": 3,
            "jti": "f88ebbbf563a431abcb96c9615038a39",
            "token": "eyJhbGciOiJIUzI1NiIsInR5cCI6IkpXVCJ9.eyJ0b2tlbl90eXBlIjoicmVmcmVzaCIsImV4cCI6MTczMDI5MzY3MywiaWF0IjoxNzMwMjA3MjczLCJqdGkiOiJmODhlYmJiZjU2M2E0MzFhYmNiOTZjOTYxNTAzOGEzOSIsInVzZXJfaWQiOjN9.1dlBOciMDAaMNKH1eYVrkbISovOcLcezwZAZg8a1moA",
            "created_at": "2024-10-29T13:07:53.456Z",
            "expires_at": "2024-10-30T13:07:53Z"
        }
    },
    {
        "model": "token_blacklist.outstandingtoken",
        "pk": 215,
        "fields": {
            "user": 3,
            "jti": "74cebe898d684319855dbf46c9999a2b",
            "token": "eyJhbGciOiJIUzI1NiIsInR5cCI6IkpXVCJ9.eyJ0b2tlbl90eXBlIjoicmVmcmVzaCIsImV4cCI6MTczMDM2MzIyNiwiaWF0IjoxNzMwMjc2ODI2LCJqdGkiOiI3NGNlYmU4OThkNjg0MzE5ODU1ZGJmNDZjOTk5OWEyYiIsInVzZXJfaWQiOjN9.mnEjEyIqkOzWkbLR6yacD9Ud4KhnLgZosQQ8-mRqw9A",
            "created_at": "2024-10-30T08:27:06.052Z",
            "expires_at": "2024-10-31T08:27:06Z"
        }
    },
    {
        "model": "token_blacklist.outstandingtoken",
        "pk": 216,
        "fields": {
            "user": 3,
            "jti": "a2b32f16a47b492e915e8520304a35b5",
            "token": "eyJhbGciOiJIUzI1NiIsInR5cCI6IkpXVCJ9.eyJ0b2tlbl90eXBlIjoicmVmcmVzaCIsImV4cCI6MTczMDM3ODU3MCwiaWF0IjoxNzMwMjkyMTcwLCJqdGkiOiJhMmIzMmYxNmE0N2I0OTJlOTE1ZTg1MjAzMDRhMzViNSIsInVzZXJfaWQiOjN9.RWDIUsOdkwPkXpDwvxGlajvNSA5YWZm9aUjSMCzcROo",
            "created_at": "2024-10-30T12:42:50.816Z",
            "expires_at": "2024-10-31T12:42:50Z"
        }
    },
    {
        "model": "token_blacklist.outstandingtoken",
        "pk": 217,
        "fields": {
            "user": 3,
            "jti": "811b5d6b3a6e4b1ba0c9430fa42c1932",
            "token": "eyJhbGciOiJIUzI1NiIsInR5cCI6IkpXVCJ9.eyJ0b2tlbl90eXBlIjoicmVmcmVzaCIsImV4cCI6MTczMDQzNjM1NywiaWF0IjoxNzMwMzQ5OTU3LCJqdGkiOiI4MTFiNWQ2YjNhNmU0YjFiYTBjOTQzMGZhNDJjMTkzMiIsInVzZXJfaWQiOjN9.c_A45hhBQ_Kg5MRmp_2kCbqM_ZmoXhgQrbLj3Hh-hjg",
            "created_at": "2024-10-31T04:45:57.520Z",
            "expires_at": "2024-11-01T04:45:57Z"
        }
    },
    {
        "model": "token_blacklist.outstandingtoken",
        "pk": 218,
        "fields": {
            "user": 2,
            "jti": "a8d9ca07ac8b45c48713c894d9cd4bac",
            "token": "eyJhbGciOiJIUzI1NiIsInR5cCI6IkpXVCJ9.eyJ0b2tlbl90eXBlIjoicmVmcmVzaCIsImV4cCI6MTczMDQzNjkzNywiaWF0IjoxNzMwMzUwNTM3LCJqdGkiOiJhOGQ5Y2EwN2FjOGI0NWM0ODcxM2M4OTRkOWNkNGJhYyIsInVzZXJfaWQiOjJ9.LKZJgmJbw4drGUqRCV3zmw1JhqIwGsIxG9vCZmtJPSU",
            "created_at": "2024-10-31T04:55:37.848Z",
            "expires_at": "2024-11-01T04:55:37Z"
        }
    },
    {
        "model": "token_blacklist.outstandingtoken",
        "pk": 219,
        "fields": {
            "user": 2,
            "jti": "5d80f6be7cff409c8a81b68650f5066c",
            "token": "eyJhbGciOiJIUzI1NiIsInR5cCI6IkpXVCJ9.eyJ0b2tlbl90eXBlIjoicmVmcmVzaCIsImV4cCI6MTczMDQzNzQ5MSwiaWF0IjoxNzMwMzUxMDkxLCJqdGkiOiI1ZDgwZjZiZTdjZmY0MDljOGE4MWI2ODY1MGY1MDY2YyIsInVzZXJfaWQiOjJ9.aB4guNDDOgcEJFQINNgiMtJHMGBzevBlC6JWkJkseJU",
            "created_at": "2024-10-31T05:04:51.218Z",
            "expires_at": "2024-11-01T05:04:51Z"
        }
    },
    {
        "model": "token_blacklist.outstandingtoken",
        "pk": 220,
        "fields": {
            "user": 3,
            "jti": "3be1636e23d94d7fa917d4c4fcf5b6ef",
            "token": "eyJhbGciOiJIUzI1NiIsInR5cCI6IkpXVCJ9.eyJ0b2tlbl90eXBlIjoicmVmcmVzaCIsImV4cCI6MTczMDQ1OTQ3MiwiaWF0IjoxNzMwMzczMDcyLCJqdGkiOiIzYmUxNjM2ZTIzZDk0ZDdmYTkxN2Q0YzRmY2Y1YjZlZiIsInVzZXJfaWQiOjN9.E0L-dwtfwOAZdhzl7KnAO64Oq6nhUfkEwGIG_R9wMcg",
            "created_at": "2024-10-31T11:11:12.156Z",
            "expires_at": "2024-11-01T11:11:12Z"
        }
    },
    {
        "model": "token_blacklist.outstandingtoken",
        "pk": 221,
        "fields": {
            "user": 3,
            "jti": "90080a0d9e574a65ad343bd81831cd4b",
            "token": "eyJhbGciOiJIUzI1NiIsInR5cCI6IkpXVCJ9.eyJ0b2tlbl90eXBlIjoicmVmcmVzaCIsImV4cCI6MTczMDUxMDE0MSwiaWF0IjoxNzMwNDIzNzQxLCJqdGkiOiI5MDA4MGEwZDllNTc0YTY1YWQzNDNiZDgxODMxY2Q0YiIsInVzZXJfaWQiOjN9.r-Dj0FZNNctTNvLdoBYzKQVFNdWTD5n_RmWaHuVWunk",
            "created_at": "2024-11-01T01:15:41.924Z",
            "expires_at": "2024-11-02T01:15:41Z"
        }
    },
    {
        "model": "token_blacklist.outstandingtoken",
        "pk": 222,
        "fields": {
            "user": 3,
            "jti": "d6225d74f25e4c929138c2426c65caed",
            "token": "eyJhbGciOiJIUzI1NiIsInR5cCI6IkpXVCJ9.eyJ0b2tlbl90eXBlIjoicmVmcmVzaCIsImV4cCI6MTczMDU0MjUyOSwiaWF0IjoxNzMwNDU2MTI5LCJqdGkiOiJkNjIyNWQ3NGYyNWU0YzkyOTEzOGMyNDI2YzY1Y2FlZCIsInVzZXJfaWQiOjN9.PquaGyhaUK-qbyAqA8HbDqAXYlH1z2PX2O7N7tEFbF8",
            "created_at": "2024-11-01T10:15:29.957Z",
            "expires_at": "2024-11-02T10:15:29Z"
        }
    },
    {
        "model": "token_blacklist.outstandingtoken",
        "pk": 223,
        "fields": {
            "user": 3,
            "jti": "b34d5e5337954f5e923a3d500bcef3d4",
            "token": "eyJhbGciOiJIUzI1NiIsInR5cCI6IkpXVCJ9.eyJ0b2tlbl90eXBlIjoicmVmcmVzaCIsImV4cCI6MTczMDU0NDMzOSwiaWF0IjoxNzMwNDU3OTM5LCJqdGkiOiJiMzRkNWU1MzM3OTU0ZjVlOTIzYTNkNTAwYmNlZjNkNCIsInVzZXJfaWQiOjN9.ohU-3tEhytYG_xE-b01Qtz8zqNQJoR8U8rd_A8gKvJ8",
            "created_at": "2024-11-01T10:45:39.314Z",
            "expires_at": "2024-11-02T10:45:39Z"
        }
    },
    {
        "model": "token_blacklist.outstandingtoken",
        "pk": 224,
        "fields": {
            "user": 1,
            "jti": "c3309c88b31d44faa987b59e2859f51b",
            "token": "eyJhbGciOiJIUzI1NiIsInR5cCI6IkpXVCJ9.eyJ0b2tlbl90eXBlIjoicmVmcmVzaCIsImV4cCI6MTczMDU0NDQ2NywiaWF0IjoxNzMwNDU4MDY3LCJqdGkiOiJjMzMwOWM4OGIzMWQ0NGZhYTk4N2I1OWUyODU5ZjUxYiIsInVzZXJfaWQiOjF9.qpqmoIiFXWsi9zCoQ1wiUGnaiAzzIAf1KaS_2-payZc",
            "created_at": "2024-11-01T10:47:47.407Z",
            "expires_at": "2024-11-02T10:47:47Z"
        }
    },
    {
        "model": "token_blacklist.outstandingtoken",
        "pk": 225,
        "fields": {
            "user": 1,
            "jti": "57dbc01897494e88bf3f34eb7bdb1a46",
            "token": "eyJhbGciOiJIUzI1NiIsInR5cCI6IkpXVCJ9.eyJ0b2tlbl90eXBlIjoicmVmcmVzaCIsImV4cCI6MTczMDYxODY3OSwiaWF0IjoxNzMwNTMyMjc5LCJqdGkiOiI1N2RiYzAxODk3NDk0ZTg4YmYzZjM0ZWI3YmRiMWE0NiIsInVzZXJfaWQiOjF9.6vOMsKeukGbNTM9oOwXMh8QgAQsd6NU39OnhZzFgzoI",
            "created_at": "2024-11-02T07:24:39.681Z",
            "expires_at": "2024-11-03T07:24:39Z"
        }
    },
    {
        "model": "token_blacklist.outstandingtoken",
        "pk": 226,
        "fields": {
            "user": 3,
            "jti": "cecbb5b789134b6e8d62652d53033294",
            "token": "eyJhbGciOiJIUzI1NiIsInR5cCI6IkpXVCJ9.eyJ0b2tlbl90eXBlIjoicmVmcmVzaCIsImV4cCI6MTczMDYyMTExNCwiaWF0IjoxNzMwNTM0NzE0LCJqdGkiOiJjZWNiYjViNzg5MTM0YjZlOGQ2MjY1MmQ1MzAzMzI5NCIsInVzZXJfaWQiOjN9.9g1_NGyx2dKq_gQdVOjKoM24V2mJW34vX5aTxv05gPA",
            "created_at": "2024-11-02T08:05:14.744Z",
            "expires_at": "2024-11-03T08:05:14Z"
        }
    },
    {
        "model": "token_blacklist.outstandingtoken",
        "pk": 227,
        "fields": {
            "user": 3,
            "jti": "490b98b286db4075a2f70c6133025798",
            "token": "eyJhbGciOiJIUzI1NiIsInR5cCI6IkpXVCJ9.eyJ0b2tlbl90eXBlIjoicmVmcmVzaCIsImV4cCI6MTczMDY4MDUxNywiaWF0IjoxNzMwNTk0MTE3LCJqdGkiOiI0OTBiOThiMjg2ZGI0MDc1YTJmNzBjNjEzMzAyNTc5OCIsInVzZXJfaWQiOjN9.2Dmse0EbYPv7QdySzyKSdShvr2cbxUIGJIlvNF5xzaU",
            "created_at": "2024-11-03T00:35:17.286Z",
            "expires_at": "2024-11-04T00:35:17Z"
        }
    },
    {
        "model": "token_blacklist.outstandingtoken",
        "pk": 228,
        "fields": {
            "user": 1,
            "jti": "c256a3dee4f64c49aede6250cb053953",
            "token": "eyJhbGciOiJIUzI1NiIsInR5cCI6IkpXVCJ9.eyJ0b2tlbl90eXBlIjoicmVmcmVzaCIsImV4cCI6MTczMDY4MDU0MiwiaWF0IjoxNzMwNTk0MTQyLCJqdGkiOiJjMjU2YTNkZWU0ZjY0YzQ5YWVkZTYyNTBjYjA1Mzk1MyIsInVzZXJfaWQiOjF9.roI_lEvIIyrlSKORR_JEC2_hguIit8pXs6o7HyzUCdA",
            "created_at": "2024-11-03T00:35:42.802Z",
            "expires_at": "2024-11-04T00:35:42Z"
        }
    },
    {
        "model": "token_blacklist.outstandingtoken",
        "pk": 229,
        "fields": {
            "user": 3,
            "jti": "1d97b0083a7a4c78a917fe9802cf1a23",
            "token": "eyJhbGciOiJIUzI1NiIsInR5cCI6IkpXVCJ9.eyJ0b2tlbl90eXBlIjoicmVmcmVzaCIsImV4cCI6MTczMDY4MDU4MiwiaWF0IjoxNzMwNTk0MTgyLCJqdGkiOiIxZDk3YjAwODNhN2E0Yzc4YTkxN2ZlOTgwMmNmMWEyMyIsInVzZXJfaWQiOjN9.0RbKIofYxkDKfRBvEbSfaILaxJ1lqag5s0k-Z1b77ms",
            "created_at": "2024-11-03T00:36:22.260Z",
            "expires_at": "2024-11-04T00:36:22Z"
        }
    },
    {
        "model": "token_blacklist.outstandingtoken",
        "pk": 230,
        "fields": {
            "user": 1,
            "jti": "e738dcf052654d7ca2583249004f930e",
            "token": "eyJhbGciOiJIUzI1NiIsInR5cCI6IkpXVCJ9.eyJ0b2tlbl90eXBlIjoicmVmcmVzaCIsImV4cCI6MTczMDY4MDcyNiwiaWF0IjoxNzMwNTk0MzI2LCJqdGkiOiJlNzM4ZGNmMDUyNjU0ZDdjYTI1ODMyNDkwMDRmOTMwZSIsInVzZXJfaWQiOjF9.vkezpahBS9Py8YFbi2OrPoaaLNOa9RDe9cVVV9otQjA",
            "created_at": "2024-11-03T00:38:46.302Z",
            "expires_at": "2024-11-04T00:38:46Z"
        }
    },
    {
        "model": "token_blacklist.outstandingtoken",
        "pk": 231,
        "fields": {
            "user": 1,
            "jti": "594e01b3fccb45e68ea7a5743d4bd68f",
            "token": "eyJhbGciOiJIUzI1NiIsInR5cCI6IkpXVCJ9.eyJ0b2tlbl90eXBlIjoicmVmcmVzaCIsImV4cCI6MTczMDY4NDQ2OSwiaWF0IjoxNzMwNTk4MDY5LCJqdGkiOiI1OTRlMDFiM2ZjY2I0NWU2OGVhN2E1NzQzZDRiZDY4ZiIsInVzZXJfaWQiOjF9.d2T_bV_6CiqbkzXmj9ciIbvQvfLr5XbcvCO9QeGeOhQ",
            "created_at": "2024-11-03T01:41:09.055Z",
            "expires_at": "2024-11-04T01:41:09Z"
        }
    },
    {
        "model": "token_blacklist.outstandingtoken",
        "pk": 232,
        "fields": {
            "user": 3,
            "jti": "78b185df2c454365a7ab1a5da55c2c0e",
            "token": "eyJhbGciOiJIUzI1NiIsInR5cCI6IkpXVCJ9.eyJ0b2tlbl90eXBlIjoicmVmcmVzaCIsImV4cCI6MTczMDY4NTExNSwiaWF0IjoxNzMwNTk4NzE1LCJqdGkiOiI3OGIxODVkZjJjNDU0MzY1YTdhYjFhNWRhNTVjMmMwZSIsInVzZXJfaWQiOjN9.5OGr3e03sdPJYkrEC4xQQnkacX6dFjMedNqwc9mmQqU",
            "created_at": "2024-11-03T01:51:55.687Z",
            "expires_at": "2024-11-04T01:51:55Z"
        }
    },
    {
        "model": "accounts.user",
        "pk": 1,
        "fields": {
            "password": "pbkdf2_sha256$600000$UtgYnp6rnHUrzhOZoaLUgO$oeucfohwVEZ+St66q3vaUbA41Zd7v+vQqB9jOCrQW74=",
            "last_login": "2024-11-03T00:57:42.271Z",
            "is_superuser": true,
            "username": "admin",
            "first_name": "",
            "last_name": "",
            "email": "admin@gmail.com",
            "is_staff": true,
            "is_active": true,
            "date_joined": "2024-10-02T06:25:46.759Z",
            "is_student": false,
            "is_teacher": false,
            "groups": [],
            "user_permissions": []
        }
    },
    {
        "model": "accounts.user",
        "pk": 2,
        "fields": {
            "password": "pbkdf2_sha256$600000$6tQk7gWYZibbQLIuKPraaF$7EqOF53n++nmMqaBGY9eX55PONj9EHF8N4zgSqyS3F8=",
            "last_login": null,
            "is_superuser": false,
            "username": "2022",
            "first_name": "test",
            "last_name": "tesssss",
            "email": "test2022@gmail.com",
            "is_staff": false,
            "is_active": true,
            "date_joined": "2024-10-02T06:26:45.987Z",
            "is_student": false,
            "is_teacher": true,
            "groups": [],
            "user_permissions": []
        }
    },
    {
        "model": "accounts.user",
        "pk": 3,
        "fields": {
            "password": "pbkdf2_sha256$600000$Ja19NJrXMIydPwX96b5UPv$ApT7tsVHuzC/WitCFB74pTr8NNO99667C1yuAmUELCw=",
            "last_login": null,
            "is_superuser": false,
            "username": "2021",
            "first_name": "aaa",
            "last_name": "asdsada",
            "email": "s202137053@shikoku-u.ac.jp",
            "is_staff": false,
            "is_active": true,
            "date_joined": "2024-10-02T06:27:58Z",
            "is_student": true,
            "is_teacher": false,
            "groups": [],
            "user_permissions": []
        }
    },
    {
        "model": "accounts.user",
        "pk": 12,
        "fields": {
            "password": "pbkdf2_sha256$600000$jhT1Ov7buuRXQpmmsWJX30$aHPIaM0WP/IJWEg8BjN2nI4TGwdYB8T4VWXvGcLsf/E=",
            "last_login": null,
            "is_superuser": false,
            "username": "20202222",
            "first_name": "ssjsjsjs",
            "last_name": "test ususus",
            "email": "ssjsjsjs20202222@gmail.com",
            "is_staff": false,
            "is_active": true,
            "date_joined": "2024-10-07T02:09:49.034Z",
            "is_student": true,
            "is_teacher": false,
            "groups": [],
            "user_permissions": []
        }
    },
    {
        "model": "accounts.user",
        "pk": 14,
        "fields": {
            "password": "pbkdf2_sha256$600000$rne4ZvYHfiqBg80JbyCgeZ$CpOtEZyDx/5S90N64U2GBWANfo/MYYGbqBZ5peK6YMU=",
            "last_login": null,
            "is_superuser": false,
            "username": "2024",
            "first_name": "Teacher",
            "last_name": "Test",
            "email": "Teacher2024@gmail.com",
            "is_staff": false,
            "is_active": true,
            "date_joined": "2024-11-02T07:25:53.128Z",
            "is_student": false,
            "is_teacher": true,
            "groups": [],
            "user_permissions": []
        }
    },
    {
        "model": "accounts.user",
        "pk": 15,
        "fields": {
            "password": "pbkdf2_sha256$600000$Dx9B4Cce6sW03HM9NvD92S$NvJiCVknZq/+0CnZeGZGFzUbEny4ZNxbpa8UyblHakc=",
            "last_login": null,
            "is_superuser": false,
            "username": "2000",
            "first_name": "Tanaka ",
            "last_name": "Mizuahsd",
            "email": "Tanaka 2000@gmail.com",
            "is_staff": false,
            "is_active": true,
            "date_joined": "2024-11-03T00:44:53.382Z",
            "is_student": false,
            "is_teacher": true,
            "groups": [],
            "user_permissions": []
        }
    },
    {
        "model": "accounts.user",
        "pk": 16,
        "fields": {
            "password": "pbkdf2_sha256$600000$mNaFtWbYaITzrnPWDit5St$dX8S4E8ebYFhcXHK3DT+WaCtThi06dV4p9tz5jGVu0k=",
            "last_login": null,
            "is_superuser": false,
            "username": "3040402",
            "first_name": "Maruha",
            "last_name": "Bob",
            "email": "Maruha3040402@gmail.com",
            "is_staff": false,
            "is_active": true,
            "date_joined": "2024-11-03T00:50:48.065Z",
            "is_student": true,
            "is_teacher": false,
            "groups": [],
            "user_permissions": []
        }
    },
    {
        "model": "accounts.user",
        "pk": 17,
        "fields": {
            "password": "pbkdf2_sha256$600000$ARgQW6QZaCpBOQ9Wlw37AD$x/JaMAmpuGbWG4/HQAJHnzITKVbDUDDOIp0fwcWVEwc=",
            "last_login": null,
            "is_superuser": false,
            "username": "33",
            "first_name": "gakusei",
            "last_name": "stduent",
            "email": "gakusei33@gmail.com",
            "is_staff": false,
            "is_active": true,
            "date_joined": "2024-11-03T00:54:25.498Z",
            "is_student": true,
            "is_teacher": false,
            "groups": [],
            "user_permissions": []
        }
    },
    {
        "model": "accounts.user",
        "pk": 18,
        "fields": {
            "password": "pbkdf2_sha256$600000$GxRfodGkvZ2VHwkYY6Qm0S$j8WbGGRzgVQkIEJKVQ83UHhY/OC8XBREf8ScI2anhvI=",
            "last_login": null,
            "is_superuser": false,
            "username": "20001",
            "first_name": "Tanaka",
            "last_name": "Haruki",
            "email": "Tanaka20001@gmail.com",
            "is_staff": false,
            "is_active": true,
            "date_joined": "2024-11-03T01:41:15.385Z",
            "is_student": true,
            "is_teacher": false,
            "groups": [],
            "user_permissions": []
        }
    },
    {
        "model": "accounts.user",
        "pk": 19,
        "fields": {
            "password": "pbkdf2_sha256$600000$G9tI0PWfHqLMsPz3BBvSRi$P2SHjY1GBX8MJS3YzMVWQ8sVuQpAbMZfMvslmHda3HQ=",
            "last_login": null,
            "is_superuser": false,
            "username": "20002",
            "first_name": "Matsumoto",
            "last_name": "Tanakaka",
            "email": "Matsumoto20002@gmail.com",
            "is_staff": false,
            "is_active": true,
            "date_joined": "2024-11-03T01:41:15.650Z",
            "is_student": true,
            "is_teacher": false,
            "groups": [],
            "user_permissions": []
        }
    },
    {
        "model": "accounts.user",
        "pk": 20,
        "fields": {
            "password": "pbkdf2_sha256$600000$eDGB0kvqfGwttoeeMcoO3U$jOIkx2ZURLauo/e5FqCPoroyewZGN0UtCZtsmyunhVc=",
            "last_login": null,
            "is_superuser": false,
            "username": "30001",
            "first_name": "Ozaki",
            "last_name": "Sensei",
            "email": "Ozaki30001@gmail.com",
            "is_staff": false,
            "is_active": true,
            "date_joined": "2024-11-03T01:49:26.350Z",
            "is_student": false,
            "is_teacher": true,
            "groups": [],
            "user_permissions": []
        }
    },
    {
        "model": "accounts.user",
        "pk": 21,
        "fields": {
            "password": "pbkdf2_sha256$600000$stQM0PYNVJ7o9dzjSBeMoh$ZQjUxoYfHawOFIWuB8wi++mUltvVxtmsRvN9WOApEGk=",
            "last_login": null,
            "is_superuser": false,
            "username": "30002",
            "first_name": "Kawahara",
            "last_name": "Kiatahara",
            "email": "Kawahara30002@gmail.com",
            "is_staff": false,
            "is_active": true,
            "date_joined": "2024-11-03T01:49:26.624Z",
            "is_student": false,
            "is_teacher": true,
            "groups": [],
            "user_permissions": []
        }
    },
    {
        "model": "accounts.userprofile",
        "pk": 1,
        "fields": {
            "user": 2,
            "image": "userProfile/defutlUser.png",
            "upload_at": "2024-10-02T06:26:46.250Z"
        }
    },
    {
        "model": "accounts.userprofile",
        "pk": 2,
        "fields": {
            "user": 3,
            "image": "userProfile/IMG_0068.jpeg",
            "upload_at": "2024-10-02T06:27:59.110Z"
        }
    },
    {
        "model": "accounts.userprofile",
        "pk": 7,
        "fields": {
            "user": 12,
            "image": "userProfile/defutlUser.png",
            "upload_at": "2024-10-07T02:09:49.283Z"
        }
    },
    {
        "model": "accounts.userprofile",
        "pk": 8,
        "fields": {
            "user": 1,
            "image": "userProfile/defutlUser.png",
            "upload_at": "2024-10-29T01:27:19.796Z"
        }
    },
    {
        "model": "accounts.userprofile",
        "pk": 10,
        "fields": {
            "user": 14,
            "image": "userProfile/defutlUser.png",
            "upload_at": "2024-11-02T07:25:53.363Z"
        }
    },
    {
        "model": "accounts.userprofile",
        "pk": 11,
        "fields": {
            "user": 15,
            "image": "userProfile/defutlUser.png",
            "upload_at": "2024-11-03T00:44:53.651Z"
        }
    },
    {
        "model": "accounts.userprofile",
        "pk": 12,
        "fields": {
            "user": 16,
            "image": "userProfile/defutlUser.png",
            "upload_at": "2024-11-03T00:50:48.330Z"
        }
    },
    {
        "model": "accounts.userprofile",
        "pk": 13,
        "fields": {
            "user": 17,
            "image": "userProfile/defutlUser.png",
            "upload_at": "2024-11-03T00:54:25.757Z"
        }
    },
    {
        "model": "accounts.userprofile",
        "pk": 14,
        "fields": {
            "user": 18,
            "image": "userProfile/defutlUser.png",
            "upload_at": "2024-11-03T01:41:15.629Z"
        }
    },
    {
        "model": "accounts.userprofile",
        "pk": 15,
        "fields": {
            "user": 19,
            "image": "userProfile/defutlUser.png",
            "upload_at": "2024-11-03T01:41:15.873Z"
        }
    },
    {
        "model": "accounts.userprofile",
        "pk": 16,
        "fields": {
            "user": 20,
            "image": "userProfile/defutlUser.png",
            "upload_at": "2024-11-03T01:49:26.605Z"
        }
    },
    {
        "model": "accounts.userprofile",
        "pk": 17,
        "fields": {
            "user": 21,
            "image": "userProfile/defutlUser.png",
            "upload_at": "2024-11-03T01:49:26.851Z"
        }
    },
    {
        "model": "accounts.applicationsettings",
        "pk": 1,
        "fields": {
            "user": 2,
            "isEmailNotification": false
        }
    },
    {
        "model": "accounts.applicationsettings",
        "pk": 2,
        "fields": {
            "user": 3,
            "isEmailNotification": true
        }
    },
    {
        "model": "accounts.applicationsettings",
        "pk": 7,
        "fields": {
            "user": 12,
            "isEmailNotification": false
        }
    },
    {
        "model": "accounts.applicationsettings",
        "pk": 9,
        "fields": {
            "user": 14,
            "isEmailNotification": false
        }
    },
    {
        "model": "accounts.applicationsettings",
        "pk": 10,
        "fields": {
            "user": 15,
            "isEmailNotification": false
        }
    },
    {
        "model": "accounts.applicationsettings",
        "pk": 11,
        "fields": {
            "user": 16,
            "isEmailNotification": false
        }
    },
    {
        "model": "accounts.applicationsettings",
        "pk": 12,
        "fields": {
            "user": 17,
            "isEmailNotification": false
        }
    },
    {
        "model": "accounts.applicationsettings",
        "pk": 13,
        "fields": {
            "user": 18,
            "isEmailNotification": false
        }
    },
    {
        "model": "accounts.applicationsettings",
        "pk": 14,
        "fields": {
            "user": 19,
            "isEmailNotification": false
        }
    },
    {
        "model": "accounts.applicationsettings",
        "pk": 15,
        "fields": {
            "user": 20,
            "isEmailNotification": false
        }
    },
    {
        "model": "accounts.applicationsettings",
        "pk": 16,
        "fields": {
            "user": 21,
            "isEmailNotification": false
        }
    },
    {
        "model": "students.student",
        "pk": "20001",
        "fields": {
            "user": 18,
            "first_name": "Tanaka",
            "last_name": "Haruki",
            "gender": "Male",
            "date_of_birth": "2024-11-03",
            "email": "20001@gmail.com",
            "image": "",
            "department": null
        }
    },
    {
        "model": "students.student",
        "pk": "20002",
        "fields": {
            "user": 19,
            "first_name": "Matsumoto",
            "last_name": "Tanakaka",
            "gender": "Male",
            "date_of_birth": "2024-11-03",
            "email": "20002@gmail.com",
            "image": "",
            "department": null
        }
    },
    {
        "model": "students.student",
        "pk": "2021",
        "fields": {
            "user": 3,
            "first_name": "aaa",
            "last_name": "asdsada",
            "gender": "Male",
            "date_of_birth": "2024-10-02",
            "email": "aaa2021@gmail.com",
            "image": "",
            "department": null
        }
    },
    {
        "model": "students.student",
        "pk": "3040402",
        "fields": {
            "user": 16,
            "first_name": "Maruha",
            "last_name": "Bob",
            "gender": "Male",
            "date_of_birth": "2024-11-03",
            "email": "3040402@gmail.com",
            "image": "",
            "department": null
        }
    },
    {
        "model": "teachers.teacher",
        "pk": "2022",
        "fields": {
            "user": 2,
            "first_name": "test",
            "last_name": "tesssss",
            "gender": "Male",
            "email": "test2022@gmail.com",
            "date_of_birth": "2024-10-02",
            "image": ""
        }
    },
    {
        "model": "teachers.teacher",
        "pk": "2024",
        "fields": {
            "user": 14,
            "first_name": "Teacher",
            "last_name": "Test",
            "gender": "Female",
            "email": "Teacher2024@gmail.com",
            "date_of_birth": "2024-11-02",
            "image": ""
        }
    },
    {
        "model": "teachers.teacher",
        "pk": "30001",
        "fields": {
            "user": 20,
            "first_name": "Ozaki",
            "last_name": "Sensei",
            "gender": "Male",
            "email": "30001@gmail.com",
            "date_of_birth": "2024-11-03",
            "image": ""
        }
    },
    {
        "model": "teachers.teacher",
        "pk": "30002",
        "fields": {
            "user": 21,
            "first_name": "Kawahara",
            "last_name": "Kiatahara",
            "gender": "Male",
            "email": "30002@gmail.com",
            "date_of_birth": "2024-11-03",
            "image": ""
        }
    },
    {
        "model": "courses.department",
        "pk": 1,
        "fields": {
            "department_name": "informaction and other",
            "department_code": "201"
        }
    },
    {
        "model": "subjects.subject",
        "pk": 1,
        "fields": {
            "subject_name": "Computer Basic",
            "subject_code": "20201",
            "subject_description": "",
            "weekday": "Monday",
            "period_start_time": "15:34:17",
            "period_end_time": "15:34:18",
            "class_room": "U101",
            "class_period": "3",
            "subject_faculty": 1
        }
    },
    {
        "model": "subjects.subject",
        "pk": 2,
        "fields": {
            "subject_name": "English",
            "subject_code": "444",
            "subject_description": "",
            "weekday": "Wednesday",
            "period_start_time": "14:40:00",
            "period_end_time": "16:10:00",
            "class_room": "U101",
            "class_period": "4",
            "subject_faculty": 1
        }
    },
    {
        "model": "subjects.subjectregistration",
        "pk": 1,
        "fields": {
            "subject": 1,
            "registration_date": "2024-10-02",
            "teacher": "2022",
            "student": [
                "2021",
                "3040402"
            ]
        }
    },
    {
        "model": "subjects.subjectregistration",
        "pk": 2,
        "fields": {
            "subject": 2,
            "registration_date": "2024-10-22",
            "teacher": "2022",
            "student": [
                "2021"
            ]
        }
    },
    {
        "model": "subjects.textassigemntquestion",
        "pk": 1,
        "fields": {
            "question": "<p>aaaaa aaaa</p>"
        }
    },
    {
        "model": "subjects.textassigemntquestion",
        "pk": 2,
        "fields": {
            "question": "<p>aaaaaa</p>"
        }
    },
    {
        "model": "subjects.textassigemntquestion",
        "pk": 3,
        "fields": {
            "question": "<h1>このプロジェクトの目的は何ですか？</h1>"
        }
    },
    {
        "model": "subjects.textassigemntquestion",
        "pk": 4,
        "fields": {
            "question": "<h1>どの技術スタックを使用していますか？その理由は何ですか？</h1>"
        }
    },
    {
        "model": "subjects.textassigemntquestion",
        "pk": 5,
        "fields": {
            "question": "<p>現在の進捗状況はどうですか？予定通りに進んでいますか？</p>"
        }
    },
    {
        "model": "subjects.textassigemntquestion",
        "pk": 6,
        "fields": {
            "question": "<h2>課題１</h2>"
        }
    },
    {
        "model": "subjects.textassigemntquestion",
        "pk": 7,
        "fields": {
            "question": "<p>課題２</p>"
        }
    },
    {
        "model": "subjects.textassigemntquestion",
        "pk": 8,
        "fields": {
            "question": "<p>課題</p>"
        }
    },
    {
        "model": "subjects.assignment",
        "pk": 1,
        "fields": {
            "title": "test 課題",
            "description": "<p>test 課題</p>",
            "course": 1,
            "assigment_type": "Text",
            "additional_info": "",
            "posted_date": "2024-10-04T08:07:27Z",
            "start_date": "2024-10-04T08:00:00Z",
            "deadline": "2024-10-11T00:44:17Z",
            "last_modified": "2024-10-21T01:14:25.164Z",
            "is_active": false,
            "is_published": true,
            "is_visible": true,
            "submission_count": 1,
            "max_grade": 100,
            "duration": null,
            "reminder_email_sent": false,
            "deadline_email_sent": true,
            "create_notification_start": false,
            "create_notification_end": false,
            "questions": [
                1,
                2
            ],
            "students": [
                "2021"
            ]
        }
    },
    {
        "model": "subjects.assignment",
        "pk": 2,
        "fields": {
            "title": "test aaasasmee",
            "description": "<p>submit some file</p>",
            "course": 1,
            "assigment_type": "File",
            "additional_info": "",
            "posted_date": "2024-10-05T02:01:03Z",
            "start_date": "2024-10-05T01:30:00Z",
            "deadline": "2024-10-12T02:43:35Z",
            "last_modified": "2024-10-20T10:10:20.620Z",
            "is_active": false,
            "is_published": true,
            "is_visible": true,
            "submission_count": 0,
            "max_grade": 100,
            "duration": null,
            "reminder_email_sent": false,
            "deadline_email_sent": true,
            "create_notification_start": false,
            "create_notification_end": false,
            "questions": [],
            "students": [
                "2021"
            ]
        }
    },
    {
        "model": "subjects.assignment",
        "pk": 3,
        "fields": {
            "title": "Assignment of database ",
            "description": "<p>this is a test assigment for this have some asnwer please answer correcty</p>",
            "course": 1,
            "assigment_type": "Text",
            "additional_info": null,
            "posted_date": "2024-10-20T11:02:47.842Z",
            "start_date": "2024-10-20T11:00:00.427Z",
            "deadline": "2024-10-25T10:00:00Z",
            "last_modified": "2024-10-31T10:52:03.421Z",
            "is_active": false,
            "is_published": true,
            "is_visible": true,
            "submission_count": 1,
            "max_grade": 100,
            "duration": null,
            "reminder_email_sent": false,
            "deadline_email_sent": true,
            "create_notification_start": false,
            "create_notification_end": false,
            "questions": [
                3,
                4,
                5
            ],
            "students": [
                "2021"
            ]
        }
    },
    {
        "model": "subjects.assignment",
        "pk": 4,
        "fields": {
            "title": "MUIの削除: MUIのDataGridを削除しを用いてデータを表示します",
            "description": "<h3>MUIの<code>DataGrid</code>を使わずに、HTMLとSCSSのみで<code>StudentAttendance</code>コンポーネントを再実装する方法を以下に示します。このバージョンでは、純粋なHTMLのテーブル要素を使用し、SCSSを使用してスタイリングを行います。</h3>",
            "course": 1,
            "assigment_type": "File",
            "additional_info": null,
            "posted_date": "2024-10-20T12:35:06.334Z",
            "start_date": "2024-10-20T12:00:00.424Z",
            "deadline": "2024-10-24T11:30:00Z",
            "last_modified": "2024-10-31T10:52:06.030Z",
            "is_active": false,
            "is_published": true,
            "is_visible": true,
            "submission_count": 1,
            "max_grade": 100,
            "duration": null,
            "reminder_email_sent": false,
            "deadline_email_sent": true,
            "create_notification_start": false,
            "create_notification_end": false,
            "questions": [],
            "students": [
                "2021"
            ]
        }
    },
    {
        "model": "subjects.assignment",
        "pk": 5,
        "fields": {
            "title": "File Assigemnt",
            "description": "<p>submit file </p>",
            "course": 1,
            "assigment_type": "File",
            "additional_info": "",
            "posted_date": "2024-10-23T09:35:28Z",
            "start_date": "2024-10-23T10:00:00Z",
            "deadline": "2024-10-30T10:00:00Z",
            "last_modified": "2024-10-31T10:52:09.239Z",
            "is_active": false,
            "is_published": true,
            "is_visible": true,
            "submission_count": 1,
            "max_grade": 100,
            "duration": null,
            "reminder_email_sent": false,
            "deadline_email_sent": true,
            "create_notification_start": false,
            "create_notification_end": false,
            "questions": [],
            "students": [
                "2021"
            ]
        }
    },
    {
        "model": "subjects.assignment",
        "pk": 6,
        "fields": {
            "title": "卒論関連研究",
            "description": "<h2>卒論の関連けん</h2>",
            "course": 1,
            "assigment_type": "File",
            "additional_info": null,
            "posted_date": "2024-10-24T05:53:46.448Z",
            "start_date": "2024-10-24T04:30:00.948Z",
            "deadline": "2024-10-30T06:00:00Z",
            "last_modified": "2024-10-31T10:52:12.410Z",
            "is_active": false,
            "is_published": true,
            "is_visible": true,
            "submission_count": 0,
            "max_grade": 100,
            "duration": null,
            "reminder_email_sent": false,
            "deadline_email_sent": true,
            "create_notification_start": false,
            "create_notification_end": false,
            "questions": [],
            "students": [
                "2021"
            ]
        }
    },
    {
        "model": "subjects.assignment",
        "pk": 7,
        "fields": {
            "title": "テスト課題",
            "description": "<h2>テースト課題 テスト</h2>",
            "course": 1,
            "assigment_type": "Text",
            "additional_info": null,
            "posted_date": "2024-10-24T05:54:53.986Z",
            "start_date": "2024-10-24T05:00:00.010Z",
            "deadline": "2024-10-29T15:00:00Z",
            "last_modified": "2024-10-31T10:52:14.988Z",
            "is_active": false,
            "is_published": true,
            "is_visible": true,
            "submission_count": 0,
            "max_grade": 100,
            "duration": null,
            "reminder_email_sent": false,
            "deadline_email_sent": true,
            "create_notification_start": false,
            "create_notification_end": false,
            "questions": [
                8,
                6,
                7
            ],
            "students": [
                "2021"
            ]
        }
    },
    {
        "model": "subjects.assignmentfile",
        "pk": 3,
        "fields": {
            "file": "/Users/yabindrabhujel/Desktop/schoollms/services/api/config/../media/file_assignments/MUIの削除: MUIのDataGridを削除しを用いてデータを表示します/202137053bhujel.pdf"
        }
    },
    {
        "model": "subjects.assignmentfile",
        "pk": 4,
        "fields": {
            "file": "/Users/yabindrabhujel/Desktop/schoollms/services/api/config/../media/file_assignments/MUIの削除: MUIのDataGridを削除しを用いてデータを表示します/202137053bhujel1.pdf"
        }
    },
    {
        "model": "subjects.assignmentfile",
        "pk": 5,
        "fields": {
            "file": "/Users/yabindrabhujel/Desktop/schoollms/services/api/config/../media/file_assignments/MUIの削除: MUIのDataGridを削除しを用いてデータを表示します/202137053bhujel1.pdf"
        }
    },
    {
        "model": "subjects.assignmentfile",
        "pk": 6,
        "fields": {
            "file": "/Users/yabindrabhujel/Desktop/schoollms/services/api/config/../media/file_assignments/MUIの削除: MUIのDataGridを削除しを用いてデータを表示します/202137053bhujel.pdf"
        }
    },
    {
        "model": "subjects.assignmentfile",
        "pk": 7,
        "fields": {
            "file": "/Users/yabindrabhujel/Desktop/schoollms/services/api/config/../media/file_assignments/MUIの削除: MUIのDataGridを削除しを用いてデータを表示します/202137053bhujel.pdf"
        }
    },
    {
        "model": "subjects.assignmentfile",
        "pk": 8,
        "fields": {
            "file": "/Users/yabindrabhujel/Desktop/schoollms/services/api/config/../media/file_assignments/2024-10-20/202137053bhujel1.pdf"
        }
    },
    {
        "model": "subjects.filesubmission",
        "pk": 1,
        "fields": {
            "assignment": 4,
            "student": "2021",
            "submission_datetime": "2024-10-20T12:36:28.019Z",
            "is_submited": true,
            "is_graded": true,
            "grade": 1110,
            "assignment_submission_file": [
                8
            ]
        }
    },
    {
        "model": "subjects.filesubmission",
        "pk": 2,
        "fields": {
            "assignment": 5,
            "student": "2021",
            "submission_datetime": "2024-10-23T09:36:11.722Z",
            "is_submited": true,
            "is_graded": false,
            "grade": 0,
            "assignment_submission_file": []
        }
    },
    {
        "model": "subjects.textquestionanswer",
        "pk": 1,
        "fields": {
            "question": 1,
            "answer": "<p>aaa</p>"
        }
    },
    {
        "model": "subjects.textquestionanswer",
        "pk": 2,
        "fields": {
            "question": 2,
            "answer": "<p>aaa</p>"
        }
    },
    {
        "model": "subjects.textquestionanswer",
        "pk": 3,
        "fields": {
            "question": 1,
            "answer": "<p>aaa</p>"
        }
    },
    {
        "model": "subjects.textquestionanswer",
        "pk": 4,
        "fields": {
            "question": 2,
            "answer": "<p>aaa</p>"
        }
    },
    {
        "model": "subjects.textquestionanswer",
        "pk": 5,
        "fields": {
            "question": 3,
            "answer": "<p>hello world how are you </p>"
        }
    },
    {
        "model": "subjects.textquestionanswer",
        "pk": 6,
        "fields": {
            "question": 4,
            "answer": "<p>how  hha</p>"
        }
    },
    {
        "model": "subjects.textquestionanswer",
        "pk": 7,
        "fields": {
            "question": 5,
            "answer": "<p>h ok </p>"
        }
    },
    {
        "model": "subjects.textquestionanswer",
        "pk": 8,
        "fields": {
            "question": 3,
            "answer": "<p>hello world how are you</p>"
        }
    },
    {
        "model": "subjects.textquestionanswer",
        "pk": 9,
        "fields": {
            "question": 4,
            "answer": "<p>how hha</p>"
        }
    },
    {
        "model": "subjects.textquestionanswer",
        "pk": 10,
        "fields": {
            "question": 5,
            "answer": "<p class=\"ql-align-justify\"><strong>Lorem Ipsum</strong>&nbsp;is simply dummy text of the printing and typesetting industry. Lorem Ipsum has been the industry's standard dummy text ever since the 1500s, when an unknown printer took a galley of type and scrambled it to make a type specimen book. It has survived not only five centuries, but also the leap into electronic typesetting, remaining essentially unchanged. It was popularised in the 1960s with the release of Letraset sheets containing Lorem Ipsum passages, and more recently with desktop publishing software like Aldus PageMaker including versions of Lorem Ipsum.</p><p><br></p>"
        }
    },
    {
        "model": "subjects.textquestionanswer",
        "pk": 11,
        "fields": {
            "question": 3,
            "answer": "<p>hello world how are you</p>"
        }
    },
    {
        "model": "subjects.textquestionanswer",
        "pk": 12,
        "fields": {
            "question": 4,
            "answer": "<p>how hha</p>"
        }
    },
    {
        "model": "subjects.textquestionanswer",
        "pk": 13,
        "fields": {
            "question": 5,
            "answer": "<p class=\"ql-align-justify\"><strong>Lorem Ipsum</strong>&nbsp;is simply dummy text of the printing and typesetting industry. Lorem Ipsum has been the industry's standard dummy text ever since the 1500s, when an unknown printer took a galley of type and scrambled it to make a type specimen book. It has survived not only five centuries, but also the leap into electronic typesetting, remaining essentially unchanged. It was popularised in the 1960s with the release of Letraset sheets containing Lorem Ipsum passages, and more recently with desktop publishing software like Aldus PageMaker including versions of Lorem Ipsum.</p>"
        }
    },
    {
        "model": "subjects.textquestionanswer",
        "pk": 14,
        "fields": {
            "question": 3,
            "answer": "<p>hello world how are you</p>"
        }
    },
    {
        "model": "subjects.textquestionanswer",
        "pk": 15,
        "fields": {
            "question": 4,
            "answer": "<p>how hha</p>"
        }
    },
    {
        "model": "subjects.textquestionanswer",
        "pk": 16,
        "fields": {
            "question": 5,
            "answer": "<p class=\"ql-align-justify\"><strong>Lorem Ipsum</strong>&nbsp;is simply dummy text of the printing and typesetting industry. Lorem Ipsum has been the industry's standard dummy text ever since the 1500s, when an unknown printer took a galley of type and scrambled it to make a type specimen book. It has survived not only five centuries, but also the leap into electronic typesetting, remaining essentially unchanged. It was popularised in the 1960s with the release of Letraset sheets containing Lorem Ipsum passages, and more recently with desktop publishing software like Aldus PageMaker including versions of Lorem Ipsum.</p>"
        }
    },
    {
        "model": "subjects.textquestionanswer",
        "pk": 17,
        "fields": {
            "question": 3,
            "answer": "<p>hello world how are you. ssss</p>"
        }
    },
    {
        "model": "subjects.textquestionanswer",
        "pk": 18,
        "fields": {
            "question": 4,
            "answer": "<p>how hha</p>"
        }
    },
    {
        "model": "subjects.textquestionanswer",
        "pk": 19,
        "fields": {
            "question": 5,
            "answer": "<p class=\"ql-align-justify\"><strong>Lorem Ipsum</strong>&nbsp;is simply dummy text of the printing and typesetting industry. Lorem Ipsum has been the industry's standard dummy text ever since the 1500s, when an unknown printer took a galley of type and scrambled it to make a type specimen book. It has survived not only five centuries, but also the leap into electronic typesetting, remaining essentially unchanged. It was popularised in the 1960s with the release of Letraset sheets containing Lorem Ipsum passages, and more recently with desktop publishing software like Aldus PageMaker including versions of Lorem Ipsum.</p>"
        }
    },
    {
        "model": "subjects.textquestionanswer",
        "pk": 20,
        "fields": {
            "question": 3,
            "answer": "<p>hello world how are you. ssss</p>"
        }
    },
    {
        "model": "subjects.textquestionanswer",
        "pk": 21,
        "fields": {
            "question": 4,
            "answer": "<p>how hha</p>"
        }
    },
    {
        "model": "subjects.textquestionanswer",
        "pk": 22,
        "fields": {
            "question": 5,
            "answer": "<p class=\"ql-align-justify\"><strong>Lorem Ipsum</strong>&nbsp;is simply dummy text of the printing and typesetting industry. Lorem Ipsum has been the industry's standard dummy text ever since the 1500s, when an unknown printer took a galley of type and scrambled it to make a type specimen book. It has survived not only five centuries, but also the leap into electronic typesetting, remaining essentially unchanged. It was popularised in the 1960s with the release of Letraset sheets containing Lorem Ipsum passages, and more recently with desktop publishing software like Aldus PageMaker including versions of Lorem Ipsum.</p>"
        }
    },
    {
        "model": "subjects.textquestionanswer",
        "pk": 23,
        "fields": {
            "question": 3,
            "answer": "<p>hello world how are you. ssss</p>"
        }
    },
    {
        "model": "subjects.textquestionanswer",
        "pk": 24,
        "fields": {
            "question": 4,
            "answer": "<p>how hha</p>"
        }
    },
    {
        "model": "subjects.textquestionanswer",
        "pk": 25,
        "fields": {
            "question": 5,
            "answer": "<p class=\"ql-align-justify\"><strong>Lorem Ipsum</strong>&nbsp;is simply dummy text of the printing and typesetting industry. Lorem Ipsum has been the industry's standard dummy text ever since the 1500s, when an unknown printer took a galley of type and scrambled it to make a type specimen book. It has survived not only five centuries, but also the leap into electronic typesetting, remaining essentially unchanged. It was popularised in the 1960s with the release of Letraset sheets containing Lorem Ipsum passages, and more recently with desktop publishing software like Aldus PageMaker including versions of Lorem Ipsum.</p>"
        }
    },
    {
        "model": "subjects.textquestionanswer",
        "pk": 26,
        "fields": {
            "question": 3,
            "answer": "<p>hello world how are you. ssss</p>"
        }
    },
    {
        "model": "subjects.textquestionanswer",
        "pk": 27,
        "fields": {
            "question": 4,
            "answer": "<p>how hha</p>"
        }
    },
    {
        "model": "subjects.textquestionanswer",
        "pk": 28,
        "fields": {
            "question": 5,
            "answer": "<p class=\"ql-align-justify\"><strong>Lorem Ipsum</strong>&nbsp;is simply dummy text of the printing and typesetting industry. Lorem Ipsum has been the industry's standard dummy text ever since the 1500s, when an unknown printer took a galley of type and scrambled it to make a type specimen book. It has survived not only five centuries, but also the leap into electronic typesetting, remaining essentially unchanged. It was popularised in the 1960s with the release of Letraset sheets containing Lorem Ipsum passages, and more recently with desktop publishing software like Aldus PageMaker including versions of Lorem Ipsum.</p>"
        }
    },
    {
        "model": "subjects.textquestionanswer",
        "pk": 29,
        "fields": {
            "question": 3,
            "answer": "<p>hello world how are you. ssss</p>"
        }
    },
    {
        "model": "subjects.textquestionanswer",
        "pk": 30,
        "fields": {
            "question": 4,
            "answer": "<p>how hha</p>"
        }
    },
    {
        "model": "subjects.textquestionanswer",
        "pk": 31,
        "fields": {
            "question": 5,
            "answer": "<p class=\"ql-align-justify\"><strong>Lorem Ipsum</strong>&nbsp;is simply dummy text of the printing and typesetting industry. Lorem Ipsum has been the industry's standard dummy text ever since the 1500s, when an unknown printer took a galley of type and scrambled it to make a type specimen book. It has survived not only five centuries, but also the leap into electronic typesetting, remaining essentially unchanged. It was popularised in the 1960s with the release of Letraset sheets containing Lorem Ipsum passages, and more recently with desktop publishing software like Aldus PageMaker including versions of Lorem Ipsum.</p>"
        }
    },
    {
        "model": "subjects.textquestionanswer",
        "pk": 32,
        "fields": {
            "question": 3,
            "answer": "<p>hello world how are you. ssss</p>"
        }
    },
    {
        "model": "subjects.textquestionanswer",
        "pk": 33,
        "fields": {
            "question": 4,
            "answer": "<p>how hha</p>"
        }
    },
    {
        "model": "subjects.textquestionanswer",
        "pk": 34,
        "fields": {
            "question": 5,
            "answer": "<p class=\"ql-align-justify\"><strong>Lorem Ipsum</strong>&nbsp;is simply dummy text of the printing and typesetting industry. Lorem Ipsum has been the industry's standard dummy text ever since the 1500s, when an unknown printer took a galley of type and scrambled it to make a type specimen book. It has survived not only five centuries, but also the leap into electronic typesetting, remaining essentially unchanged. It was popularised in the 1960s with the release of Letraset sheets containing Lorem Ipsum passages, and more recently with desktop publishing software like Aldus PageMaker including versions of Lorem Ipsum.</p>"
        }
    },
    {
        "model": "subjects.textquestionanswer",
        "pk": 35,
        "fields": {
            "question": 1,
            "answer": "<p>aaa</p>"
        }
    },
    {
        "model": "subjects.textquestionanswer",
        "pk": 36,
        "fields": {
            "question": 2,
            "answer": "<p>aaa</p>"
        }
    },
    {
        "model": "subjects.textquestionanswer",
        "pk": 37,
        "fields": {
            "question": 3,
            "answer": "<p>hello world how are you. ssss</p>"
        }
    },
    {
        "model": "subjects.textquestionanswer",
        "pk": 38,
        "fields": {
            "question": 3,
            "answer": "<p> sssssssssshello world how are you. ssss</p>"
        }
    },
    {
        "model": "subjects.textquestionanswer",
        "pk": 39,
        "fields": {
            "question": 4,
            "answer": "<p>how hha</p>"
        }
    },
    {
        "model": "subjects.textquestionanswer",
        "pk": 40,
        "fields": {
            "question": 5,
            "answer": "<p class=\"ql-align-justify\"><strong>Lorem Ipsum</strong>&nbsp;is simply dummy text of the printing and typesetting industry. Lorem Ipsum has been the industry's standard dummy text ever since the 1500s, when an unknown printer took a galley of type and scrambled it to make a type specimen book. It has survived not only five centuries, but also the leap into electronic typesetting, remaining essentially unchanged. It was popularised in the 1960s with the release of Letraset sheets containing Lorem Ipsum passages, and more recently with desktop publishing software like Aldus PageMaker including versions of Lorem Ipsum.</p>"
        }
    },
    {
        "model": "subjects.textquestionanswer",
        "pk": 41,
        "fields": {
            "question": 3,
            "answer": "<p>sssssssssshello world how are you. ssss</p>"
        }
    },
    {
        "model": "subjects.textquestionanswer",
        "pk": 42,
        "fields": {
            "question": 3,
            "answer": "<p>sssssssssshello world how are you. ssss</p>"
        }
    },
    {
        "model": "subjects.textquestionanswer",
        "pk": 43,
        "fields": {
            "question": 4,
            "answer": "<p>how hha</p>"
        }
    },
    {
        "model": "subjects.textquestionanswer",
        "pk": 44,
        "fields": {
            "question": 5,
            "answer": "<p class=\"ql-align-justify\"><strong>Lorem Ipsum</strong>&nbsp;is simply dummy text of the printing and typesetting industry. Lorem Ipsum has been the industry's standard dummy text ever since the 1500s, when an unknown printer took a galley of type and scrambled it to make a type specimen book. It has survived not only five centuries, but also the leap into electronic typesetting, remaining essentially unchanged. It was popularised in the 1960s with the release of Letraset sheets containing Lorem Ipsum passages, and more recently with desktop publishing software like Aldus PageMaker including versions of Lorem Ipsum.</p>"
        }
    },
    {
        "model": "subjects.textquestionanswer",
        "pk": 45,
        "fields": {
            "question": 3,
            "answer": "<p>sssssssssshello world how are you. ssss</p>"
        }
    },
    {
        "model": "subjects.textquestionanswer",
        "pk": 46,
        "fields": {
            "question": 4,
            "answer": "<p>how hha</p>"
        }
    },
    {
        "model": "subjects.textquestionanswer",
        "pk": 47,
        "fields": {
            "question": 5,
            "answer": "<p class=\"ql-align-justify\"><strong>Lorem Ipsum</strong>&nbsp;is simply dummy text of the printing and typesetting industry. Lorem Ipsum has been the industry's standard dummy text ever since the 1500s, when an unknown printer took a galley of type and scrambled it to make a type specimen book. It has survived not only five centuries, but also the leap into electronic typesetting, remaining essentially unchanged. It was popularised in the 1960s with the release of Letraset sheets containing Lorem Ipsum passages, and more recently with desktop publishing software like Aldus PageMaker including versions of Lorem Ipsum.</p>"
        }
    },
    {
        "model": "subjects.textquestionanswer",
        "pk": 48,
        "fields": {
            "question": 3,
            "answer": "<p>sssssssssshello world how are you. ssss</p>"
        }
    },
    {
        "model": "subjects.textquestionanswer",
        "pk": 49,
        "fields": {
            "question": 4,
            "answer": "<p>how hha</p>"
        }
    },
    {
        "model": "subjects.textquestionanswer",
        "pk": 50,
        "fields": {
            "question": 5,
            "answer": "<p class=\"ql-align-justify\"><strong>Lorem Ipsum</strong>&nbsp;is simply dummy text of the printing and typesetting industry. Lorem Ipsum has been the industry's standard dummy text ever since the 1500s, when an unknown printer took a galley of type and scrambled it to make a type specimen book. It has survived not only five centuries, but also the leap into electronic typesetting, remaining essentially unchanged. It was popularised in the 1960s with the release of Letraset sheets containing Lorem Ipsum passages, and more recently with desktop publishing software like Aldus PageMaker including versions of Lorem Ipsum.</p>"
        }
    },
    {
        "model": "subjects.textquestionanswer",
        "pk": 51,
        "fields": {
            "question": 3,
            "answer": "<p>sssssssssshello world how are you. ssss</p>"
        }
    },
    {
        "model": "subjects.textquestionanswer",
        "pk": 52,
        "fields": {
            "question": 4,
            "answer": "<p>how hha</p>"
        }
    },
    {
        "model": "subjects.textquestionanswer",
        "pk": 53,
        "fields": {
            "question": 5,
            "answer": "<p class=\"ql-align-justify\"><strong>Lorem Ipsum</strong>&nbsp;is simply dummy text of the printing and typesetting industry. Lorem Ipsum has been the industry's standard dummy text ever since the 1500s, when an unknown printer took a galley of type and scrambled it to make a type specimen book. It has survived not only five centuries, but also the leap into electronic typesetting, remaining essentially unchanged. It was popularised in the 1960s with the release of Letraset sheets containing Lorem Ipsum passages, and more recently with desktop publishing software like Aldus PageMaker including versions of Lorem Ipsum.</p>"
        }
    },
    {
        "model": "subjects.textquestionanswer",
        "pk": 54,
        "fields": {
            "question": 3,
            "answer": "<p>sssssssssshello world how are you. ssss</p>"
        }
    },
    {
        "model": "subjects.textquestionanswer",
        "pk": 55,
        "fields": {
            "question": 4,
            "answer": "<p>how hha</p>"
        }
    },
    {
        "model": "subjects.textquestionanswer",
        "pk": 56,
        "fields": {
            "question": 5,
            "answer": "<p class=\"ql-align-justify\"><strong>Lorem Ipsum</strong>&nbsp;is simply dummy text of the printing and typesetting industry. Lorem Ipsum has been the industry's standard dummy text ever since the 1500s, when an unknown printer took a galley of type and scrambled it to make a type specimen book. It has survived not only five centuries, but also the leap into electronic typesetting, remaining essentially unchanged. It was popularised in the 1960s with the release of Letraset sheets containing Lorem Ipsum passages, and more recently with desktop publishing software like Aldus PageMaker including versions of Lorem Ipsum.</p>"
        }
    },
    {
        "model": "subjects.textquestionanswer",
        "pk": 57,
        "fields": {
            "question": 3,
            "answer": "<p>sssssssssshello world how are you. ssss</p>"
        }
    },
    {
        "model": "subjects.textquestionanswer",
        "pk": 58,
        "fields": {
            "question": 4,
            "answer": "<p>how hha</p>"
        }
    },
    {
        "model": "subjects.textquestionanswer",
        "pk": 59,
        "fields": {
            "question": 5,
            "answer": "<p class=\"ql-align-justify\"><strong>Lorem Ipsum</strong>&nbsp;is simply dummy text of the printing and typesetting industry. Lorem Ipsum has been the industry's standard dummy text ever since the 1500s, when an unknown printer took a galley of type and scrambled it to make a type specimen book. It has survived not only five centuries, but also the leap into electronic typesetting, remaining essentially unchanged. It was popularised in the 1960s with the release of Letraset sheets containing Lorem Ipsum passages, and more recently with desktop publishing software like Aldus PageMaker including versions of Lorem Ipsum.1111</p>"
        }
    },
    {
        "model": "subjects.textsubmission",
        "pk": 1,
        "fields": {
            "assignment": 1,
            "student": "2021",
            "submission_time": "2024-10-05T12:01:30.593Z",
            "is_submitted": true,
            "student_answer_file": "text_assignments/test 課題/2021.pdf",
            "is_graded": true,
            "grade": 313,
            "answers": [
                35,
                36
            ]
        }
    },
    {
        "model": "subjects.textsubmission",
        "pk": 9,
        "fields": {
            "assignment": 3,
            "student": "2021",
            "submission_time": "2024-10-21T10:07:59.975Z",
            "is_submitted": true,
            "student_answer_file": "text_assignments/2024-10-20/2021.pdf",
            "is_graded": true,
            "grade": 1133,
            "answers": [
                57,
                58,
                59
            ]
        }
    },
    {
        "model": "subjects.coursemateriales",
        "pk": 2,
        "fields": {
            "pdf_file": "course_materials/20241005_202137053bhujel_NkNCMDY.pdf",
            "course": 1
        }
    },
    {
        "model": "subjects.coursemateriales",
        "pk": 3,
        "fields": {
            "pdf_file": "course_materials/20241020_630_2024-01_2024-01.pdf",
            "course": 1
        }
    },
    {
        "model": "subjects.announcement",
        "pk": 1,
        "fields": {
            "subject": 1,
            "announcement_title": "tets announencmnet",
            "announcement_description": "<p>heeke eehehe</p>",
            "announcement_date": "2024-10-05T02:00:11.414Z",
            "announcement_last_modified": "2024-10-05T02:00:19.023Z",
            "is_active": true,
            "announcement_file_url": []
        }
    },
    {
        "model": "subjects.announcement",
        "pk": 2,
        "fields": {
            "subject": 1,
            "announcement_title": "test announcement hellalla",
            "announcement_description": "<p class=\"ql-align-justify\"><strong>Lorem Ipsum</strong>&nbsp;is simply dummy text of the printing and typesetting industry. Lorem Ipsum has been the industry's standard dummy text ever since the 1500s, when an unknown printer took a galley of type and scrambled it to make a type specimen book. It has survived not only five centuries, but also the leap into electronic typesetting, remaining essentially unchanged. It was popularised in the 1960s with the release of Letraset sheets containing Lorem Ipsum passages, and more recently with desktop publishing software like Aldus PageMaker including versions of Lorem Ipsum.</p>",
            "announcement_date": "2024-10-05T10:40:51.471Z",
            "announcement_last_modified": "2024-10-20T10:13:59.283Z",
            "is_active": true,
            "announcement_file_url": []
        }
    },
    {
        "model": "subjects.syllabusitem",
        "pk": 1,
        "fields": {
            "section_title": "計画",
            "section_description": "Lorem Ipsum is simply dummy text of the printing and typesetting industry. Lorem Ipsum has been the industry's standard dummy text ever since the 1500s, when an unknown printer took a galley of type and scrambled it to make a type specimen book. It has survived not only five centuries, but also the leap into electronic typesetting, remaining essentially unchanged. It was popularised in the 1960s with the release of Letraset sheets containing Lorem Ipsum passages, and more recently with desktop publishing software like Aldus PageMaker including versions of Lorem Ipsum.\n\naduddjdmd"
        }
    },
    {
        "model": "subjects.syllabusitem",
        "pk": 2,
        "fields": {
            "section_title": " 第一回",
            "section_description": "Lorem Ipsum is simply dummy text of the printing and typesetting industry. Lorem Ipsum has been the industry's standard dummy text ever since the 1500s, when an unknown printer took a galley of type and scrambled it to make a type specimen book. It has survived not only five centuries, but also the leap into electronic typesetting, remaining essentially unchanged. It was popularised in the 1960s with the release of Letraset sheets containing Lorem Ipsum passages, and more recently with desktop publishing software like Aldus PageMaker including versions of Lorem Ipsum.\n\n"
        }
    },
    {
        "model": "subjects.syllabusitem",
        "pk": 3,
        "fields": {
            "section_title": "第二回",
            "section_description": "Lorem Ipsum is simply dummy text of the printing and typesetting industry. Lorem Ipsum has been the industry's standard dummy text ever since the 1500s, when an unknown printer took a galley of type and scrambled it to make a type specimen book. It has survived not only five centuries, but also the leap into electronic typesetting, remaining essentially unchanged. It was popularised in the 1960s with the release of Letraset sheets containing Lorem Ipsum passages, and more recently with desktop publishing software like Aldus PageMaker including versions of Lorem Ipsum.\n\n\n\na\nsd\nas"
        }
    },
    {
        "model": "subjects.syllabusitem",
        "pk": 4,
        "fields": {
            "section_title": "第三回",
            "section_description": "Lorem Ipsum is simply dummy text of the printing and typesetting industry. Lorem Ipsum has been the industry's standard dummy text ever since the 1500s, when an unknown printer took a galley of type and scrambled it to make a type specimen book. It has survived not only five centuries, but also the leap into electronic typesetting, remaining essentially unchanged. It was popularised in the 1960s with the release of Letraset sheets containing Lorem Ipsum passages, and more recently with desktop publishing software like Aldus PageMaker including versions of Lorem Ipsum.\n\n"
        }
    },
    {
        "model": "subjects.syllabusitem",
        "pk": 5,
        "fields": {
            "section_title": "第三回 ",
            "section_description": "Lorem Ipsum is simply dummy text of the printing and typesetting industry. Lorem Ipsum has been the industry's standard dummy text ever since the 1500s, when an unknown printer took a galley of type and scrambled it to make a type specimen book. It has survived not only five centuries, but also the leap into electronic typesetting, remaining essentially unchanged. It was popularised in the 1960s with the release of Letraset sheets containing Lorem Ipsum passages, and more recently with desktop publishing software like Aldus PageMaker including versions of Lorem Ipsum.\n\n"
        }
    },
    {
        "model": "subjects.syllabus",
        "pk": 1,
        "fields": {
            "course": 1,
            "syllabus_items": [
                1,
                2,
                3,
                4,
                5
            ]
        }
    },
    {
        "model": "subjects.syllabus",
        "pk": 3,
        "fields": {
            "course": 2,
            "syllabus_items": []
        }
    },
    {
        "model": "attendance.studentattended",
        "pk": 1,
        "fields": {
            "student": "2021",
            "is_present": false,
            "attendance_code": "153052",
            "attendance": 1,
            "attendance_time": null
        }
    },
    {
        "model": "attendance.studentattended",
        "pk": 43,
        "fields": {
            "student": "2021",
            "is_present": true,
            "attendance_code": "592788",
            "attendance": 14,
            "attendance_time": "2024-10-07T07:45:46.720Z"
        }
    },
    {
        "model": "attendance.studentattended",
        "pk": 45,
        "fields": {
            "student": "2021",
            "is_present": false,
            "attendance_code": "592788",
            "attendance": 14,
            "attendance_time": null
        }
    },
    {
        "model": "attendance.studentattended",
        "pk": 47,
        "fields": {
            "student": "2021",
            "is_present": true,
            "attendance_code": "683811",
            "attendance": 15,
            "attendance_time": "2024-10-20T05:38:39.016Z"
        }
    },
    {
        "model": "attendance.studentattended",
        "pk": 49,
        "fields": {
            "student": "2021",
            "is_present": false,
            "attendance_code": "678272",
            "attendance": 16,
            "attendance_time": "2024-10-22T02:53:40.210Z"
        }
    },
    {
        "model": "attendance.studentattended",
        "pk": 51,
        "fields": {
            "student": "2021",
            "is_present": true,
            "attendance_code": "500483",
            "attendance": 17,
            "attendance_time": "2024-10-24T05:55:07.991Z"
        }
    },
    {
        "model": "attendance.studentattended",
        "pk": 53,
        "fields": {
            "student": "2021",
            "is_present": false,
            "attendance_code": "869489",
            "attendance": 18,
            "attendance_time": "2024-10-31T04:56:35.185Z"
        }
    },
    {
        "model": "attendance.attendance",
        "pk": 1,
        "fields": {
            "course": 1,
            "subject_enroll": 1,
            "date": "2024-10-06",
            "attendance_code": "153052",
            "is_active": true,
            "created_at": "2024-10-06T05:03:44.518Z",
            "students_attended": [
                1
            ]
        }
    },
    {
        "model": "attendance.attendance",
        "pk": 14,
        "fields": {
            "course": 1,
            "subject_enroll": 1,
            "date": "2024-10-07",
            "attendance_code": "592788",
            "is_active": true,
            "created_at": "2024-10-07T07:45:46.682Z",
            "students_attended": [
                43,
                45
            ]
        }
    },
    {
        "model": "attendance.attendance",
        "pk": 15,
        "fields": {
            "course": 1,
            "subject_enroll": 1,
            "date": "2024-10-20",
            "attendance_code": "683811",
            "is_active": true,
            "created_at": "2024-10-20T05:38:38.962Z",
            "students_attended": [
                47
            ]
        }
    },
    {
        "model": "attendance.attendance",
        "pk": 16,
        "fields": {
            "course": 1,
            "subject_enroll": 1,
            "date": "2024-10-22",
            "attendance_code": "678272",
            "is_active": true,
            "created_at": "2024-10-22T02:53:40.166Z",
            "students_attended": [
                49
            ]
        }
    },
    {
        "model": "attendance.attendance",
        "pk": 17,
        "fields": {
            "course": 1,
            "subject_enroll": 1,
            "date": "2024-10-24",
            "attendance_code": "500483",
            "is_active": true,
            "created_at": "2024-10-24T05:55:07.948Z",
            "students_attended": [
                51
            ]
        }
    },
    {
        "model": "attendance.attendance",
        "pk": 18,
        "fields": {
            "course": 1,
            "subject_enroll": 1,
            "date": "2024-10-31",
            "attendance_code": "869489",
            "is_active": true,
            "created_at": "2024-10-31T04:56:35.153Z",
            "students_attended": [
                53
            ]
        }
    },
    {
        "model": "common.calendarevent",
        "pk": 4,
        "fields": {
            "title": "tetetetete",
            "start_date": "2024-10-20",
            "end_date": "2024-10-20",
            "color": "#3357FF",
            "start_time": "09:00:00",
            "end_time": "23:59:00",
            "is_class_cancellation": false,
            "user": 3,
            "subject": null,
            "reminder_time": null,
            "is_reminder_sent": false
        }
    },
    {
        "model": "common.calendarevent",
        "pk": 6,
        "fields": {
            "title": "ffffffffffffffffffffff",
            "start_date": "2024-09-30",
            "end_date": "2024-09-30",
            "color": "#FF33DC",
            "start_time": "09:00:00",
            "end_time": "23:59:00",
            "is_class_cancellation": false,
            "user": 2,
            "subject": null,
            "reminder_time": null,
            "is_reminder_sent": false
        }
    },
    {
        "model": "common.calendarevent",
        "pk": 7,
        "fields": {
            "title": "ddddd",
            "start_date": "2024-10-07",
            "end_date": "2024-10-07",
            "color": "#33FF57",
            "start_time": "12:00:00",
            "end_time": "23:59:00",
            "is_class_cancellation": false,
            "user": 2,
            "subject": null,
            "reminder_time": null,
            "is_reminder_sent": false
        }
    },
    {
        "model": "common.calendarevent",
        "pk": 8,
        "fields": {
            "title": "hshhsha",
            "start_date": "2024-10-31",
            "end_date": "2024-10-31",
            "color": "#3357FF",
            "start_time": "07:00:00",
            "end_time": "03:59:00",
            "is_class_cancellation": false,
            "user": 2,
            "subject": null,
            "reminder_time": "14:10:00",
            "is_reminder_sent": true
        }
    },
    {
        "model": "common.calendarevent",
        "pk": 9,
        "fields": {
            "title": "test subject",
            "start_date": "2024-10-07",
            "end_date": "2024-10-07",
            "color": "red",
            "start_time": "15:34:17",
            "end_time": "15:34:18",
            "is_class_cancellation": false,
            "user": null,
            "subject": 1,
            "reminder_time": "00:00:00",
            "is_reminder_sent": false
        }
    },
    {
        "model": "common.calendarevent",
        "pk": 10,
        "fields": {
            "title": "test subject",
            "start_date": "2024-10-14",
            "end_date": "2024-10-14",
            "color": "red",
            "start_time": "15:34:17",
            "end_time": "15:34:18",
            "is_class_cancellation": false,
            "user": null,
            "subject": 1,
            "reminder_time": "02:02:00",
            "is_reminder_sent": false
        }
    },
    {
        "model": "common.calendarevent",
        "pk": 11,
        "fields": {
            "title": "test subject",
            "start_date": "2024-10-21",
            "end_date": "2024-10-21",
            "color": "red",
            "start_time": "15:34:17",
            "end_time": "15:34:18",
            "is_class_cancellation": false,
            "user": null,
            "subject": 1,
            "reminder_time": null,
            "is_reminder_sent": false
        }
    },
    {
        "model": "common.calendarevent",
        "pk": 12,
        "fields": {
            "title": "test subject",
            "start_date": "2024-10-28",
            "end_date": "2024-10-28",
            "color": "red",
            "start_time": "15:34:17",
            "end_time": "15:34:18",
            "is_class_cancellation": false,
            "user": null,
            "subject": 1,
            "reminder_time": null,
            "is_reminder_sent": false
        }
    },
    {
        "model": "common.calendarevent",
        "pk": 13,
        "fields": {
            "title": "test subject",
            "start_date": "2024-11-04",
            "end_date": "2024-11-04",
            "color": "red",
            "start_time": "15:34:17",
            "end_time": "15:34:18",
            "is_class_cancellation": false,
            "user": null,
            "subject": 1,
            "reminder_time": null,
            "is_reminder_sent": false
        }
    },
    {
        "model": "common.calendarevent",
        "pk": 14,
        "fields": {
            "title": "test subject",
            "start_date": "2024-11-11",
            "end_date": "2024-11-11",
            "color": "red",
            "start_time": "15:34:17",
            "end_time": "15:34:18",
            "is_class_cancellation": false,
            "user": null,
            "subject": 1,
            "reminder_time": null,
            "is_reminder_sent": false
        }
    },
    {
        "model": "common.calendarevent",
        "pk": 15,
        "fields": {
            "title": "test subject",
            "start_date": "2024-11-18",
            "end_date": "2024-11-18",
            "color": "red",
            "start_time": "15:34:17",
            "end_time": "15:34:18",
            "is_class_cancellation": false,
            "user": null,
            "subject": 1,
            "reminder_time": null,
            "is_reminder_sent": false
        }
    },
    {
        "model": "common.calendarevent",
        "pk": 16,
        "fields": {
            "title": "test subject",
            "start_date": "2024-11-25",
            "end_date": "2024-11-25",
            "color": "red",
            "start_time": "15:34:17",
            "end_time": "15:34:18",
            "is_class_cancellation": false,
            "user": null,
            "subject": 1,
            "reminder_time": null,
            "is_reminder_sent": false
        }
    },
    {
        "model": "common.calendarevent",
        "pk": 17,
        "fields": {
            "title": "あだsだsだs",
            "start_date": "2024-10-31",
            "end_date": "2024-10-31",
            "color": "#3357FF",
            "start_time": "09:00:00",
            "end_time": "23:59:00",
            "is_class_cancellation": false,
            "user": 3,
            "subject": null,
            "reminder_time": null,
            "is_reminder_sent": false
        }
    },
    {
        "model": "common.calendarevent",
        "pk": 18,
        "fields": {
            "title": "あsだsだs",
            "start_date": "2024-11-01",
            "end_date": "2024-11-01",
            "color": "#3357FF",
            "start_time": "09:00:00",
            "end_time": "23:59:00",
            "is_class_cancellation": false,
            "user": 3,
            "subject": null,
            "reminder_time": "02:02:00",
            "is_reminder_sent": true
        }
    },
    {
        "model": "common.calendarevent",
        "pk": 19,
        "fields": {
            "title": "aaa",
            "start_date": "2024-10-20",
            "end_date": "2024-10-20",
            "color": "#3357FF",
            "start_time": "09:00:00",
            "end_time": "23:59:00",
            "is_class_cancellation": false,
            "user": 3,
            "subject": null,
            "reminder_time": null,
            "is_reminder_sent": false
        }
    },
    {
        "model": "common.calendarevent",
        "pk": 20,
        "fields": {
            "title": "send me notify",
            "start_date": "2024-11-01",
            "end_date": "2024-11-01",
            "color": "#3357FF",
            "start_time": "09:00:00",
            "end_time": "23:59:00",
            "is_class_cancellation": false,
            "user": 3,
            "subject": null,
            "reminder_time": "22:10:00",
            "is_reminder_sent": true
        }
    },
    {
        "model": "common.calendarevent",
        "pk": 21,
        "fields": {
            "title": "English",
            "start_date": "2024-10-02",
            "end_date": "2024-10-02",
            "color": "red",
            "start_time": "14:40:00",
            "end_time": "16:10:00",
            "is_class_cancellation": false,
            "user": null,
            "subject": 2,
            "reminder_time": null,
            "is_reminder_sent": false
        }
    },
    {
        "model": "common.calendarevent",
        "pk": 22,
        "fields": {
            "title": "English",
            "start_date": "2024-10-09",
            "end_date": "2024-10-09",
            "color": "red",
            "start_time": "14:40:00",
            "end_time": "16:10:00",
            "is_class_cancellation": false,
            "user": null,
            "subject": 2,
            "reminder_time": null,
            "is_reminder_sent": false
        }
    },
    {
        "model": "common.calendarevent",
        "pk": 23,
        "fields": {
            "title": "English",
            "start_date": "2024-10-16",
            "end_date": "2024-10-16",
            "color": "red",
            "start_time": "14:40:00",
            "end_time": "16:10:00",
            "is_class_cancellation": false,
            "user": null,
            "subject": 2,
            "reminder_time": null,
            "is_reminder_sent": false
        }
    },
    {
        "model": "common.calendarevent",
        "pk": 24,
        "fields": {
            "title": "English",
            "start_date": "2024-10-23",
            "end_date": "2024-10-23",
            "color": "red",
            "start_time": "14:40:00",
            "end_time": "16:10:00",
            "is_class_cancellation": false,
            "user": null,
            "subject": 2,
            "reminder_time": null,
            "is_reminder_sent": false
        }
    },
    {
        "model": "common.calendarevent",
        "pk": 25,
        "fields": {
            "title": "English",
            "start_date": "2024-10-30",
            "end_date": "2024-10-30",
            "color": "red",
            "start_time": "14:40:00",
            "end_time": "16:10:00",
            "is_class_cancellation": false,
            "user": null,
            "subject": 2,
            "reminder_time": null,
            "is_reminder_sent": false
        }
    },
    {
        "model": "common.calendarevent",
        "pk": 26,
        "fields": {
            "title": "English",
            "start_date": "2024-11-06",
            "end_date": "2024-11-06",
            "color": "red",
            "start_time": "14:40:00",
            "end_time": "16:10:00",
            "is_class_cancellation": false,
            "user": null,
            "subject": 2,
            "reminder_time": null,
            "is_reminder_sent": false
        }
    },
    {
        "model": "common.calendarevent",
        "pk": 27,
        "fields": {
            "title": "English",
            "start_date": "2024-11-13",
            "end_date": "2024-11-13",
            "color": "red",
            "start_time": "14:40:00",
            "end_time": "16:10:00",
            "is_class_cancellation": false,
            "user": null,
            "subject": 2,
            "reminder_time": null,
            "is_reminder_sent": false
        }
    },
    {
        "model": "common.calendarevent",
        "pk": 28,
        "fields": {
            "title": "English",
            "start_date": "2024-11-20",
            "end_date": "2024-11-20",
            "color": "red",
            "start_time": "14:40:00",
            "end_time": "16:10:00",
            "is_class_cancellation": false,
            "user": null,
            "subject": 2,
            "reminder_time": null,
            "is_reminder_sent": false
        }
    },
    {
        "model": "common.calendarevent",
        "pk": 29,
        "fields": {
            "title": "English",
            "start_date": "2024-11-27",
            "end_date": "2024-11-27",
            "color": "red",
            "start_time": "14:40:00",
            "end_time": "16:10:00",
            "is_class_cancellation": false,
            "user": null,
            "subject": 2,
            "reminder_time": null,
            "is_reminder_sent": false
        }
    },
    {
        "model": "common.calendarevent",
        "pk": 30,
        "fields": {
            "title": "English",
            "start_date": "2024-12-04",
            "end_date": "2024-12-04",
            "color": "red",
            "start_time": "14:40:00",
            "end_time": "16:10:00",
            "is_class_cancellation": false,
            "user": null,
            "subject": 2,
            "reminder_time": null,
            "is_reminder_sent": false
        }
    },
    {
        "model": "common.calendarevent",
        "pk": 31,
        "fields": {
            "title": "English",
            "start_date": "2024-12-11",
            "end_date": "2024-12-11",
            "color": "red",
            "start_time": "14:40:00",
            "end_time": "16:10:00",
            "is_class_cancellation": false,
            "user": null,
            "subject": 2,
            "reminder_time": null,
            "is_reminder_sent": false
        }
    },
    {
        "model": "common.calendarevent",
        "pk": 32,
        "fields": {
            "title": "English",
            "start_date": "2024-12-18",
            "end_date": "2024-12-18",
            "color": "red",
            "start_time": "14:40:00",
            "end_time": "16:10:00",
            "is_class_cancellation": false,
            "user": null,
            "subject": 2,
            "reminder_time": null,
            "is_reminder_sent": false
        }
    },
    {
        "model": "common.calendarevent",
        "pk": 33,
        "fields": {
            "title": "English",
            "start_date": "2024-12-25",
            "end_date": "2024-12-25",
            "color": "red",
            "start_time": "14:40:00",
            "end_time": "16:10:00",
            "is_class_cancellation": false,
            "user": null,
            "subject": 2,
            "reminder_time": null,
            "is_reminder_sent": false
        }
    },
    {
        "model": "common.calendarevent",
        "pk": 34,
        "fields": {
            "title": "test subject",
            "start_date": "2024-12-02",
            "end_date": "2024-12-02",
            "color": "red",
            "start_time": "15:34:17",
            "end_time": "15:34:18",
            "is_class_cancellation": false,
            "user": null,
            "subject": 1,
            "reminder_time": null,
            "is_reminder_sent": false
        }
    },
    {
        "model": "common.calendarevent",
        "pk": 35,
        "fields": {
            "title": "test subject",
            "start_date": "2024-12-09",
            "end_date": "2024-12-09",
            "color": "red",
            "start_time": "15:34:17",
            "end_time": "15:34:18",
            "is_class_cancellation": false,
            "user": null,
            "subject": 1,
            "reminder_time": null,
            "is_reminder_sent": false
        }
    },
    {
        "model": "common.calendarevent",
        "pk": 36,
        "fields": {
            "title": "test subject",
            "start_date": "2024-12-16",
            "end_date": "2024-12-16",
            "color": "red",
            "start_time": "15:34:17",
            "end_time": "15:34:18",
            "is_class_cancellation": false,
            "user": null,
            "subject": 1,
            "reminder_time": null,
            "is_reminder_sent": false
        }
    },
    {
        "model": "common.calendarevent",
        "pk": 37,
        "fields": {
            "title": "test subject",
            "start_date": "2024-12-23",
            "end_date": "2024-12-23",
            "color": "red",
            "start_time": "15:34:17",
            "end_time": "15:34:18",
            "is_class_cancellation": false,
            "user": null,
            "subject": 1,
            "reminder_time": null,
            "is_reminder_sent": false
        }
    },
    {
        "model": "common.calendarevent",
        "pk": 38,
        "fields": {
            "title": "test subject",
            "start_date": "2024-12-30",
            "end_date": "2024-12-30",
            "color": "red",
            "start_time": "15:34:17",
            "end_time": "15:34:18",
            "is_class_cancellation": false,
            "user": null,
            "subject": 1,
            "reminder_time": null,
            "is_reminder_sent": false
        }
    },
    {
        "model": "common.calendarevent",
        "pk": 39,
        "fields": {
            "title": "hahhsdasd",
            "start_date": "2024-11-01",
            "end_date": "2024-11-01",
            "color": "#3357FF",
            "start_time": "09:00:00",
            "end_time": "23:59:00",
            "is_class_cancellation": false,
            "user": 3,
            "subject": null,
            "reminder_time": "10:40:00",
            "is_reminder_sent": true
        }
    },
    {
        "model": "common.calendarevent",
        "pk": 40,
        "fields": {
            "title": "テスト ",
            "start_date": "2024-11-03",
            "end_date": "2024-11-03",
            "color": "#3357FF",
            "start_time": "09:00:00",
            "end_time": "23:59:00",
            "is_class_cancellation": false,
            "user": 3,
            "subject": null,
            "reminder_time": null,
            "is_reminder_sent": false
        }
    },
    {
        "model": "common.notes",
        "pk": 24,
        "fields": {
            "user": 3,
            "title": "データ",
            "content": "## データベースの基礎と応用\n\nデータベースは、現代のアプリケーションやウェブサイトにおいて欠かせない要素です。\nここでは、データベースの基本的な概念、リレーショナルデータベース（RDB）\nとNoSQLデータベースの違い、主なデータベース管理システム（DBMS）の紹介、\nそして実用的な設計・運用のポイントについて詳しく説明します。\n\n---\n\n## 1. データベースの基本概念\n\nデータベース（Database）とは、構造化されたデータを効率的に保存・管理し、\n必要な情報を迅速に取得するためのシステムです。データは行（レコード）と列\n（フィールド）によって構成されることが一般的で、テーブル形式で保存されることが多いです。  \nデータベースはアプリケーションの一部として、データの永続化や複雑なクエリ処理、\nデータの一貫性と整合性を保証する役割を担っています。\n\n---\n\n## 2. リレーショナルデータベース（RDB）\n\nリレーショナルデータベース（Relational Database）は、データをテーブル\n（関係）形式で保存するシステムです。RDBでは、各テーブルがキー（主キーおよび外部キー）\nを使って他のテーブルと関連付けられ、データを整合性のある形で管理することができます。\n\n### 2.1 特徴\n\n- **スキーマの厳格性**：テーブルごとにスキーマが定義され、データの構造が明確に決まっている。\n- **トランザクション処理**：ACID特性（Atomicity、Consistency、Isolation、Durability）を持ち、データの一貫性が保証される。\n- **SQL言語**：データの操作や定義にはSQL（Structured Query Language）を使用する。\n\n### 2.2 主なリレーショナルデータベース管理システム（RDBMS）\n\n1. **MySQL**  \n    - オープンソースのRDBMSで、広く利用されている。\n    - 特にウェブアプリケーションでの採用例が多い。\n\n2. **PostgreSQL**  \n    - 高度な機能と拡張性が特徴で、データ分析や複雑なクエリに強い。\n    - ACIDに完全対応しており、金融業界など信頼性が重視される分野で採用されることが多い。\n\n3. **Oracle Database**  \n    - 企業向けに特化された高性能なRDBMS。\n    - 大規模データと高可用性が求められるシステムで利用されることが多い。\n\n4. **SQL Server**  \n    - Microsoft社が提供するRDBMSで、Windowsとの互換性が高い。\n    - エンタープライズ向けに強力な機能を提供している。\n\n---\n\n## 3. NoSQLデータベース\n\nNoSQL（Not Only SQL）データベースは、リレーショナルデータベースのスキーマの制約を緩和し、\n柔軟でスケーラブルなデータストレージを実現するために開発されたデータベースの一種です。\n\n### 3.1 特徴\n\n- **スキーマレス**：データの構造が固定されていないため、柔軟なデータモデルを構築可能。\n- **高スケーラビリティ**：分散システムの特性を持ち、大規模データ処理に適している。\n- **データ構造の多様性**：キーバリュー型、ドキュメント型、グラフ型、カラム型など、用途に応じたデータストレージが可能。\n\n### 3.2 主なNoSQLデータベース管理システム\n\n1. **MongoDB**  \n    - ドキュメント型データベースで、JSONに類似した形式でデータを保存。\n    - スキーマレスであるため、アジャイル開発や柔軟なデータモデルが求められるプロジェクトに適している。\n\n2. **Redis**  \n    - キーバリュー型のインメモリデータベースで、高速なデータアクセスを実現。\n    - キャッシュやセッションストレージとして多く利用されている。\n\n3. **Cassandra**  \n    - 大規模データと高可用性に対応した分散型カラムストア。\n    - Facebookが開発したことから、大量のトラフィックが発生するシステムで利用されることが多い。\n\n4. **Neo4j**  \n    - グラフ型データベースで、ノードとエッジの関係性を効率的に保存・取得する。\n    - ソーシャルネットワークや推薦システムに適している。\n\n---\n\n## 4. データベース設計のポイント\n\n### 4.1 正規化とデノーマライゼーション\n\n- **正規化**：データの重複を排除し、データの一貫性を保つ手法。テーブルの分割やキーの設定により、冗長性を削減する。\n- **デノーマライゼーション**：正規化の逆で、データのアクセス速度向上のために重複を許容する設計。読み取り性能が重要なシステムで利用される。\n\n### 4.2 インデックスの活用\n\nインデックスは、特定のフィールドに対するデータ検索を高速化するための仕組みです。\n頻繁に検索されるカラムや、結合に利用されるキーにはインデックスを設定すると効果的ですが、\nインデックスが多すぎると書き込み性能が低下するため、バランスが重要です。\n\n### 4.3 トランザクション管理\n\nトランザクションは、一連のデータベース操作を一つの処理単位として管理する機能です。\nデータの一貫性を保つために、全ての操作が成功した場合のみコミットされ、エラーが発生した場合は\nロールバックされます。これにより、データの不整合を防ぐことができます。\n\n### 4.4 スケーラビリティの考慮\n\nデータベースの負荷が増加すると、スケールアップ（単一サーバーの性能向上）\nやスケールアウト（サーバー台数の増加）を検討する必要があります。NoSQL\nデータベースはスケールアウトが得意なものが多く、大規模データの処理に適しています。\n\n---\n\n## 5. 実用的なデータベース運用のベストプラクティス\n\n### 5.1 バックアップとリカバリ\n\nデータの消失を防ぐために、定期的なバックアップが必要です。バックアップには、\nフルバックアップ、増分バックアップ、差分バックアップがあり、システムの要件に応じて適切な方法を選択します。また、\nリカバリの手順を定期的に確認し、バックアップからの復元が可能かどうかをテストすることも重要です。\n\n### 5.2 セキュリティ対策\n\nデータベースは機密情報を含むことが多いため、セキュリティ対策が欠かせません。以下の点に留意しましょう：\n\n- **アクセス制御**：ユーザーごとに権限を設定し、必要なアクセス権のみを付与する。\n- **暗号化**：データの保存時および転送時に暗号化を行い、データ漏洩のリスクを軽減する。\n- **監査ログ**：データの変更やアクセス履歴を記録し、不正アクセスの監視を行う。\n\n### 5.3 パフォーマンスチューニング\n\n- **クエリの最適化**：複雑なクエリやサブクエリを避け、必要なデータのみを取得するようにする。\n- **キャッシュの活用**：頻繁にアクセスされるデータはキャッシュに保存し、データベースへの負荷を軽減する。\n- **ハードウェアの強化**：必要に応じてメモリやCPUの増強を行い、データベースの処理速度を向上させる。\n\n---\n\n## 6. データベース選定のポイント\n\nプロジェクトの要件に応じて、適切なデータベースシステム\nを選択することが重要です。リレーショナルデータベースは\nデータの整合性やトランザクション管理に優れており、\nビジネスアプリケーションに適しています。一方、NoSQL\nデータベースはスケーラビリティが高く、\nリアルタイム処理や大規模データ処理が求められる\nアプリケーションに向いています。\n\n- **整合性が重要**：リレーショナルデータベース（MySQL、PostgreSQL など）\n- **スケーラビリティが重要**：NoSQLデータベース（MongoDB、Cassandra など）\n- **特殊なデータ構造を扱う**：グラフ型データベース（Neo4j など）\n\n---\n\n## まとめ\n\nデータベースは、アプリケーションの重要な要素としてデータの保存、管理、\n検索機能を提供します。リレーショナルデータベースとNoSQLデータベースにはそれぞれ異なる利点があり、\nプロジェクトの目的に応じて最適な選択が求められます。正規化、インデックス、トランザクション管理といった設計の基本を理解し、\n実用的な運用のベストプラクティスを守ることで、安定したデータベース運用が可能となります。",
            "note_type": "private",
            "date": "2024-10-29T04:56:52.941Z",
            "color": null,
            "tag": "Project",
            "shared_with": []
        }
    },
    {
        "model": "common.notes",
        "pk": 34,
        "fields": {
            "user": 3,
            "title": "GIT",
            "content": "# Gitについてのノート\n\nGitは分散型バージョン管理システムであり、ソフトウェア開発や文書管理などで広く使用されています。以下にGitの基本的な機能と操作方法をまとめます。\n\n## Gitの基本機能\n\n- **バージョン管理**: 変更履歴を管理し、いつでも特定の状態に戻すことができます。\n- **ブランチ管理**: 複数の開発ラインを並行して管理できるため、機能追加やバグ修正が効率的に行えます。\n- **マージ**: 複数のブランチを統合し、一つの履歴として管理できます。\n- **分散型**: 各開発者がローカルリポジトリを持ち、オフラインでも作業ができます。\n\n## Gitの基本コマンド\n\n1. **リポジトリの初期化**\n   ```bash\n   git init\n",
            "note_type": "private",
            "date": "2024-10-29T05:13:17.965Z",
            "color": null,
            "tag": "Personal",
            "shared_with": []
        }
    },
    {
        "model": "common.notes",
        "pk": 35,
        "fields": {
            "user": 3,
            "title": "プログラミング",
            "content": "## プログラミングの基本\n\nプログラミングは、コンピュータに指示を与え、特定のタスクを自動化するための技術です。ここでは、プログラミングの基本概念や良いコーディングの習慣について解説します。\n\n## 1. プログラミング言語の選択\n\n- **Python**：データ分析、AI、Web開発に強く、シンプルで読みやすい文法が特徴。\n- **JavaScript**：Webブラウザで動作し、フロントエンドとバックエンドの両方で使用可能。\n- **Java**：企業システムやモバイルアプリ（Android）で多用される。\n\n## 2. コーディングの基本原則\n\n- **可読性**：他の開発者が理解しやすいコードを書くことが重要です。\n- **再利用性**：コードは使い回せるように設計し、必要に応じて関数やモジュールに分ける。\n- **テスト**：テストを行い、コードが期待通りに動作することを確認します。\n\n## 3. 良いコーディング習慣\n\n1. **コメントを追加**：コードの意味や、複雑なロジックを説明するためにコメントを使います。\n2. **変数名の工夫**：わかりやすい変数名をつけ、コードの可読性を向上させます。\n3. **バージョン管理**：Gitなどのツールを使用して、コードのバージョンを管理しましょう。\n\n## 4. エラーのデバッグ\n\nエラーが発生した場合は、次の手順で対処します。\n\n1. エラーメッセージを読み解く。\n2. 問題のある箇所を特定し、修正を試みる。\n3. ログやデバッグツールを使用して、問題の原因を調査。\n\n## 5. プログラミングの学習方法\n\n- **ドキュメントを読む**：公式ドキュメントを確認することで、新しい機能やベストプラクティスを学べます。\n- **小さなプロジェクトを作成**：学んだことを実際に使って、経験を積むことが重要です。\n- **他のコードを読む**：他の開発者が書いたコードを読むことで、新しい視点やテクニックを得られます。\n\n## まとめ\n\nプログラミングは練習と実践が重要です。日々コードを書き、学んだことをプロジェクトで活用しましょう。また、エラーやバグが発生しても根気よく取り組む姿勢が大切です。\n",
            "note_type": "private",
            "date": "2024-10-29T05:15:15.781Z",
            "color": null,
            "tag": "University",
            "shared_with": []
        }
    },
    {
        "model": "common.notes",
        "pk": 36,
        "fields": {
            "user": 3,
            "title": "残りのタスク",
            "content": "- [ ] **カレンダーの リマインダー修正**\n- [ ] **できれば カレンダー の 週日 VIEW の 実装**\n- [ ] r**esponse design**\n- [ ] **dashbord データの 修正**\n- [ ] **チャットの ファイル送信、写真の 送信の実装**\n      \n\n",
            "note_type": "private",
            "date": "2024-10-29T05:35:05.928Z",
            "color": null,
            "tag": "Project",
            "shared_with": []
        }
    },
    {
        "model": "common.notification",
        "pk": 1,
        "fields": {
            "title": "New Assignment",
            "content": "New assignment \"test 課題\" has been created.",
            "timestamp": "2024-10-04T08:07:27.802Z",
            "user": [
                3
            ]
        }
    },
    {
        "model": "common.notification",
        "pk": 2,
        "fields": {
            "title": "New Announcement",
            "content": "New announcement \"tets announencmnet\" has been created.",
            "timestamp": "2024-10-05T02:00:11.422Z",
            "user": [
                3
            ]
        }
    },
    {
        "model": "common.notification",
        "pk": 3,
        "fields": {
            "title": "New Assignment",
            "content": "New assignment \"test aaasasmee\" has been created.",
            "timestamp": "2024-10-05T02:01:03.660Z",
            "user": [
                3
            ]
        }
    },
    {
        "model": "common.notification",
        "pk": 4,
        "fields": {
            "title": "New Announcement",
            "content": "New announcement \"test announcement hellalla\" has been created.",
            "timestamp": "2024-10-05T10:40:51.504Z",
            "user": [
                3
            ]
        }
    },
    {
        "model": "common.notification",
        "pk": 5,
        "fields": {
            "title": "New Assignment",
            "content": "New assignment \"Assignment of database \" has been created.",
            "timestamp": "2024-10-20T11:02:47.866Z",
            "user": [
                3,
                12
            ]
        }
    },
    {
        "model": "common.notification",
        "pk": 6,
        "fields": {
            "title": "New Assignment",
            "content": "New assignment \"MUIの削除: MUIのDataGridを削除しを用いてデータを表示します\" has been created.",
            "timestamp": "2024-10-20T12:35:06.348Z",
            "user": [
                3,
                12
            ]
        }
    },
    {
        "model": "common.notification",
        "pk": 7,
        "fields": {
            "title": "New Assignment",
            "content": "New assignment \"File Assigemnt\" has been created.",
            "timestamp": "2024-10-23T09:35:28.883Z",
            "user": [
                3,
                12
            ]
        }
    },
    {
        "model": "common.notification",
        "pk": 8,
        "fields": {
            "title": "New Assignment",
            "content": "New assignment \"卒論関連研究\" has been created.",
            "timestamp": "2024-10-24T05:53:46.462Z",
            "user": [
                3,
                12
            ]
        }
    },
    {
        "model": "common.notification",
        "pk": 9,
        "fields": {
            "title": "New Assignment",
            "content": "New assignment \"テスト課題\" has been created.",
            "timestamp": "2024-10-24T05:54:54.008Z",
            "user": [
                3,
                12
            ]
        }
    },
    {
        "model": "socials.message",
        "pk": 1,
        "fields": {
            "sender": 3,
            "receiver": 2,
            "message": "hsy",
            "image_data": null,
            "timestamp": "2024-10-16T01:39:52.407Z"
        }
    },
    {
        "model": "socials.message",
        "pk": 2,
        "fields": {
            "sender": 3,
            "receiver": 2,
            "message": "sahy",
            "image_data": null,
            "timestamp": "2024-10-16T01:46:01.198Z"
        }
    },
    {
        "model": "socials.message",
        "pk": 3,
        "fields": {
            "sender": 3,
            "receiver": 2,
            "message": "aa",
            "image_data": null,
            "timestamp": "2024-10-16T01:46:07.400Z"
        }
    },
    {
        "model": "socials.message",
        "pk": 4,
        "fields": {
            "sender": 3,
            "receiver": 2,
            "message": "aa",
            "image_data": null,
            "timestamp": "2024-10-16T01:47:52.166Z"
        }
    },
    {
        "model": "socials.message",
        "pk": 5,
        "fields": {
            "sender": 3,
            "receiver": 2,
            "message": "aaa",
            "image_data": null,
            "timestamp": "2024-10-16T01:50:04.568Z"
        }
    },
    {
        "model": "socials.message",
        "pk": 6,
        "fields": {
            "sender": 2,
            "receiver": 3,
            "message": "qqqqqqq",
            "image_data": null,
            "timestamp": "2024-10-16T01:51:57.806Z"
        }
    },
    {
        "model": "socials.message",
        "pk": 7,
        "fields": {
            "sender": 3,
            "receiver": 2,
            "message": "hellow how are eee",
            "image_data": null,
            "timestamp": "2024-10-16T01:52:04.894Z"
        }
    },
    {
        "model": "socials.message",
        "pk": 8,
        "fields": {
            "sender": 3,
            "receiver": 2,
            "message": "adsd",
            "image_data": null,
            "timestamp": "2024-10-16T01:55:26.585Z"
        }
    },
    {
        "model": "socials.message",
        "pk": 9,
        "fields": {
            "sender": 3,
            "receiver": 2,
            "message": "aaa",
            "image_data": null,
            "timestamp": "2024-10-16T02:10:34.497Z"
        }
    },
    {
        "model": "socials.message",
        "pk": 10,
        "fields": {
            "sender": 2,
            "receiver": 3,
            "message": "aaa",
            "image_data": null,
            "timestamp": "2024-10-16T02:10:48.501Z"
        }
    },
    {
        "model": "socials.message",
        "pk": 11,
        "fields": {
            "sender": 3,
            "receiver": 2,
            "message": "hay",
            "image_data": null,
            "timestamp": "2024-10-16T11:21:05.751Z"
        }
    },
    {
        "model": "socials.message",
        "pk": 12,
        "fields": {
            "sender": 3,
            "receiver": 2,
            "message": "aaa",
            "image_data": null,
            "timestamp": "2024-10-16T11:34:43.517Z"
        }
    },
    {
        "model": "socials.message",
        "pk": 13,
        "fields": {
            "sender": 3,
            "receiver": 12,
            "message": "asdasda",
            "image_data": null,
            "timestamp": "2024-10-16T11:44:06.854Z"
        }
    },
    {
        "model": "socials.message",
        "pk": 14,
        "fields": {
            "sender": 3,
            "receiver": 12,
            "message": "asdasd",
            "image_data": null,
            "timestamp": "2024-10-16T11:44:09.690Z"
        }
    },
    {
        "model": "socials.message",
        "pk": 15,
        "fields": {
            "sender": 3,
            "receiver": 2,
            "message": "aaa",
            "image_data": null,
            "timestamp": "2024-10-20T05:27:08.398Z"
        }
    },
    {
        "model": "socials.message",
        "pk": 16,
        "fields": {
            "sender": 3,
            "receiver": 2,
            "message": "",
            "image_data": null,
            "timestamp": "2024-11-01T01:18:49.219Z"
        }
    },
    {
        "model": "socials.message",
        "pk": 17,
        "fields": {
            "sender": 3,
            "receiver": 17,
            "message": "aa",
            "image_data": null,
            "timestamp": "2024-11-03T01:52:30.949Z"
        }
    },
    {
        "model": "socials.group",
        "pk": 1,
        "fields": {
            "admin": 3,
            "name": "test messgae",
            "timestamp": "2024-10-15T10:10:09.856Z",
            "group_image": "group_images/IMG_0320_iIymqqK.jpeg",
            "members": [
                2,
                12
            ]
        }
    },
    {
        "model": "socials.group",
        "pk": 2,
        "fields": {
            "admin": 3,
            "name": "GIHHA",
            "timestamp": "2024-10-31T11:12:39.094Z",
            "group_image": "",
            "members": [
                2,
                12
            ]
        }
    },
    {
        "model": "socials.group",
        "pk": 3,
        "fields": {
            "admin": 3,
            "name": "sasd",
            "timestamp": "2024-10-31T11:13:34.005Z",
            "group_image": "",
            "members": [
                2,
                12
            ]
        }
    },
    {
        "model": "socials.groupmessage",
        "pk": 1,
        "fields": {
            "sender": 3,
            "group": 1,
            "message": "adasdsad",
            "image_data": null,
            "timestamp": "2024-10-15T11:06:32.462Z"
        }
    },
    {
        "model": "socials.groupmessage",
        "pk": 2,
        "fields": {
            "sender": 3,
            "group": 1,
            "message": "asdasdas",
            "image_data": null,
            "timestamp": "2024-10-15T11:12:56.706Z"
        }
    },
    {
        "model": "socials.groupmessage",
        "pk": 3,
        "fields": {
            "sender": 3,
            "group": 1,
            "message": "asdasdas",
            "image_data": null,
            "timestamp": "2024-10-15T11:15:15.117Z"
        }
    },
    {
        "model": "socials.groupmessage",
        "pk": 4,
        "fields": {
            "sender": 3,
            "group": 1,
            "message": "aaaa",
            "image_data": null,
            "timestamp": "2024-10-15T11:34:44.034Z"
        }
    },
    {
        "model": "socials.groupmessage",
        "pk": 5,
        "fields": {
            "sender": 3,
            "group": 1,
            "message": "ssss",
            "image_data": null,
            "timestamp": "2024-10-15T11:35:36.359Z"
        }
    },
    {
        "model": "socials.groupmessage",
        "pk": 6,
        "fields": {
            "sender": 3,
            "group": 1,
            "message": "sss",
            "image_data": null,
            "timestamp": "2024-10-15T11:35:44.227Z"
        }
    },
    {
        "model": "socials.groupmessage",
        "pk": 7,
        "fields": {
            "sender": 3,
            "group": 1,
            "message": "sss",
            "image_data": null,
            "timestamp": "2024-10-15T11:35:50.383Z"
        }
    },
    {
        "model": "socials.groupmessage",
        "pk": 8,
        "fields": {
            "sender": 3,
            "group": 1,
            "message": "sss",
            "image_data": null,
            "timestamp": "2024-10-15T11:35:58.368Z"
        }
    },
    {
        "model": "socials.groupmessage",
        "pk": 9,
        "fields": {
            "sender": 3,
            "group": 1,
            "message": "sss",
            "image_data": null,
            "timestamp": "2024-10-15T11:36:02.672Z"
        }
    },
    {
        "model": "socials.groupmessage",
        "pk": 10,
        "fields": {
            "sender": 3,
            "group": 1,
            "message": "sssss",
            "image_data": null,
            "timestamp": "2024-10-15T11:36:06.600Z"
        }
    },
    {
        "model": "socials.groupmessage",
        "pk": 11,
        "fields": {
            "sender": 3,
            "group": 1,
            "message": "adsada",
            "image_data": null,
            "timestamp": "2024-10-15T11:36:20.634Z"
        }
    },
    {
        "model": "socials.groupmessage",
        "pk": 12,
        "fields": {
            "sender": 3,
            "group": 1,
            "message": "asasa",
            "image_data": null,
            "timestamp": "2024-10-15T11:38:09.417Z"
        }
    },
    {
        "model": "socials.groupmessage",
        "pk": 13,
        "fields": {
            "sender": 3,
            "group": 1,
            "message": "asdas",
            "image_data": null,
            "timestamp": "2024-10-15T11:38:13.628Z"
        }
    },
    {
        "model": "socials.groupmessage",
        "pk": 14,
        "fields": {
            "sender": 3,
            "group": 1,
            "message": "asdas",
            "image_data": null,
            "timestamp": "2024-10-15T11:39:43.079Z"
        }
    },
    {
        "model": "socials.groupmessage",
        "pk": 15,
        "fields": {
            "sender": 3,
            "group": 1,
            "message": "aa",
            "image_data": null,
            "timestamp": "2024-10-15T11:40:16.488Z"
        }
    },
    {
        "model": "socials.groupmessage",
        "pk": 16,
        "fields": {
            "sender": 3,
            "group": 1,
            "message": "sss",
            "image_data": null,
            "timestamp": "2024-10-15T11:41:17.848Z"
        }
    },
    {
        "model": "socials.groupmessage",
        "pk": 17,
        "fields": {
            "sender": 3,
            "group": 1,
            "message": "aaaa",
            "image_data": null,
            "timestamp": "2024-10-15T11:43:39.720Z"
        }
    },
    {
        "model": "socials.groupmessage",
        "pk": 18,
        "fields": {
            "sender": 3,
            "group": 1,
            "message": "ssss",
            "image_data": null,
            "timestamp": "2024-10-15T11:55:44.067Z"
        }
    },
    {
        "model": "socials.groupmessage",
        "pk": 19,
        "fields": {
            "sender": 3,
            "group": 1,
            "message": "sssasas",
            "image_data": null,
            "timestamp": "2024-10-15T11:56:33.196Z"
        }
    },
    {
        "model": "socials.groupmessage",
        "pk": 20,
        "fields": {
            "sender": 3,
            "group": 1,
            "message": "sss",
            "image_data": null,
            "timestamp": "2024-10-15T11:58:33.749Z"
        }
    },
    {
        "model": "socials.groupmessage",
        "pk": 21,
        "fields": {
            "sender": 3,
            "group": 1,
            "message": "asdsa",
            "image_data": null,
            "timestamp": "2024-10-15T11:58:42.116Z"
        }
    },
    {
        "model": "socials.groupmessage",
        "pk": 22,
        "fields": {
            "sender": 3,
            "group": 1,
            "message": "asdasds",
            "image_data": null,
            "timestamp": "2024-10-15T11:58:44.844Z"
        }
    },
    {
        "model": "socials.groupmessage",
        "pk": 23,
        "fields": {
            "sender": 3,
            "group": 1,
            "message": "aasdasd",
            "image_data": null,
            "timestamp": "2024-10-15T12:04:40.163Z"
        }
    },
    {
        "model": "socials.groupmessage",
        "pk": 24,
        "fields": {
            "sender": 3,
            "group": 1,
            "message": "asdasd",
            "image_data": null,
            "timestamp": "2024-10-15T12:04:46.103Z"
        }
    },
    {
        "model": "socials.groupmessage",
        "pk": 25,
        "fields": {
            "sender": 3,
            "group": 1,
            "message": "why",
            "image_data": null,
            "timestamp": "2024-10-15T12:04:52.691Z"
        }
    },
    {
        "model": "socials.groupmessage",
        "pk": 26,
        "fields": {
            "sender": 3,
            "group": 1,
            "message": "aaa",
            "image_data": null,
            "timestamp": "2024-10-15T12:06:04.929Z"
        }
    },
    {
        "model": "socials.groupmessage",
        "pk": 27,
        "fields": {
            "sender": 3,
            "group": 1,
            "message": "aaaa",
            "image_data": null,
            "timestamp": "2024-10-15T12:06:08.099Z"
        }
    },
    {
        "model": "socials.groupmessage",
        "pk": 28,
        "fields": {
            "sender": 3,
            "group": 1,
            "message": "aaa",
            "image_data": null,
            "timestamp": "2024-10-15T12:06:10.877Z"
        }
    },
    {
        "model": "socials.groupmessage",
        "pk": 29,
        "fields": {
            "sender": 3,
            "group": 1,
            "message": "aaa",
            "image_data": null,
            "timestamp": "2024-10-15T12:06:32.860Z"
        }
    },
    {
        "model": "socials.groupmessage",
        "pk": 30,
        "fields": {
            "sender": 3,
            "group": 1,
            "message": "aa",
            "image_data": null,
            "timestamp": "2024-10-15T12:07:46.626Z"
        }
    },
    {
        "model": "socials.groupmessage",
        "pk": 31,
        "fields": {
            "sender": 3,
            "group": 1,
            "message": "aa",
            "image_data": null,
            "timestamp": "2024-10-15T12:08:54.805Z"
        }
    },
    {
        "model": "socials.groupmessage",
        "pk": 32,
        "fields": {
            "sender": 3,
            "group": 1,
            "message": "aaa",
            "image_data": null,
            "timestamp": "2024-10-15T12:09:12.114Z"
        }
    },
    {
        "model": "socials.groupmessage",
        "pk": 33,
        "fields": {
            "sender": 3,
            "group": 1,
            "message": "aasdasd",
            "image_data": null,
            "timestamp": "2024-10-15T12:16:47.117Z"
        }
    },
    {
        "model": "socials.groupmessage",
        "pk": 34,
        "fields": {
            "sender": 3,
            "group": 1,
            "message": "asdasd",
            "image_data": null,
            "timestamp": "2024-10-15T12:16:49.024Z"
        }
    },
    {
        "model": "socials.groupmessage",
        "pk": 35,
        "fields": {
            "sender": 3,
            "group": 1,
            "message": "aa",
            "image_data": null,
            "timestamp": "2024-10-15T12:23:45.892Z"
        }
    },
    {
        "model": "socials.groupmessage",
        "pk": 36,
        "fields": {
            "sender": 3,
            "group": 1,
            "message": "asasdas",
            "image_data": null,
            "timestamp": "2024-10-15T12:27:06.052Z"
        }
    },
    {
        "model": "socials.groupmessage",
        "pk": 37,
        "fields": {
            "sender": 3,
            "group": 1,
            "message": "asdas",
            "image_data": null,
            "timestamp": "2024-10-15T12:27:07.360Z"
        }
    },
    {
        "model": "socials.groupmessage",
        "pk": 38,
        "fields": {
            "sender": 3,
            "group": 1,
            "message": "aaa",
            "image_data": null,
            "timestamp": "2024-10-15T23:30:58.010Z"
        }
    },
    {
        "model": "socials.groupmessage",
        "pk": 39,
        "fields": {
            "sender": 3,
            "group": 1,
            "message": "aaaa",
            "image_data": null,
            "timestamp": "2024-10-15T23:33:01.264Z"
        }
    },
    {
        "model": "socials.groupmessage",
        "pk": 40,
        "fields": {
            "sender": 3,
            "group": 1,
            "message": "aasd",
            "image_data": null,
            "timestamp": "2024-10-15T23:38:38.891Z"
        }
    },
    {
        "model": "socials.groupmessage",
        "pk": 41,
        "fields": {
            "sender": 3,
            "group": 1,
            "message": "asdas",
            "image_data": null,
            "timestamp": "2024-10-15T23:38:41.210Z"
        }
    },
    {
        "model": "socials.groupmessage",
        "pk": 42,
        "fields": {
            "sender": 3,
            "group": 1,
            "message": "aaa",
            "image_data": null,
            "timestamp": "2024-10-16T00:51:27.892Z"
        }
    },
    {
        "model": "socials.groupmessage",
        "pk": 43,
        "fields": {
            "sender": 3,
            "group": 1,
            "message": "aaa",
            "image_data": null,
            "timestamp": "2024-10-16T01:16:15.109Z"
        }
    },
    {
        "model": "socials.groupmessage",
        "pk": 44,
        "fields": {
            "sender": 3,
            "group": 1,
            "message": "hellow jhwoww",
            "image_data": null,
            "timestamp": "2024-10-16T01:16:19.366Z"
        }
    },
    {
        "model": "socials.groupmessage",
        "pk": 45,
        "fields": {
            "sender": 2,
            "group": 1,
            "message": "haaha",
            "image_data": null,
            "timestamp": "2024-10-16T02:10:59.541Z"
        }
    },
    {
        "model": "socials.groupmessage",
        "pk": 46,
        "fields": {
            "sender": 3,
            "group": 1,
            "message": "aaa",
            "image_data": null,
            "timestamp": "2024-10-16T02:11:06.132Z"
        }
    },
    {
        "model": "socials.groupmessage",
        "pk": 47,
        "fields": {
            "sender": 3,
            "group": 1,
            "message": "aaa",
            "image_data": null,
            "timestamp": "2024-10-16T02:11:06.157Z"
        }
    },
    {
        "model": "socials.groupmessage",
        "pk": 48,
        "fields": {
            "sender": 3,
            "group": 1,
            "message": "okkk wowked???",
            "image_data": null,
            "timestamp": "2024-10-16T02:11:12.281Z"
        }
    },
    {
        "model": "socials.groupmessage",
        "pk": 49,
        "fields": {
            "sender": 3,
            "group": 1,
            "message": "okkk wowked???",
            "image_data": null,
            "timestamp": "2024-10-16T02:11:12.299Z"
        }
    },
    {
        "model": "socials.groupmessage",
        "pk": 50,
        "fields": {
            "sender": 3,
            "group": 1,
            "message": "hay",
            "image_data": null,
            "timestamp": "2024-10-16T11:21:02.253Z"
        }
    },
    {
        "model": "socials.groupmessage",
        "pk": 51,
        "fields": {
            "sender": 3,
            "group": 1,
            "message": "aaa",
            "image_data": null,
            "timestamp": "2024-10-16T11:34:38.416Z"
        }
    },
    {
        "model": "socials.groupmessage",
        "pk": 52,
        "fields": {
            "sender": 3,
            "group": 1,
            "message": "aaa",
            "image_data": null,
            "timestamp": "2024-10-16T11:42:05.991Z"
        }
    },
    {
        "model": "socials.groupmessage",
        "pk": 53,
        "fields": {
            "sender": 3,
            "group": 1,
            "message": "hello",
            "image_data": null,
            "timestamp": "2024-10-17T00:00:11.198Z"
        }
    },
    {
        "model": "socials.groupmessage",
        "pk": 54,
        "fields": {
            "sender": 2,
            "group": 1,
            "message": "hhh",
            "image_data": null,
            "timestamp": "2024-10-22T02:53:55.324Z"
        }
    },
    {
        "model": "socials.groupmessage",
        "pk": 55,
        "fields": {
            "sender": 3,
            "group": 1,
            "message": "aadas",
            "image_data": null,
            "timestamp": "2024-10-22T05:29:33.612Z"
        }
    },
    {
        "model": "socials.groupmessage",
        "pk": 56,
        "fields": {
            "sender": 3,
            "group": 1,
            "message": "asdas",
            "image_data": null,
            "timestamp": "2024-10-22T05:29:35.242Z"
        }
    },
    {
        "model": "socials.groupmessage",
        "pk": 57,
        "fields": {
            "sender": 3,
            "group": 1,
            "message": "ss",
            "image_data": null,
            "timestamp": "2024-10-31T04:50:12.759Z"
        }
    },
    {
        "model": "socials.groupmessage",
        "pk": 58,
        "fields": {
            "sender": 3,
            "group": 3,
            "message": "aaaa",
            "image_data": null,
            "timestamp": "2024-10-31T11:19:23.971Z"
        }
    },
    {
        "model": "socials.groupmessage",
        "pk": 59,
        "fields": {
            "sender": 3,
            "group": 2,
            "message": "sssassssssssss",
            "image_data": null,
            "timestamp": "2024-10-31T11:19:45.927Z"
        }
    },
    {
        "model": "socials.groupmessage",
        "pk": 60,
        "fields": {
            "sender": 3,
            "group": 1,
            "message": "sdsa",
            "image_data": null,
            "timestamp": "2024-10-31T11:19:58.076Z"
        }
    },
    {
        "model": "socials.groupmessage",
        "pk": 92,
        "fields": {
            "sender": 3,
            "group": 1,
            "message": "hello",
            "image_data": null,
            "timestamp": "2024-11-01T10:47:02.338Z"
        }
    },
    {
        "model": "socials.groupmessage",
        "pk": 93,
        "fields": {
            "sender": 3,
            "group": 1,
            "message": "hay",
            "image_data": null,
            "timestamp": "2024-11-01T10:47:04.093Z"
        }
    },
    {
        "model": "socials.groupmessage",
        "pk": 94,
        "fields": {
            "sender": 3,
            "group": 1,
            "message": "ook",
            "image_data": null,
            "timestamp": "2024-11-01T10:47:05.787Z"
        }
    }
]