[{"model": "admin.logentry", "pk": 1, "fields": {"action_time": "2024-03-29T08:07:44.759Z", "user": 1, "content_type": 9, "object_id": "2", "object_repr": "admin", "action_flag": 1, "change_message": "[{\"added\": {}}]"}}, {"model": "admin.logentry", "pk": 2, "fields": {"action_time": "2024-03-29T08:36:40.156Z", "user": 1, "content_type": 9, "object_id": "2", "object_repr": "admin", "action_flag": 2, "change_message": "[{\"changed\": {\"fields\": [\"Image\"]}}]"}}, {"model": "admin.logentry", "pk": 3, "fields": {"action_time": "2024-03-29T12:34:26.697Z", "user": 1, "content_type": 13, "object_id": "1", "object_repr": "computer", "action_flag": 1, "change_message": "[{\"added\": {}}]"}}, {"model": "admin.logentry", "pk": 4, "fields": {"action_time": "2024-03-30T13:03:00.949Z", "user": 1, "content_type": 15, "object_id": "12", "object_repr": "students.Student.None - dasdass", "action_flag": 3, "change_message": ""}}, {"model": "admin.logentry", "pk": 5, "fields": {"action_time": "2024-03-30T13:03:01.075Z", "user": 1, "content_type": 15, "object_id": "11", "object_repr": "students.Student.None - dasdass", "action_flag": 3, "change_message": ""}}, {"model": "admin.logentry", "pk": 6, "fields": {"action_time": "2024-03-30T13:03:01.276Z", "user": 1, "content_type": 15, "object_id": "10", "object_repr": "students.Student.None - dasdass", "action_flag": 3, "change_message": ""}}, {"model": "admin.logentry", "pk": 7, "fields": {"action_time": "2024-03-30T13:03:01.401Z", "user": 1, "content_type": 15, "object_id": "9", "object_repr": "students.Student.None - dasdass", "action_flag": 3, "change_message": ""}}, {"model": "admin.logentry", "pk": 8, "fields": {"action_time": "2024-03-30T13:03:01.525Z", "user": 1, "content_type": 15, "object_id": "8", "object_repr": "students.Student.None - dasdass", "action_flag": 3, "change_message": ""}}, {"model": "admin.logentry", "pk": 9, "fields": {"action_time": "2024-03-30T13:03:01.652Z", "user": 1, "content_type": 15, "object_id": "7", "object_repr": "students.Student.None - dasdass", "action_flag": 3, "change_message": ""}}, {"model": "admin.logentry", "pk": 10, "fields": {"action_time": "2024-03-30T13:03:01.777Z", "user": 1, "content_type": 15, "object_id": "6", "object_repr": "students.Student.None - dasdass", "action_flag": 3, "change_message": ""}}, {"model": "admin.logentry", "pk": 11, "fields": {"action_time": "2024-03-30T13:03:01.901Z", "user": 1, "content_type": 15, "object_id": "5", "object_repr": "students.Student.None - dasdass", "action_flag": 3, "change_message": ""}}, {"model": "admin.logentry", "pk": 12, "fields": {"action_time": "2024-03-30T13:03:02.025Z", "user": 1, "content_type": 15, "object_id": "4", "object_repr": "students.Student.None - dasdass", "action_flag": 3, "change_message": ""}}, {"model": "admin.logentry", "pk": 13, "fields": {"action_time": "2024-03-30T13:03:02.151Z", "user": 1, "content_type": 15, "object_id": "3", "object_repr": "students.Student.None - dasdass", "action_flag": 3, "change_message": ""}}, {"model": "admin.logentry", "pk": 14, "fields": {"action_time": "2024-03-30T13:03:02.327Z", "user": 1, "content_type": 15, "object_id": "2", "object_repr": "students.Student.None - dasdass", "action_flag": 3, "change_message": ""}}, {"model": "admin.logentry", "pk": 15, "fields": {"action_time": "2024-03-30T13:05:39.740Z", "user": 1, "content_type": 15, "object_id": "13", "object_repr": "students.Student.None - dasdass", "action_flag": 3, "change_message": ""}}, {"model": "admin.logentry", "pk": 16, "fields": {"action_time": "2024-03-31T07:35:51.205Z", "user": 1, "content_type": 8, "object_id": "42", "object_repr": "S001", "action_flag": 2, "change_message": "[{\"changed\": {\"fields\": [\"Superuser status\", \"Staff status\", \"Is student\"]}}]"}}, {"model": "admin.logentry", "pk": 17, "fields": {"action_time": "2024-03-31T07:49:26.583Z", "user": 1, "content_type": 11, "object_id": "S001", "object_repr": "Student object (S001)", "action_flag": 1, "change_message": "[{\"added\": {}}]"}}, {"model": "admin.logentry", "pk": 18, "fields": {"action_time": "2024-03-31T11:01:47.458Z", "user": 1, "content_type": 15, "object_id": "1", "object_repr": "students.Student.None - dasdass", "action_flag": 2, "change_message": "[{\"changed\": {\"fields\": [\"Student\"]}}]"}}, {"model": "admin.logentry", "pk": 19, "fields": {"action_time": "2024-03-31T13:07:45.869Z", "user": 1, "content_type": 8, "object_id": "43", "object_repr": "T001", "action_flag": 2, "change_message": "[{\"changed\": {\"fields\": [\"Superuser status\", \"Staff status\", \"Is teacher\"]}}]"}}, {"model": "admin.logentry", "pk": 20, "fields": {"action_time": "2024-03-31T13:08:54.475Z", "user": 1, "content_type": 12, "object_id": "T001", "object_repr": "adasdas asdasd", "action_flag": 1, "change_message": "[{\"added\": {}}]"}}, {"model": "admin.logentry", "pk": 21, "fields": {"action_time": "2024-03-31T13:18:01.915Z", "user": 1, "content_type": 15, "object_id": "1", "object_repr": "students.Student.None - dasdass", "action_flag": 2, "change_message": "[{\"changed\": {\"fields\": [\"Teacher\"]}}]"}}, {"model": "admin.logentry", "pk": 22, "fields": {"action_time": "2024-03-31T13:18:12.682Z", "user": 1, "content_type": 15, "object_id": "14", "object_repr": "students.Student.None - Interduction of Programming", "action_flag": 2, "change_message": "[{\"changed\": {\"fields\": [\"Teacher\"]}}]"}}, {"model": "admin.logentry", "pk": 23, "fields": {"action_time": "2024-03-31T14:20:22.014Z", "user": 1, "content_type": 15, "object_id": "14", "object_repr": "students.Student.None - Interduction of Programming", "action_flag": 2, "change_message": "[{\"changed\": {\"fields\": [\"Student\"]}}]"}}, {"model": "admin.logentry", "pk": 24, "fields": {"action_time": "2024-04-01T08:16:28.624Z", "user": 1, "content_type": 27, "object_id": "2", "object_repr": "update yto tetss", "action_flag": 2, "change_message": "[{\"changed\": {\"fields\": [\"Is active\"]}}]"}}, {"model": "admin.logentry", "pk": 25, "fields": {"action_time": "2024-04-02T05:20:02.321Z", "user": 1, "content_type": 16, "object_id": "11", "object_repr": "Programming", "action_flag": 1, "change_message": "[{\"added\": {}}]"}}, {"model": "admin.logentry", "pk": 26, "fields": {"action_time": "2024-04-02T12:50:43.272Z", "user": 1, "content_type": 9, "object_id": "29", "object_repr": "T001", "action_flag": 1, "change_message": "[{\"added\": {}}]"}}, {"model": "admin.logentry", "pk": 27, "fields": {"action_time": "2024-04-05T13:20:04.576Z", "user": 1, "content_type": 34, "object_id": "15", "object_repr": "Interduction of Programming 2024-04-05", "action_flag": 3, "change_message": ""}}, {"model": "admin.logentry", "pk": 28, "fields": {"action_time": "2024-04-05T13:20:04.706Z", "user": 1, "content_type": 34, "object_id": "14", "object_repr": "Interduction of Programming 2024-04-05", "action_flag": 3, "change_message": ""}}, {"model": "admin.logentry", "pk": 29, "fields": {"action_time": "2024-04-05T13:20:04.830Z", "user": 1, "content_type": 34, "object_id": "13", "object_repr": "Interduction of Programming 2024-04-05", "action_flag": 3, "change_message": ""}}, {"model": "admin.logentry", "pk": 30, "fields": {"action_time": "2024-04-05T13:20:04.956Z", "user": 1, "content_type": 34, "object_id": "12", "object_repr": "Interduction of Programming 2024-04-05", "action_flag": 3, "change_message": ""}}, {"model": "admin.logentry", "pk": 31, "fields": {"action_time": "2024-04-05T13:20:05.089Z", "user": 1, "content_type": 34, "object_id": "11", "object_repr": "Interduction of Programming 2024-04-05", "action_flag": 3, "change_message": ""}}, {"model": "admin.logentry", "pk": 32, "fields": {"action_time": "2024-04-05T13:20:05.215Z", "user": 1, "content_type": 34, "object_id": "10", "object_repr": "Interduction of Programming 2024-04-05", "action_flag": 3, "change_message": ""}}, {"model": "admin.logentry", "pk": 33, "fields": {"action_time": "2024-04-05T13:20:05.362Z", "user": 1, "content_type": 34, "object_id": "9", "object_repr": "Interduction of Programming 2024-04-05", "action_flag": 3, "change_message": ""}}, {"model": "admin.logentry", "pk": 34, "fields": {"action_time": "2024-04-05T13:20:05.488Z", "user": 1, "content_type": 34, "object_id": "8", "object_repr": "Interduction of Programming 2024-04-05", "action_flag": 3, "change_message": ""}}, {"model": "admin.logentry", "pk": 35, "fields": {"action_time": "2024-04-05T13:20:05.635Z", "user": 1, "content_type": 34, "object_id": "7", "object_repr": "Interduction of Programming 2024-04-05", "action_flag": 3, "change_message": ""}}, {"model": "admin.logentry", "pk": 36, "fields": {"action_time": "2024-04-05T13:20:05.760Z", "user": 1, "content_type": 34, "object_id": "6", "object_repr": "Interduction of Programming 2024-04-05", "action_flag": 3, "change_message": ""}}, {"model": "admin.logentry", "pk": 37, "fields": {"action_time": "2024-04-05T13:20:05.909Z", "user": 1, "content_type": 34, "object_id": "5", "object_repr": "Interduction of Programming 2024-04-05", "action_flag": 3, "change_message": ""}}, {"model": "admin.logentry", "pk": 38, "fields": {"action_time": "2024-04-05T13:20:06.034Z", "user": 1, "content_type": 34, "object_id": "4", "object_repr": "Interduction of Programming 2024-04-05", "action_flag": 3, "change_message": ""}}, {"model": "admin.logentry", "pk": 39, "fields": {"action_time": "2024-04-05T13:20:06.158Z", "user": 1, "content_type": 34, "object_id": "3", "object_repr": "dasdass 2024-04-04", "action_flag": 3, "change_message": ""}}, {"model": "admin.logentry", "pk": 40, "fields": {"action_time": "2024-04-05T13:20:06.283Z", "user": 1, "content_type": 34, "object_id": "2", "object_repr": "dasdass 2024-04-04", "action_flag": 3, "change_message": ""}}, {"model": "admin.logentry", "pk": 41, "fields": {"action_time": "2024-04-05T13:20:06.407Z", "user": 1, "content_type": 34, "object_id": "1", "object_repr": "dasdass 2024-04-04", "action_flag": 3, "change_message": ""}}, {"model": "admin.logentry", "pk": 42, "fields": {"action_time": "2024-04-05T13:20:08.509Z", "user": 1, "content_type": 34, "object_id": "15", "object_repr": "Interduction of Programming 2024-04-05", "action_flag": 3, "change_message": ""}}, {"model": "admin.logentry", "pk": 43, "fields": {"action_time": "2024-04-05T13:20:08.633Z", "user": 1, "content_type": 34, "object_id": "14", "object_repr": "Interduction of Programming 2024-04-05", "action_flag": 3, "change_message": ""}}, {"model": "admin.logentry", "pk": 44, "fields": {"action_time": "2024-04-05T13:20:08.777Z", "user": 1, "content_type": 34, "object_id": "13", "object_repr": "Interduction of Programming 2024-04-05", "action_flag": 3, "change_message": ""}}, {"model": "admin.logentry", "pk": 45, "fields": {"action_time": "2024-04-05T13:20:08.901Z", "user": 1, "content_type": 34, "object_id": "12", "object_repr": "Interduction of Programming 2024-04-05", "action_flag": 3, "change_message": ""}}, {"model": "admin.logentry", "pk": 46, "fields": {"action_time": "2024-04-05T13:20:09.025Z", "user": 1, "content_type": 34, "object_id": "11", "object_repr": "Interduction of Programming 2024-04-05", "action_flag": 3, "change_message": ""}}, {"model": "admin.logentry", "pk": 47, "fields": {"action_time": "2024-04-05T13:20:09.152Z", "user": 1, "content_type": 34, "object_id": "10", "object_repr": "Interduction of Programming 2024-04-05", "action_flag": 3, "change_message": ""}}, {"model": "admin.logentry", "pk": 48, "fields": {"action_time": "2024-04-05T13:20:09.306Z", "user": 1, "content_type": 34, "object_id": "9", "object_repr": "Interduction of Programming 2024-04-05", "action_flag": 3, "change_message": ""}}, {"model": "admin.logentry", "pk": 49, "fields": {"action_time": "2024-04-05T13:20:09.451Z", "user": 1, "content_type": 34, "object_id": "8", "object_repr": "Interduction of Programming 2024-04-05", "action_flag": 3, "change_message": ""}}, {"model": "admin.logentry", "pk": 50, "fields": {"action_time": "2024-04-05T13:20:09.579Z", "user": 1, "content_type": 34, "object_id": "7", "object_repr": "Interduction of Programming 2024-04-05", "action_flag": 3, "change_message": ""}}, {"model": "admin.logentry", "pk": 51, "fields": {"action_time": "2024-04-05T13:20:09.704Z", "user": 1, "content_type": 34, "object_id": "6", "object_repr": "Interduction of Programming 2024-04-05", "action_flag": 3, "change_message": ""}}, {"model": "admin.logentry", "pk": 52, "fields": {"action_time": "2024-04-05T13:20:09.828Z", "user": 1, "content_type": 34, "object_id": "5", "object_repr": "Interduction of Programming 2024-04-05", "action_flag": 3, "change_message": ""}}, {"model": "admin.logentry", "pk": 53, "fields": {"action_time": "2024-04-05T13:20:09.954Z", "user": 1, "content_type": 34, "object_id": "4", "object_repr": "Interduction of Programming 2024-04-05", "action_flag": 3, "change_message": ""}}, {"model": "admin.logentry", "pk": 54, "fields": {"action_time": "2024-04-05T13:20:10.078Z", "user": 1, "content_type": 34, "object_id": "3", "object_repr": "dasdass 2024-04-04", "action_flag": 3, "change_message": ""}}, {"model": "admin.logentry", "pk": 55, "fields": {"action_time": "2024-04-05T13:20:10.203Z", "user": 1, "content_type": 34, "object_id": "2", "object_repr": "dasdass 2024-04-04", "action_flag": 3, "change_message": ""}}, {"model": "admin.logentry", "pk": 56, "fields": {"action_time": "2024-04-05T13:20:10.329Z", "user": 1, "content_type": 34, "object_id": "1", "object_repr": "dasdass 2024-04-04", "action_flag": 3, "change_message": ""}}, {"model": "admin.logentry", "pk": 57, "fields": {"action_time": "2024-04-05T13:46:16.707Z", "user": 1, "content_type": 34, "object_id": "17", "object_repr": "Interduction of Programming 2024-04-05", "action_flag": 3, "change_message": ""}}, {"model": "admin.logentry", "pk": 58, "fields": {"action_time": "2024-04-05T13:46:16.835Z", "user": 1, "content_type": 34, "object_id": "16", "object_repr": "Interduction of Programming 2024-04-05", "action_flag": 3, "change_message": ""}}, {"model": "admin.logentry", "pk": 59, "fields": {"action_time": "2024-04-06T01:55:24.065Z", "user": 1, "content_type": 34, "object_id": "19", "object_repr": "Interduction of Programming 2024-04-06", "action_flag": 3, "change_message": ""}}, {"model": "admin.logentry", "pk": 60, "fields": {"action_time": "2024-04-06T02:07:15.919Z", "user": 1, "content_type": 34, "object_id": "18", "object_repr": "Interduction of Programming 2024-04-05", "action_flag": 2, "change_message": "[{\"changed\": {\"fields\": [\"Is active\"]}}]"}}, {"model": "admin.logentry", "pk": 61, "fields": {"action_time": "2024-04-06T02:07:41.050Z", "user": 1, "content_type": 34, "object_id": "20", "object_repr": "Interduction of Programming 2024-04-06", "action_flag": 3, "change_message": ""}}, {"model": "admin.logentry", "pk": 62, "fields": {"action_time": "2024-04-06T02:26:15.471Z", "user": 1, "content_type": 34, "object_id": "21", "object_repr": "Interduction of Programming 2024-04-06", "action_flag": 3, "change_message": ""}}, {"model": "admin.logentry", "pk": 63, "fields": {"action_time": "2024-04-06T02:29:37.571Z", "user": 1, "content_type": 34, "object_id": "23", "object_repr": "Interduction of Programming 2024-04-06", "action_flag": 3, "change_message": ""}}, {"model": "admin.logentry", "pk": 64, "fields": {"action_time": "2024-04-06T02:29:37.701Z", "user": 1, "content_type": 34, "object_id": "22", "object_repr": "Interduction of Programming 2024-04-06", "action_flag": 3, "change_message": ""}}, {"model": "admin.logentry", "pk": 65, "fields": {"action_time": "2024-04-06T05:05:31.950Z", "user": 1, "content_type": 9, "object_id": "30", "object_repr": "S001", "action_flag": 1, "change_message": "[{\"added\": {}}]"}}, {"model": "admin.logentry", "pk": 66, "fields": {"action_time": "2024-04-08T03:50:58.783Z", "user": 1, "content_type": 34, "object_id": "26", "object_repr": "Interduction of Programming 2024-04-08", "action_flag": 3, "change_message": ""}}, {"model": "contenttypes.contenttype", "pk": 1, "fields": {"app_label": "admin", "model": "logentry"}}, {"model": "contenttypes.contenttype", "pk": 2, "fields": {"app_label": "contenttypes", "model": "contenttype"}}, {"model": "contenttypes.contenttype", "pk": 3, "fields": {"app_label": "auth", "model": "permission"}}, {"model": "contenttypes.contenttype", "pk": 4, "fields": {"app_label": "auth", "model": "group"}}, {"model": "contenttypes.contenttype", "pk": 5, "fields": {"app_label": "sessions", "model": "session"}}, {"model": "contenttypes.contenttype", "pk": 6, "fields": {"app_label": "token_blacklist", "model": "blacklistedtoken"}}, {"model": "contenttypes.contenttype", "pk": 7, "fields": {"app_label": "token_blacklist", "model": "outstandingtoken"}}, {"model": "contenttypes.contenttype", "pk": 8, "fields": {"app_label": "accounts", "model": "user"}}, {"model": "contenttypes.contenttype", "pk": 9, "fields": {"app_label": "accounts", "model": "userprofile"}}, {"model": "contenttypes.contenttype", "pk": 10, "fields": {"app_label": "accounts", "model": "applicationsettings"}}, {"model": "contenttypes.contenttype", "pk": 11, "fields": {"app_label": "students", "model": "student"}}, {"model": "contenttypes.contenttype", "pk": 12, "fields": {"app_label": "teachers", "model": "teacher"}}, {"model": "contenttypes.contenttype", "pk": 13, "fields": {"app_label": "courses", "model": "department"}}, {"model": "contenttypes.contenttype", "pk": 14, "fields": {"app_label": "subjects", "model": "subject"}}, {"model": "contenttypes.contenttype", "pk": 15, "fields": {"app_label": "subjects", "model": "subjectregistration"}}, {"model": "contenttypes.contenttype", "pk": 16, "fields": {"app_label": "common", "model": "calendarevent"}}, {"model": "contenttypes.contenttype", "pk": 17, "fields": {"app_label": "common", "model": "notes"}}, {"model": "contenttypes.contenttype", "pk": 18, "fields": {"app_label": "common", "model": "notification"}}, {"model": "contenttypes.contenttype", "pk": 19, "fields": {"app_label": "common", "model": "usernotification"}}, {"model": "contenttypes.contenttype", "pk": 20, "fields": {"app_label": "subjects", "model": "assignment"}}, {"model": "contenttypes.contenttype", "pk": 21, "fields": {"app_label": "subjects", "model": "assignmentfile"}}, {"model": "contenttypes.contenttype", "pk": 22, "fields": {"app_label": "subjects", "model": "textassigemntquestion"}}, {"model": "contenttypes.contenttype", "pk": 23, "fields": {"app_label": "subjects", "model": "textquestionanswer"}}, {"model": "contenttypes.contenttype", "pk": 24, "fields": {"app_label": "subjects", "model": "filesubmission"}}, {"model": "contenttypes.contenttype", "pk": 25, "fields": {"app_label": "subjects", "model": "textsubmission"}}, {"model": "contenttypes.contenttype", "pk": 26, "fields": {"app_label": "subjects", "model": "coursemateriales"}}, {"model": "contenttypes.contenttype", "pk": 27, "fields": {"app_label": "subjects", "model": "announcement"}}, {"model": "contenttypes.contenttype", "pk": 28, "fields": {"app_label": "subjects", "model": "announcementfile"}}, {"model": "contenttypes.contenttype", "pk": 29, "fields": {"app_label": "subjects", "model": "syllabus"}}, {"model": "contenttypes.contenttype", "pk": 30, "fields": {"app_label": "subjects", "model": "syllabusitem"}}, {"model": "contenttypes.contenttype", "pk": 31, "fields": {"app_label": "socials", "model": "message"}}, {"model": "contenttypes.contenttype", "pk": 32, "fields": {"app_label": "socials", "model": "group"}}, {"model": "contenttypes.contenttype", "pk": 33, "fields": {"app_label": "socials", "model": "groupmessage"}}, {"model": "contenttypes.contenttype", "pk": 34, "fields": {"app_label": "attendance", "model": "attendance"}}, {"model": "contenttypes.contenttype", "pk": 35, "fields": {"app_label": "attendance", "model": "studentattended"}}, {"model": "auth.permission", "pk": 1, "fields": {"name": "Can add log entry", "content_type": 1, "codename": "add_logentry"}}, {"model": "auth.permission", "pk": 2, "fields": {"name": "Can change log entry", "content_type": 1, "codename": "change_logentry"}}, {"model": "auth.permission", "pk": 3, "fields": {"name": "Can delete log entry", "content_type": 1, "codename": "delete_logentry"}}, {"model": "auth.permission", "pk": 4, "fields": {"name": "Can view log entry", "content_type": 1, "codename": "view_logentry"}}, {"model": "auth.permission", "pk": 5, "fields": {"name": "Can add content type", "content_type": 2, "codename": "add_contenttype"}}, {"model": "auth.permission", "pk": 6, "fields": {"name": "Can change content type", "content_type": 2, "codename": "change_contenttype"}}, {"model": "auth.permission", "pk": 7, "fields": {"name": "Can delete content type", "content_type": 2, "codename": "delete_contenttype"}}, {"model": "auth.permission", "pk": 8, "fields": {"name": "Can view content type", "content_type": 2, "codename": "view_contenttype"}}, {"model": "auth.permission", "pk": 9, "fields": {"name": "Can add permission", "content_type": 3, "codename": "add_permission"}}, {"model": "auth.permission", "pk": 10, "fields": {"name": "Can change permission", "content_type": 3, "codename": "change_permission"}}, {"model": "auth.permission", "pk": 11, "fields": {"name": "Can delete permission", "content_type": 3, "codename": "delete_permission"}}, {"model": "auth.permission", "pk": 12, "fields": {"name": "Can view permission", "content_type": 3, "codename": "view_permission"}}, {"model": "auth.permission", "pk": 13, "fields": {"name": "Can add group", "content_type": 4, "codename": "add_group"}}, {"model": "auth.permission", "pk": 14, "fields": {"name": "Can change group", "content_type": 4, "codename": "change_group"}}, {"model": "auth.permission", "pk": 15, "fields": {"name": "Can delete group", "content_type": 4, "codename": "delete_group"}}, {"model": "auth.permission", "pk": 16, "fields": {"name": "Can view group", "content_type": 4, "codename": "view_group"}}, {"model": "auth.permission", "pk": 17, "fields": {"name": "Can add session", "content_type": 5, "codename": "add_session"}}, {"model": "auth.permission", "pk": 18, "fields": {"name": "Can change session", "content_type": 5, "codename": "change_session"}}, {"model": "auth.permission", "pk": 19, "fields": {"name": "Can delete session", "content_type": 5, "codename": "delete_session"}}, {"model": "auth.permission", "pk": 20, "fields": {"name": "Can view session", "content_type": 5, "codename": "view_session"}}, {"model": "auth.permission", "pk": 21, "fields": {"name": "Can add blacklisted token", "content_type": 6, "codename": "add_blacklistedtoken"}}, {"model": "auth.permission", "pk": 22, "fields": {"name": "Can change blacklisted token", "content_type": 6, "codename": "change_blacklistedtoken"}}, {"model": "auth.permission", "pk": 23, "fields": {"name": "Can delete blacklisted token", "content_type": 6, "codename": "delete_blacklistedtoken"}}, {"model": "auth.permission", "pk": 24, "fields": {"name": "Can view blacklisted token", "content_type": 6, "codename": "view_blacklistedtoken"}}, {"model": "auth.permission", "pk": 25, "fields": {"name": "Can add outstanding token", "content_type": 7, "codename": "add_outstandingtoken"}}, {"model": "auth.permission", "pk": 26, "fields": {"name": "Can change outstanding token", "content_type": 7, "codename": "change_outstandingtoken"}}, {"model": "auth.permission", "pk": 27, "fields": {"name": "Can delete outstanding token", "content_type": 7, "codename": "delete_outstandingtoken"}}, {"model": "auth.permission", "pk": 28, "fields": {"name": "Can view outstanding token", "content_type": 7, "codename": "view_outstandingtoken"}}, {"model": "auth.permission", "pk": 29, "fields": {"name": "Can add user", "content_type": 8, "codename": "add_user"}}, {"model": "auth.permission", "pk": 30, "fields": {"name": "Can change user", "content_type": 8, "codename": "change_user"}}, {"model": "auth.permission", "pk": 31, "fields": {"name": "Can delete user", "content_type": 8, "codename": "delete_user"}}, {"model": "auth.permission", "pk": 32, "fields": {"name": "Can view user", "content_type": 8, "codename": "view_user"}}, {"model": "auth.permission", "pk": 33, "fields": {"name": "Can add user profile", "content_type": 9, "codename": "add_userprofile"}}, {"model": "auth.permission", "pk": 34, "fields": {"name": "Can change user profile", "content_type": 9, "codename": "change_userprofile"}}, {"model": "auth.permission", "pk": 35, "fields": {"name": "Can delete user profile", "content_type": 9, "codename": "delete_userprofile"}}, {"model": "auth.permission", "pk": 36, "fields": {"name": "Can view user profile", "content_type": 9, "codename": "view_userprofile"}}, {"model": "auth.permission", "pk": 37, "fields": {"name": "Can add application settings", "content_type": 10, "codename": "add_applicationsettings"}}, {"model": "auth.permission", "pk": 38, "fields": {"name": "Can change application settings", "content_type": 10, "codename": "change_applicationsettings"}}, {"model": "auth.permission", "pk": 39, "fields": {"name": "Can delete application settings", "content_type": 10, "codename": "delete_applicationsettings"}}, {"model": "auth.permission", "pk": 40, "fields": {"name": "Can view application settings", "content_type": 10, "codename": "view_applicationsettings"}}, {"model": "auth.permission", "pk": 41, "fields": {"name": "Can add student", "content_type": 11, "codename": "add_student"}}, {"model": "auth.permission", "pk": 42, "fields": {"name": "Can change student", "content_type": 11, "codename": "change_student"}}, {"model": "auth.permission", "pk": 43, "fields": {"name": "Can delete student", "content_type": 11, "codename": "delete_student"}}, {"model": "auth.permission", "pk": 44, "fields": {"name": "Can view student", "content_type": 11, "codename": "view_student"}}, {"model": "auth.permission", "pk": 45, "fields": {"name": "Can add teacher", "content_type": 12, "codename": "add_teacher"}}, {"model": "auth.permission", "pk": 46, "fields": {"name": "Can change teacher", "content_type": 12, "codename": "change_teacher"}}, {"model": "auth.permission", "pk": 47, "fields": {"name": "Can delete teacher", "content_type": 12, "codename": "delete_teacher"}}, {"model": "auth.permission", "pk": 48, "fields": {"name": "Can view teacher", "content_type": 12, "codename": "view_teacher"}}, {"model": "auth.permission", "pk": 49, "fields": {"name": "Can add department", "content_type": 13, "codename": "add_department"}}, {"model": "auth.permission", "pk": 50, "fields": {"name": "Can change department", "content_type": 13, "codename": "change_department"}}, {"model": "auth.permission", "pk": 51, "fields": {"name": "Can delete department", "content_type": 13, "codename": "delete_department"}}, {"model": "auth.permission", "pk": 52, "fields": {"name": "Can view department", "content_type": 13, "codename": "view_department"}}, {"model": "auth.permission", "pk": 53, "fields": {"name": "Can add Subject", "content_type": 14, "codename": "add_subject"}}, {"model": "auth.permission", "pk": 54, "fields": {"name": "Can change Subject", "content_type": 14, "codename": "change_subject"}}, {"model": "auth.permission", "pk": 55, "fields": {"name": "Can delete Subject", "content_type": 14, "codename": "delete_subject"}}, {"model": "auth.permission", "pk": 56, "fields": {"name": "Can view Subject", "content_type": 14, "codename": "view_subject"}}, {"model": "auth.permission", "pk": 57, "fields": {"name": "Can add Subject Registration", "content_type": 15, "codename": "add_subjectregistration"}}, {"model": "auth.permission", "pk": 58, "fields": {"name": "Can change Subject Registration", "content_type": 15, "codename": "change_subjectregistration"}}, {"model": "auth.permission", "pk": 59, "fields": {"name": "Can delete Subject Registration", "content_type": 15, "codename": "delete_subjectregistration"}}, {"model": "auth.permission", "pk": 60, "fields": {"name": "Can view Subject Registration", "content_type": 15, "codename": "view_subjectregistration"}}, {"model": "auth.permission", "pk": 61, "fields": {"name": "Can add calendar event", "content_type": 16, "codename": "add_calendarevent"}}, {"model": "auth.permission", "pk": 62, "fields": {"name": "Can change calendar event", "content_type": 16, "codename": "change_calendarevent"}}, {"model": "auth.permission", "pk": 63, "fields": {"name": "Can delete calendar event", "content_type": 16, "codename": "delete_calendarevent"}}, {"model": "auth.permission", "pk": 64, "fields": {"name": "Can view calendar event", "content_type": 16, "codename": "view_calendarevent"}}, {"model": "auth.permission", "pk": 65, "fields": {"name": "Can add Note", "content_type": 17, "codename": "add_notes"}}, {"model": "auth.permission", "pk": 66, "fields": {"name": "Can change Note", "content_type": 17, "codename": "change_notes"}}, {"model": "auth.permission", "pk": 67, "fields": {"name": "Can delete Note", "content_type": 17, "codename": "delete_notes"}}, {"model": "auth.permission", "pk": 68, "fields": {"name": "Can view Note", "content_type": 17, "codename": "view_notes"}}, {"model": "auth.permission", "pk": 69, "fields": {"name": "Can add Notification", "content_type": 18, "codename": "add_notification"}}, {"model": "auth.permission", "pk": 70, "fields": {"name": "Can change Notification", "content_type": 18, "codename": "change_notification"}}, {"model": "auth.permission", "pk": 71, "fields": {"name": "Can delete Notification", "content_type": 18, "codename": "delete_notification"}}, {"model": "auth.permission", "pk": 72, "fields": {"name": "Can view Notification", "content_type": 18, "codename": "view_notification"}}, {"model": "auth.permission", "pk": 73, "fields": {"name": "Can add User Notification", "content_type": 19, "codename": "add_usernotification"}}, {"model": "auth.permission", "pk": 74, "fields": {"name": "Can change User Notification", "content_type": 19, "codename": "change_usernotification"}}, {"model": "auth.permission", "pk": 75, "fields": {"name": "Can delete User Notification", "content_type": 19, "codename": "delete_usernotification"}}, {"model": "auth.permission", "pk": 76, "fields": {"name": "Can view User Notification", "content_type": 19, "codename": "view_usernotification"}}, {"model": "auth.permission", "pk": 77, "fields": {"name": "Can add assignment", "content_type": 20, "codename": "add_assignment"}}, {"model": "auth.permission", "pk": 78, "fields": {"name": "Can change assignment", "content_type": 20, "codename": "change_assignment"}}, {"model": "auth.permission", "pk": 79, "fields": {"name": "Can delete assignment", "content_type": 20, "codename": "delete_assignment"}}, {"model": "auth.permission", "pk": 80, "fields": {"name": "Can view assignment", "content_type": 20, "codename": "view_assignment"}}, {"model": "auth.permission", "pk": 81, "fields": {"name": "Can add Assignment File", "content_type": 21, "codename": "add_assignmentfile"}}, {"model": "auth.permission", "pk": 82, "fields": {"name": "Can change Assignment File", "content_type": 21, "codename": "change_assignmentfile"}}, {"model": "auth.permission", "pk": 83, "fields": {"name": "Can delete Assignment File", "content_type": 21, "codename": "delete_assignmentfile"}}, {"model": "auth.permission", "pk": 84, "fields": {"name": "Can view Assignment File", "content_type": 21, "codename": "view_assignmentfile"}}, {"model": "auth.permission", "pk": 85, "fields": {"name": "Can add Text Assignment Question", "content_type": 22, "codename": "add_textassigemntquestion"}}, {"model": "auth.permission", "pk": 86, "fields": {"name": "Can change Text Assignment Question", "content_type": 22, "codename": "change_textassigemntquestion"}}, {"model": "auth.permission", "pk": 87, "fields": {"name": "Can delete Text Assignment Question", "content_type": 22, "codename": "delete_textassigemntquestion"}}, {"model": "auth.permission", "pk": 88, "fields": {"name": "Can view Text Assignment Question", "content_type": 22, "codename": "view_textassigemntquestion"}}, {"model": "auth.permission", "pk": 89, "fields": {"name": "Can add Text Question Answer", "content_type": 23, "codename": "add_textquestionanswer"}}, {"model": "auth.permission", "pk": 90, "fields": {"name": "Can change Text Question Answer", "content_type": 23, "codename": "change_textquestionanswer"}}, {"model": "auth.permission", "pk": 91, "fields": {"name": "Can delete Text Question Answer", "content_type": 23, "codename": "delete_textquestionanswer"}}, {"model": "auth.permission", "pk": 92, "fields": {"name": "Can view Text Question Answer", "content_type": 23, "codename": "view_textquestionanswer"}}, {"model": "auth.permission", "pk": 93, "fields": {"name": "Can add File Submission", "content_type": 24, "codename": "add_filesubmission"}}, {"model": "auth.permission", "pk": 94, "fields": {"name": "Can change File Submission", "content_type": 24, "codename": "change_filesubmission"}}, {"model": "auth.permission", "pk": 95, "fields": {"name": "Can delete File Submission", "content_type": 24, "codename": "delete_filesubmission"}}, {"model": "auth.permission", "pk": 96, "fields": {"name": "Can view File Submission", "content_type": 24, "codename": "view_filesubmission"}}, {"model": "auth.permission", "pk": 97, "fields": {"name": "Can add Text Submission", "content_type": 25, "codename": "add_textsubmission"}}, {"model": "auth.permission", "pk": 98, "fields": {"name": "Can change Text Submission", "content_type": 25, "codename": "change_textsubmission"}}, {"model": "auth.permission", "pk": 99, "fields": {"name": "Can delete Text Submission", "content_type": 25, "codename": "delete_textsubmission"}}, {"model": "auth.permission", "pk": 100, "fields": {"name": "Can view Text Submission", "content_type": 25, "codename": "view_textsubmission"}}, {"model": "auth.permission", "pk": 101, "fields": {"name": "Can add Course Material", "content_type": 26, "codename": "add_coursemateriales"}}, {"model": "auth.permission", "pk": 102, "fields": {"name": "Can change Course Material", "content_type": 26, "codename": "change_coursemateriales"}}, {"model": "auth.permission", "pk": 103, "fields": {"name": "Can delete Course Material", "content_type": 26, "codename": "delete_coursemateriales"}}, {"model": "auth.permission", "pk": 104, "fields": {"name": "Can view Course Material", "content_type": 26, "codename": "view_coursemateriales"}}, {"model": "auth.permission", "pk": 105, "fields": {"name": "Can add Announcement", "content_type": 27, "codename": "add_announcement"}}, {"model": "auth.permission", "pk": 106, "fields": {"name": "Can change Announcement", "content_type": 27, "codename": "change_announcement"}}, {"model": "auth.permission", "pk": 107, "fields": {"name": "Can delete Announcement", "content_type": 27, "codename": "delete_announcement"}}, {"model": "auth.permission", "pk": 108, "fields": {"name": "Can view Announcement", "content_type": 27, "codename": "view_announcement"}}, {"model": "auth.permission", "pk": 109, "fields": {"name": "Can add Announcement File", "content_type": 28, "codename": "add_announcementfile"}}, {"model": "auth.permission", "pk": 110, "fields": {"name": "Can change Announcement File", "content_type": 28, "codename": "change_announcementfile"}}, {"model": "auth.permission", "pk": 111, "fields": {"name": "Can delete Announcement File", "content_type": 28, "codename": "delete_announcementfile"}}, {"model": "auth.permission", "pk": 112, "fields": {"name": "Can view Announcement File", "content_type": 28, "codename": "view_announcementfile"}}, {"model": "auth.permission", "pk": 113, "fields": {"name": "Can add Syllabus", "content_type": 29, "codename": "add_syllabus"}}, {"model": "auth.permission", "pk": 114, "fields": {"name": "Can change Syllabus", "content_type": 29, "codename": "change_syllabus"}}, {"model": "auth.permission", "pk": 115, "fields": {"name": "Can delete Syllabus", "content_type": 29, "codename": "delete_syllabus"}}, {"model": "auth.permission", "pk": 116, "fields": {"name": "Can view Syllabus", "content_type": 29, "codename": "view_syllabus"}}, {"model": "auth.permission", "pk": 117, "fields": {"name": "Can add Syllabus Item", "content_type": 30, "codename": "add_syllabusitem"}}, {"model": "auth.permission", "pk": 118, "fields": {"name": "Can change Syllabus Item", "content_type": 30, "codename": "change_syllabusitem"}}, {"model": "auth.permission", "pk": 119, "fields": {"name": "Can delete Syllabus Item", "content_type": 30, "codename": "delete_syllabusitem"}}, {"model": "auth.permission", "pk": 120, "fields": {"name": "Can view Syllabus Item", "content_type": 30, "codename": "view_syllabusitem"}}, {"model": "auth.permission", "pk": 121, "fields": {"name": "Can add message", "content_type": 31, "codename": "add_message"}}, {"model": "auth.permission", "pk": 122, "fields": {"name": "Can change message", "content_type": 31, "codename": "change_message"}}, {"model": "auth.permission", "pk": 123, "fields": {"name": "Can delete message", "content_type": 31, "codename": "delete_message"}}, {"model": "auth.permission", "pk": 124, "fields": {"name": "Can view message", "content_type": 31, "codename": "view_message"}}, {"model": "auth.permission", "pk": 125, "fields": {"name": "Can add group", "content_type": 32, "codename": "add_group"}}, {"model": "auth.permission", "pk": 126, "fields": {"name": "Can change group", "content_type": 32, "codename": "change_group"}}, {"model": "auth.permission", "pk": 127, "fields": {"name": "Can delete group", "content_type": 32, "codename": "delete_group"}}, {"model": "auth.permission", "pk": 128, "fields": {"name": "Can view group", "content_type": 32, "codename": "view_group"}}, {"model": "auth.permission", "pk": 129, "fields": {"name": "Can add group message", "content_type": 33, "codename": "add_groupmessage"}}, {"model": "auth.permission", "pk": 130, "fields": {"name": "Can change group message", "content_type": 33, "codename": "change_groupmessage"}}, {"model": "auth.permission", "pk": 131, "fields": {"name": "Can delete group message", "content_type": 33, "codename": "delete_groupmessage"}}, {"model": "auth.permission", "pk": 132, "fields": {"name": "Can view group message", "content_type": 33, "codename": "view_groupmessage"}}, {"model": "auth.permission", "pk": 133, "fields": {"name": "Can add attendance", "content_type": 34, "codename": "add_attendance"}}, {"model": "auth.permission", "pk": 134, "fields": {"name": "Can change attendance", "content_type": 34, "codename": "change_attendance"}}, {"model": "auth.permission", "pk": 135, "fields": {"name": "Can delete attendance", "content_type": 34, "codename": "delete_attendance"}}, {"model": "auth.permission", "pk": 136, "fields": {"name": "Can view attendance", "content_type": 34, "codename": "view_attendance"}}, {"model": "auth.permission", "pk": 137, "fields": {"name": "Can add student attended", "content_type": 35, "codename": "add_studentattended"}}, {"model": "auth.permission", "pk": 138, "fields": {"name": "Can change student attended", "content_type": 35, "codename": "change_studentattended"}}, {"model": "auth.permission", "pk": 139, "fields": {"name": "Can delete student attended", "content_type": 35, "codename": "delete_studentattended"}}, {"model": "auth.permission", "pk": 140, "fields": {"name": "Can view student attended", "content_type": 35, "codename": "view_studentattended"}}, {"model": "token_blacklist.outstandingtoken", "pk": 1, "fields": {"user": 1, "jti": "692e1308a4b74d3686d31a9033f99e54", "token": "eyJhbGciOiJIUzI1NiIsInR5cCI6IkpXVCJ9.eyJ0b2tlbl90eXBlIjoicmVmcmVzaCIsImV4cCI6MTcxMTc3MzIwMywiaWF0IjoxNzExNjg2ODAzLCJqdGkiOiI2OTJlMTMwOGE0Yjc0ZDM2ODZkMzFhOTAzM2Y5OWU1NCIsInVzZXJfaWQiOjF9.5JCIWrjCkCAIcvVXSsssH7IGHTzgzbT3pkVUBV9hb9w", "created_at": "2024-03-29T04:33:23.502Z", "expires_at": "2024-03-30T04:33:23Z"}}, {"model": "token_blacklist.outstandingtoken", "pk": 2, "fields": {"user": 1, "jti": "d2dd5445d5414dd3915a6e2cf9805711", "token": "eyJhbGciOiJIUzI1NiIsInR5cCI6IkpXVCJ9.eyJ0b2tlbl90eXBlIjoicmVmcmVzaCIsImV4cCI6MTcxMTc3MzI0MiwiaWF0IjoxNzExNjg2ODQyLCJqdGkiOiJkMmRkNTQ0NWQ1NDE0ZGQzOTE1YTZlMmNmOTgwNTcxMSIsInVzZXJfaWQiOjF9.Sahnd_KiqepI3drXZCC8yOAMd02PnAjCaHj7l50IlBA", "created_at": "2024-03-29T04:34:02.068Z", "expires_at": "2024-03-30T04:34:02Z"}}, {"model": "token_blacklist.outstandingtoken", "pk": 3, "fields": {"user": 1, "jti": "13e59e05298740cbb0a2467366aedcb7", "token": "eyJhbGciOiJIUzI1NiIsInR5cCI6IkpXVCJ9.eyJ0b2tlbl90eXBlIjoicmVmcmVzaCIsImV4cCI6MTcxMTc3Mzk2MiwiaWF0IjoxNzExNjg3NTYyLCJqdGkiOiIxM2U1OWUwNTI5ODc0MGNiYjBhMjQ2NzM2NmFlZGNiNyIsInVzZXJfaWQiOjF9.iCuxCZOu1QwLsqm3uZJII5bHyVAcq-V6IMevJ-cEoJ8", "created_at": "2024-03-29T04:46:02.903Z", "expires_at": "2024-03-30T04:46:02Z"}}, {"model": "token_blacklist.outstandingtoken", "pk": 4, "fields": {"user": 1, "jti": "f699fdf04f9d41058c2c557d109d8cb1", "token": "eyJhbGciOiJIUzI1NiIsInR5cCI6IkpXVCJ9.eyJ0b2tlbl90eXBlIjoicmVmcmVzaCIsImV4cCI6MTcxMTc4MTEyNiwiaWF0IjoxNzExNjk0NzI2LCJqdGkiOiJmNjk5ZmRmMDRmOWQ0MTA1OGMyYzU1N2QxMDlkOGNiMSIsInVzZXJfaWQiOjF9.2m5-0zeOzpAykJT_XhVWg8-8CGEt3VVLxMH3YNzAV_A", "created_at": "2024-03-29T06:45:26.664Z", "expires_at": "2024-03-30T06:45:26Z"}}, {"model": "token_blacklist.outstandingtoken", "pk": 5, "fields": {"user": 1, "jti": "a99276770efd4e1e94fb40e78cd127bd", "token": "eyJhbGciOiJIUzI1NiIsInR5cCI6IkpXVCJ9.eyJ0b2tlbl90eXBlIjoicmVmcmVzaCIsImV4cCI6MTcxMTc4MTc4NCwiaWF0IjoxNzExNjk1Mzg0LCJqdGkiOiJhOTkyNzY3NzBlZmQ0ZTFlOTRmYjQwZTc4Y2QxMjdiZCIsInVzZXJfaWQiOjF9.g_s-PF7fTPzS_tV5tvk_7ge3lplSUKiCkgkDQ1Rgcys", "created_at": "2024-03-29T06:56:24.761Z", "expires_at": "2024-03-30T06:56:24Z"}}, {"model": "token_blacklist.outstandingtoken", "pk": 6, "fields": {"user": 1, "jti": "7fac43a66cc44ed89b440ba250e9ba33", "token": "eyJhbGciOiJIUzI1NiIsInR5cCI6IkpXVCJ9.eyJ0b2tlbl90eXBlIjoicmVmcmVzaCIsImV4cCI6MTcxMTc4MjcxMywiaWF0IjoxNzExNjk2MzEzLCJqdGkiOiI3ZmFjNDNhNjZjYzQ0ZWQ4OWI0NDBiYTI1MGU5YmEzMyIsInVzZXJfaWQiOjF9.4Zmk4uEGLAw8Ewi7-bK2YLFPzhOyXILi8ksM0NkE3KY", "created_at": "2024-03-29T07:11:53.108Z", "expires_at": "2024-03-30T07:11:53Z"}}, {"model": "token_blacklist.outstandingtoken", "pk": 7, "fields": {"user": 1, "jti": "39c99dc3b8844073952623c9c7010955", "token": "eyJhbGciOiJIUzI1NiIsInR5cCI6IkpXVCJ9.eyJ0b2tlbl90eXBlIjoicmVmcmVzaCIsImV4cCI6MTcxMTc4NDAyMywiaWF0IjoxNzExNjk3NjIzLCJqdGkiOiIzOWM5OWRjM2I4ODQ0MDczOTUyNjIzYzljNzAxMDk1NSIsInVzZXJfaWQiOjF9.S_sOMHI0oJRyN-XRj_oxraMg-WxN9ho7JnYgE6cFSoI", "created_at": "2024-03-29T07:33:43.376Z", "expires_at": "2024-03-30T07:33:43Z"}}, {"model": "token_blacklist.outstandingtoken", "pk": 8, "fields": {"user": 1, "jti": "b014a2c093f448449f06eee165dc8b75", "token": "eyJhbGciOiJIUzI1NiIsInR5cCI6IkpXVCJ9.eyJ0b2tlbl90eXBlIjoicmVmcmVzaCIsImV4cCI6MTcxMTc4NTg4OSwiaWF0IjoxNzExNjk5NDg5LCJqdGkiOiJiMDE0YTJjMDkzZjQ0ODQ0OWYwNmVlZTE2NWRjOGI3NSIsInVzZXJfaWQiOjF9.fiw-bZi6UEFMVyjPP5db4FF4WRNDrOPEEMRxBHbppY0", "created_at": "2024-03-29T08:04:49.847Z", "expires_at": "2024-03-30T08:04:49Z"}}, {"model": "token_blacklist.outstandingtoken", "pk": 9, "fields": {"user": 1, "jti": "f6b38abf8708434896127877264de295", "token": "eyJhbGciOiJIUzI1NiIsInR5cCI6IkpXVCJ9.eyJ0b2tlbl90eXBlIjoicmVmcmVzaCIsImV4cCI6MTcxMTgwMjIwNywiaWF0IjoxNzExNzE1ODA3LCJqdGkiOiJmNmIzOGFiZjg3MDg0MzQ4OTYxMjc4NzcyNjRkZTI5NSIsInVzZXJfaWQiOjF9.m2OniP7OptCrj-AqLS4g3lsSZ2JD5HEQjbs5jXajGS0", "created_at": "2024-03-29T12:36:47.065Z", "expires_at": "2024-03-30T12:36:47Z"}}, {"model": "token_blacklist.outstandingtoken", "pk": 10, "fields": {"user": 1, "jti": "1da71f718836415a95eff554526ce83d", "token": "eyJhbGciOiJIUzI1NiIsInR5cCI6IkpXVCJ9.eyJ0b2tlbl90eXBlIjoicmVmcmVzaCIsImV4cCI6MTcxMTgwNTg1OSwiaWF0IjoxNzExNzE5NDU5LCJqdGkiOiIxZGE3MWY3MTg4MzY0MTVhOTVlZmY1NTQ1MjZjZTgzZCIsInVzZXJfaWQiOjF9.FkMy4HsGB4oI3iyZUZcD2JwhXHhlKqTmEyTEEw5qGOE", "created_at": "2024-03-29T13:37:39.778Z", "expires_at": "2024-03-30T13:37:39Z"}}, {"model": "token_blacklist.outstandingtoken", "pk": 11, "fields": {"user": 1, "jti": "7cdae31cb38640fc8292627e2fe70639", "token": "eyJhbGciOiJIUzI1NiIsInR5cCI6IkpXVCJ9.eyJ0b2tlbl90eXBlIjoicmVmcmVzaCIsImV4cCI6MTcxMTg3Njk3MywiaWF0IjoxNzExNzkwNTczLCJqdGkiOiI3Y2RhZTMxY2IzODY0MGZjODI5MjYyN2UyZmU3MDYzOSIsInVzZXJfaWQiOjF9.h6TSpoXjZ8RJxophwIW4R__lz0RH7PmO6fyGluw3878", "created_at": "2024-03-30T09:22:53.469Z", "expires_at": "2024-03-31T09:22:53Z"}}, {"model": "token_blacklist.outstandingtoken", "pk": 12, "fields": {"user": 1, "jti": "93e31b6789204f9f9d5b933185bac530", "token": "eyJhbGciOiJIUzI1NiIsInR5cCI6IkpXVCJ9.eyJ0b2tlbl90eXBlIjoicmVmcmVzaCIsImV4cCI6MTcxMTg4MDYzNiwiaWF0IjoxNzExNzk0MjM2LCJqdGkiOiI5M2UzMWI2Nzg5MjA0ZjlmOWQ1YjkzMzE4NWJhYzUzMCIsInVzZXJfaWQiOjF9.2k0ZBPEDjoloPnC7qfdTvFLu-BBth15VC2rJ2BYd3XU", "created_at": "2024-03-30T10:23:56.811Z", "expires_at": "2024-03-31T10:23:56Z"}}, {"model": "token_blacklist.outstandingtoken", "pk": 13, "fields": {"user": 1, "jti": "6a3e6d6788ea423db67984658a26bcb8", "token": "eyJhbGciOiJIUzI1NiIsInR5cCI6IkpXVCJ9.eyJ0b2tlbl90eXBlIjoicmVmcmVzaCIsImV4cCI6MTcxMTg4NTY5NSwiaWF0IjoxNzExNzk5Mjk1LCJqdGkiOiI2YTNlNmQ2Nzg4ZWE0MjNkYjY3OTg0NjU4YTI2YmNiOCIsInVzZXJfaWQiOjF9.oVBaL_xjh3v0Fyp-xJ7TkQsADQ1vS1jto0LDMJYoJ7Q", "created_at": "2024-03-30T11:48:15.789Z", "expires_at": "2024-03-31T11:48:15Z"}}, {"model": "token_blacklist.outstandingtoken", "pk": 14, "fields": {"user": 1, "jti": "3c819bf664484f2c91b22c563e41c851", "token": "eyJhbGciOiJIUzI1NiIsInR5cCI6IkpXVCJ9.eyJ0b2tlbl90eXBlIjoicmVmcmVzaCIsImV4cCI6MTcxMTg4OTM5MSwiaWF0IjoxNzExODAyOTkxLCJqdGkiOiIzYzgxOWJmNjY0NDg0ZjJjOTFiMjJjNTYzZTQxYzg1MSIsInVzZXJfaWQiOjF9.IW-xxwHXslllJM0BSINri58pFfQoBGh4JdT8BEexfGI", "created_at": "2024-03-30T12:49:51.111Z", "expires_at": "2024-03-31T12:49:51Z"}}, {"model": "token_blacklist.outstandingtoken", "pk": 15, "fields": {"user": 1, "jti": "be96ecd59dcc4529a083a70d74e031f6", "token": "eyJhbGciOiJIUzI1NiIsInR5cCI6IkpXVCJ9.eyJ0b2tlbl90eXBlIjoicmVmcmVzaCIsImV4cCI6MTcxMTk1NjQ2NCwiaWF0IjoxNzExODcwMDY0LCJqdGkiOiJiZTk2ZWNkNTlkY2M0NTI5YTA4M2E3MGQ3NGUwMzFmNiIsInVzZXJfaWQiOjF9.UCtSCv-7QIMavbnGeHXHUVQeufCf7pNuMcJcOdo-FBg", "created_at": "2024-03-31T07:27:44.771Z", "expires_at": "2024-04-01T07:27:44Z"}}, {"model": "token_blacklist.outstandingtoken", "pk": 16, "fields": {"user": 1, "jti": "e47ceba65f5b4d4ba5a83a9bfef845a2", "token": "eyJhbGciOiJIUzI1NiIsInR5cCI6IkpXVCJ9.eyJ0b2tlbl90eXBlIjoicmVmcmVzaCIsImV4cCI6MTcxMTk1NjUwMiwiaWF0IjoxNzExODcwMTAyLCJqdGkiOiJlNDdjZWJhNjVmNWI0ZDRiYTVhODNhOWJmZWY4NDVhMiIsInVzZXJfaWQiOjF9.kuy_yd72or74WIGmQJqyVYwEQ79yGnEih4xuBlzZiuM", "created_at": "2024-03-31T07:28:22.335Z", "expires_at": "2024-04-01T07:28:22Z"}}, {"model": "token_blacklist.outstandingtoken", "pk": 17, "fields": {"user": 1, "jti": "77bca7dc58b545948f61e2dcf28f42e0", "token": "eyJhbGciOiJIUzI1NiIsInR5cCI6IkpXVCJ9.eyJ0b2tlbl90eXBlIjoicmVmcmVzaCIsImV4cCI6MTcxMTk1NjU2MywiaWF0IjoxNzExODcwMTYzLCJqdGkiOiI3N2JjYTdkYzU4YjU0NTk0OGY2MWUyZGNmMjhmNDJlMCIsInVzZXJfaWQiOjF9.vc9V8-12d-6boRvwvaVJ3GbGCWfaSNHzS0hgaaajP2w", "created_at": "2024-03-31T07:29:23.486Z", "expires_at": "2024-04-01T07:29:23Z"}}, {"model": "token_blacklist.outstandingtoken", "pk": 18, "fields": {"user": 1, "jti": "42f1b15e9fa54d2fb0a275173bd4c94c", "token": "eyJhbGciOiJIUzI1NiIsInR5cCI6IkpXVCJ9.eyJ0b2tlbl90eXBlIjoicmVmcmVzaCIsImV4cCI6MTcxMTk1NjYxNCwiaWF0IjoxNzExODcwMjE0LCJqdGkiOiI0MmYxYjE1ZTlmYTU0ZDJmYjBhMjc1MTczYmQ0Yzk0YyIsInVzZXJfaWQiOjF9.mn1bIf3FVF4zl5UuOQYPjWJJ0Vq-kbuhXFBpA9XMdWE", "created_at": "2024-03-31T07:30:14.759Z", "expires_at": "2024-04-01T07:30:14Z"}}, {"model": "token_blacklist.outstandingtoken", "pk": 19, "fields": {"user": 42, "jti": "05dcc186424f4cf1a0fcb9aececbdf72", "token": "eyJhbGciOiJIUzI1NiIsInR5cCI6IkpXVCJ9.eyJ0b2tlbl90eXBlIjoicmVmcmVzaCIsImV4cCI6MTcxMTk1Njk1OSwiaWF0IjoxNzExODcwNTU5LCJqdGkiOiIwNWRjYzE4NjQyNGY0Y2YxYTBmY2I5YWVjZWNiZGY3MiIsInVzZXJfaWQiOjQyfQ.PwXg7osZUY34QhO_LfkQcebIVHRbsdpYJEcywDjRn7k", "created_at": "2024-03-31T07:35:59.804Z", "expires_at": "2024-04-01T07:35:59Z"}}, {"model": "token_blacklist.outstandingtoken", "pk": 20, "fields": {"user": 42, "jti": "318a1e493d774e5997bc2a5e320acfde", "token": "eyJhbGciOiJIUzI1NiIsInR5cCI6IkpXVCJ9.eyJ0b2tlbl90eXBlIjoicmVmcmVzaCIsImV4cCI6MTcxMTk2MDY3NCwiaWF0IjoxNzExODc0Mjc0LCJqdGkiOiIzMThhMWU0OTNkNzc0ZTU5OTdiYzJhNWUzMjBhY2ZkZSIsInVzZXJfaWQiOjQyfQ.Zfqt987In1VtxN8WxioqyGDtvFFtTYvHc__rUF6VjzA", "created_at": "2024-03-31T08:37:54.719Z", "expires_at": "2024-04-01T08:37:54Z"}}, {"model": "token_blacklist.outstandingtoken", "pk": 21, "fields": {"user": 1, "jti": "13b1ad51c2db409d9baaf13ed1a237d1", "token": "eyJhbGciOiJIUzI1NiIsInR5cCI6IkpXVCJ9.eyJ0b2tlbl90eXBlIjoicmVmcmVzaCIsImV4cCI6MTcxMTk2NDMyNiwiaWF0IjoxNzExODc3OTI2LCJqdGkiOiIxM2IxYWQ1MWMyZGI0MDlkOWJhYWYxM2VkMWEyMzdkMSIsInVzZXJfaWQiOjF9.hJTgVqCTwh890I0JYEQDpJq8I_zVerUs34A6uwx6sWU", "created_at": "2024-03-31T09:38:46.321Z", "expires_at": "2024-04-01T09:38:46Z"}}, {"model": "token_blacklist.outstandingtoken", "pk": 22, "fields": {"user": 42, "jti": "5c49ea5f75b9441e8f2d67ef4930b30c", "token": "eyJhbGciOiJIUzI1NiIsInR5cCI6IkpXVCJ9.eyJ0b2tlbl90eXBlIjoicmVmcmVzaCIsImV4cCI6MTcxMTk2NDMzNSwiaWF0IjoxNzExODc3OTM1LCJqdGkiOiI1YzQ5ZWE1Zjc1Yjk0NDFlOGYyZDY3ZWY0OTMwYjMwYyIsInVzZXJfaWQiOjQyfQ.-Dv14jhywOgyx2Hm8LaD6HQT7V5MO84ZsK88b_b2wok", "created_at": "2024-03-31T09:38:55.755Z", "expires_at": "2024-04-01T09:38:55Z"}}, {"model": "token_blacklist.outstandingtoken", "pk": 23, "fields": {"user": 42, "jti": "1f8cafde056e46cf8eb650e0c4a30ceb", "token": "eyJhbGciOiJIUzI1NiIsInR5cCI6IkpXVCJ9.eyJ0b2tlbl90eXBlIjoicmVmcmVzaCIsImV4cCI6MTcxMTk2OTI0MiwiaWF0IjoxNzExODgyODQyLCJqdGkiOiIxZjhjYWZkZTA1NmU0NmNmOGViNjUwZTBjNGEzMGNlYiIsInVzZXJfaWQiOjQyfQ.ehDYm1dbQWGBeZFIobvpQ85uJAqMgtaAw4bZJFhpzf8", "created_at": "2024-03-31T11:00:42.715Z", "expires_at": "2024-04-01T11:00:42Z"}}, {"model": "token_blacklist.outstandingtoken", "pk": 24, "fields": {"user": 1, "jti": "9498d51520a64d55b60f80c38800078e", "token": "eyJhbGciOiJIUzI1NiIsInR5cCI6IkpXVCJ9.eyJ0b2tlbl90eXBlIjoicmVmcmVzaCIsImV4cCI6MTcxMTk3MjQ3MSwiaWF0IjoxNzExODg2MDcxLCJqdGkiOiI5NDk4ZDUxNTIwYTY0ZDU1YjYwZjgwYzM4ODAwMDc4ZSIsInVzZXJfaWQiOjF9.UHpzrO0aq6ctNRVoyAYrCFCDk1ojANW1OMzS5aIzyXs", "created_at": "2024-03-31T11:54:31.251Z", "expires_at": "2024-04-01T11:54:31Z"}}, {"model": "token_blacklist.outstandingtoken", "pk": 25, "fields": {"user": 42, "jti": "f7d2b44b44884303a107ce0944a7dd59", "token": "eyJhbGciOiJIUzI1NiIsInR5cCI6IkpXVCJ9.eyJ0b2tlbl90eXBlIjoicmVmcmVzaCIsImV4cCI6MTcxMTk3MjU2MywiaWF0IjoxNzExODg2MTYzLCJqdGkiOiJmN2QyYjQ0YjQ0ODg0MzAzYTEwN2NlMDk0NGE3ZGQ1OSIsInVzZXJfaWQiOjQyfQ.5knNO4hE0Dt6TSa2erHh8XYliENB6EFQVVotuKll3GY", "created_at": "2024-03-31T11:56:03.756Z", "expires_at": "2024-04-01T11:56:03Z"}}, {"model": "token_blacklist.outstandingtoken", "pk": 26, "fields": {"user": 42, "jti": "9a31f73696a8435581f7a5a99580a29f", "token": "eyJhbGciOiJIUzI1NiIsInR5cCI6IkpXVCJ9.eyJ0b2tlbl90eXBlIjoicmVmcmVzaCIsImV4cCI6MTcxMTk3NjE4MywiaWF0IjoxNzExODg5NzgzLCJqdGkiOiI5YTMxZjczNjk2YTg0MzU1ODFmN2E1YTk5NTgwYTI5ZiIsInVzZXJfaWQiOjQyfQ.CO1LTQe_JBl9oOhP0cHRRAVwtLfaEqet0NQ5EwwqTmc", "created_at": "2024-03-31T12:56:23.153Z", "expires_at": "2024-04-01T12:56:23Z"}}, {"model": "token_blacklist.outstandingtoken", "pk": 27, "fields": {"user": 43, "jti": "fa71d5e3d234419dbc6cb52c438e829b", "token": "eyJhbGciOiJIUzI1NiIsInR5cCI6IkpXVCJ9.eyJ0b2tlbl90eXBlIjoicmVmcmVzaCIsImV4cCI6MTcxMTk3NjgxOSwiaWF0IjoxNzExODkwNDE5LCJqdGkiOiJmYTcxZDVlM2QyMzQ0MTlkYmM2Y2I1MmM0MzhlODI5YiIsInVzZXJfaWQiOjQzfQ.Sh0E3eWWVs749-OZL8QQT38fynibuvPJ7rqfQNG6aCQ", "created_at": "2024-03-31T13:06:59.611Z", "expires_at": "2024-04-01T13:06:59Z"}}, {"model": "token_blacklist.outstandingtoken", "pk": 28, "fields": {"user": 43, "jti": "b25150437aab4731af4ddee38191198b", "token": "eyJhbGciOiJIUzI1NiIsInR5cCI6IkpXVCJ9.eyJ0b2tlbl90eXBlIjoicmVmcmVzaCIsImV4cCI6MTcxMTk3Njk0MiwiaWF0IjoxNzExODkwNTQyLCJqdGkiOiJiMjUxNTA0MzdhYWI0NzMxYWY0ZGRlZTM4MTkxMTk4YiIsInVzZXJfaWQiOjQzfQ.NY13uphvOL6T9k1MowuT_DEGep5wFHwMOWAKFINzNo0", "created_at": "2024-03-31T13:09:02.531Z", "expires_at": "2024-04-01T13:09:02Z"}}, {"model": "token_blacklist.outstandingtoken", "pk": 29, "fields": {"user": 43, "jti": "f0b8b662a9534448b90b9af606a28f81", "token": "eyJhbGciOiJIUzI1NiIsInR5cCI6IkpXVCJ9.eyJ0b2tlbl90eXBlIjoicmVmcmVzaCIsImV4cCI6MTcxMTk4MDYxNCwiaWF0IjoxNzExODk0MjE0LCJqdGkiOiJmMGI4YjY2MmE5NTM0NDQ4YjkwYjlhZjYwNmEyOGY4MSIsInVzZXJfaWQiOjQzfQ.7kAF6zDK3veNAt3SO3zL_ZLnDuuG19N7Py6kttAUtvI", "created_at": "2024-03-31T14:10:14.874Z", "expires_at": "2024-04-01T14:10:14Z"}}, {"model": "token_blacklist.outstandingtoken", "pk": 30, "fields": {"user": 43, "jti": "e5ca80f3779a4b768215273fd8a646a2", "token": "eyJhbGciOiJIUzI1NiIsInR5cCI6IkpXVCJ9.eyJ0b2tlbl90eXBlIjoicmVmcmVzaCIsImV4cCI6MTcxMjAxNzcyMSwiaWF0IjoxNzExOTMxMzIxLCJqdGkiOiJlNWNhODBmMzc3OWE0Yjc2ODIxNTI3M2ZkOGE2NDZhMiIsInVzZXJfaWQiOjQzfQ.DBcb3nw6JyilYI6zE3Qx0ltV8A8vNuZIKvG9T9hNwek", "created_at": "2024-04-01T00:28:41.432Z", "expires_at": "2024-04-02T00:28:41Z"}}, {"model": "token_blacklist.outstandingtoken", "pk": 31, "fields": {"user": 43, "jti": "ed8561df287e4b0ea27edad26e78fc9f", "token": "eyJhbGciOiJIUzI1NiIsInR5cCI6IkpXVCJ9.eyJ0b2tlbl90eXBlIjoicmVmcmVzaCIsImV4cCI6MTcxMjAyMTQ2NiwiaWF0IjoxNzExOTM1MDY2LCJqdGkiOiJlZDg1NjFkZjI4N2U0YjBlYTI3ZWRhZDI2ZTc4ZmM5ZiIsInVzZXJfaWQiOjQzfQ.-rU3gtIJgB8Q75FzLuusE4bqm1GB7BqHn_G9sxhlrQo", "created_at": "2024-04-01T01:31:06.384Z", "expires_at": "2024-04-02T01:31:06Z"}}, {"model": "token_blacklist.outstandingtoken", "pk": 32, "fields": {"user": 1, "jti": "c141398dea22428e9329894b29c5ef50", "token": "eyJhbGciOiJIUzI1NiIsInR5cCI6IkpXVCJ9.eyJ0b2tlbl90eXBlIjoicmVmcmVzaCIsImV4cCI6MTcxMjAyNTYyMCwiaWF0IjoxNzExOTM5MjIwLCJqdGkiOiJjMTQxMzk4ZGVhMjI0MjhlOTMyOTg5NGIyOWM1ZWY1MCIsInVzZXJfaWQiOjF9.-P-B3V7VHq_mUnIprFRiEMgBRtgXlTcTqdc7YwmY5VA", "created_at": "2024-04-01T02:40:20.435Z", "expires_at": "2024-04-02T02:40:20Z"}}, {"model": "token_blacklist.outstandingtoken", "pk": 33, "fields": {"user": 1, "jti": "5d9c307224304c58a644f30504d25430", "token": "eyJhbGciOiJIUzI1NiIsInR5cCI6IkpXVCJ9.eyJ0b2tlbl90eXBlIjoicmVmcmVzaCIsImV4cCI6MTcxMjA0MDM5MSwiaWF0IjoxNzExOTUzOTkxLCJqdGkiOiI1ZDljMzA3MjI0MzA0YzU4YTY0NGYzMDUwNGQyNTQzMCIsInVzZXJfaWQiOjF9.qN-_6KKPBz_n6XMYiaOrW7EZn_bqFMbTZxMkPNxYSFE", "created_at": "2024-04-01T06:46:31.511Z", "expires_at": "2024-04-02T06:46:31Z"}}, {"model": "token_blacklist.outstandingtoken", "pk": 34, "fields": {"user": 1, "jti": "77508646f4d04146a73ff25e2a922cf6", "token": "eyJhbGciOiJIUzI1NiIsInR5cCI6IkpXVCJ9.eyJ0b2tlbl90eXBlIjoicmVmcmVzaCIsImV4cCI6MTcxMjA0MDY2NiwiaWF0IjoxNzExOTU0MjY2LCJqdGkiOiI3NzUwODY0NmY0ZDA0MTQ2YTczZmYyNWUyYTkyMmNmNiIsInVzZXJfaWQiOjF9.DdpNiDsGalKtcThvAWDbCG4rQ9rJKw8i3AMb0J6RRgI", "created_at": "2024-04-01T06:51:06.112Z", "expires_at": "2024-04-02T06:51:06Z"}}, {"model": "token_blacklist.outstandingtoken", "pk": 35, "fields": {"user": 43, "jti": "e00c4994ca274b4eb7fa20f2472328aa", "token": "eyJhbGciOiJIUzI1NiIsInR5cCI6IkpXVCJ9.eyJ0b2tlbl90eXBlIjoicmVmcmVzaCIsImV4cCI6MTcxMjA0MjQ1MSwiaWF0IjoxNzExOTU2MDUxLCJqdGkiOiJlMDBjNDk5NGNhMjc0YjRlYjdmYTIwZjI0NzIzMjhhYSIsInVzZXJfaWQiOjQzfQ.RfrVUuJcGO6e1Mf3F4bRrPtTDjSoFQbo8byE0Eei8zo", "created_at": "2024-04-01T07:20:51.948Z", "expires_at": "2024-04-02T07:20:51Z"}}, {"model": "token_blacklist.outstandingtoken", "pk": 36, "fields": {"user": 1, "jti": "9c140924e89c4d42aa83c8a47df4ffb1", "token": "eyJhbGciOiJIUzI1NiIsInR5cCI6IkpXVCJ9.eyJ0b2tlbl90eXBlIjoicmVmcmVzaCIsImV4cCI6MTcxMjA0MzM2NCwiaWF0IjoxNzExOTU2OTY0LCJqdGkiOiI5YzE0MDkyNGU4OWM0ZDQyYWE4M2M4YTQ3ZGY0ZmZiMSIsInVzZXJfaWQiOjF9.YbazBSDwVIJ1q1_Nddv1Uo0JCr-vin56d1Pqg-Fehc8", "created_at": "2024-04-01T07:36:04.125Z", "expires_at": "2024-04-02T07:36:04Z"}}, {"model": "token_blacklist.outstandingtoken", "pk": 37, "fields": {"user": 43, "jti": "eb03e6cb8f3c4ac5a45be40f1de86414", "token": "eyJhbGciOiJIUzI1NiIsInR5cCI6IkpXVCJ9.eyJ0b2tlbl90eXBlIjoicmVmcmVzaCIsImV4cCI6MTcxMjA0MzQ5OSwiaWF0IjoxNzExOTU3MDk5LCJqdGkiOiJlYjAzZTZjYjhmM2M0YWM1YTQ1YmU0MGYxZGU4NjQxNCIsInVzZXJfaWQiOjQzfQ.guik431cSKaRfPrVIyULk050fdeW6PNVbkse-eQnG-U", "created_at": "2024-04-01T07:38:19.389Z", "expires_at": "2024-04-02T07:38:19Z"}}, {"model": "token_blacklist.outstandingtoken", "pk": 38, "fields": {"user": 42, "jti": "9838d8b7176f4932b24bcb8258a3e26b", "token": "eyJhbGciOiJIUzI1NiIsInR5cCI6IkpXVCJ9.eyJ0b2tlbl90eXBlIjoicmVmcmVzaCIsImV4cCI6MTcxMjA0MzU4NywiaWF0IjoxNzExOTU3MTg3LCJqdGkiOiI5ODM4ZDhiNzE3NmY0OTMyYjI0YmNiODI1OGEzZTI2YiIsInVzZXJfaWQiOjQyfQ.M9X_tQUeghEqqs3qltoPuTrmxU0elE40pRztJMA6Hlk", "created_at": "2024-04-01T07:39:47.762Z", "expires_at": "2024-04-02T07:39:47Z"}}, {"model": "token_blacklist.outstandingtoken", "pk": 39, "fields": {"user": 43, "jti": "d09fe8952a644280936a786a167340ae", "token": "eyJhbGciOiJIUzI1NiIsInR5cCI6IkpXVCJ9.eyJ0b2tlbl90eXBlIjoicmVmcmVzaCIsImV4cCI6MTcxMjA0Mzk4NCwiaWF0IjoxNzExOTU3NTg0LCJqdGkiOiJkMDlmZTg5NTJhNjQ0MjgwOTM2YTc4NmExNjczNDBhZSIsInVzZXJfaWQiOjQzfQ.tw8vAOP2m0hDPx7VGqPi5faKwNLxHNN3pswy1SEkeH4", "created_at": "2024-04-01T07:46:24.373Z", "expires_at": "2024-04-02T07:46:24Z"}}, {"model": "token_blacklist.outstandingtoken", "pk": 40, "fields": {"user": 42, "jti": "3887eb75f8a84f50a5279bf25e21cc59", "token": "eyJhbGciOiJIUzI1NiIsInR5cCI6IkpXVCJ9.eyJ0b2tlbl90eXBlIjoicmVmcmVzaCIsImV4cCI6MTcxMjA0NDAzNywiaWF0IjoxNzExOTU3NjM3LCJqdGkiOiIzODg3ZWI3NWY4YTg0ZjUwYTUyNzliZjI1ZTIxY2M1OSIsInVzZXJfaWQiOjQyfQ.cWy_mIuCD9GVyEojTRVvTOxcRjSk1L0oJPY1sUU7-Qk", "created_at": "2024-04-01T07:47:17.596Z", "expires_at": "2024-04-02T07:47:17Z"}}, {"model": "token_blacklist.outstandingtoken", "pk": 41, "fields": {"user": 42, "jti": "89491a8b723a448fa0e2577b4f850ea7", "token": "eyJhbGciOiJIUzI1NiIsInR5cCI6IkpXVCJ9.eyJ0b2tlbl90eXBlIjoicmVmcmVzaCIsImV4cCI6MTcxMjA0NzcxMCwiaWF0IjoxNzExOTYxMzEwLCJqdGkiOiI4OTQ5MWE4YjcyM2E0NDhmYTBlMjU3N2I0Zjg1MGVhNyIsInVzZXJfaWQiOjQyfQ.kRsb8-tsnxkv98KEIBL2vmcZhcvQIvEaNDOO_KZ35hg", "created_at": "2024-04-01T08:48:30.565Z", "expires_at": "2024-04-02T08:48:30Z"}}, {"model": "token_blacklist.outstandingtoken", "pk": 42, "fields": {"user": 42, "jti": "48dc5aedd66849d0bf12a0eae2dafa27", "token": "eyJhbGciOiJIUzI1NiIsInR5cCI6IkpXVCJ9.eyJ0b2tlbl90eXBlIjoicmVmcmVzaCIsImV4cCI6MTcxMjA1MTkyNCwiaWF0IjoxNzExOTY1NTI0LCJqdGkiOiI0OGRjNWFlZGQ2Njg0OWQwYmYxMmEwZWFlMmRhZmEyNyIsInVzZXJfaWQiOjQyfQ.g0CUObG0AVZy5l2kk9TA6iPmDBkdW5Yor6L1g-a94a0", "created_at": "2024-04-01T09:58:44.552Z", "expires_at": "2024-04-02T09:58:44Z"}}, {"model": "token_blacklist.outstandingtoken", "pk": 43, "fields": {"user": 42, "jti": "8664fc3cc9c040139b447c4d35814f97", "token": "eyJhbGciOiJIUzI1NiIsInR5cCI6IkpXVCJ9.eyJ0b2tlbl90eXBlIjoicmVmcmVzaCIsImV4cCI6MTcxMjA1NTcwMiwiaWF0IjoxNzExOTY5MzAyLCJqdGkiOiI4NjY0ZmMzY2M5YzA0MDEzOWI0NDdjNGQzNTgxNGY5NyIsInVzZXJfaWQiOjQyfQ.n_cxElHGtz--LQPGJkVe3HRgjOxEsjY_8sW1_-yaXXI", "created_at": "2024-04-01T11:01:42.072Z", "expires_at": "2024-04-02T11:01:42Z"}}, {"model": "token_blacklist.outstandingtoken", "pk": 44, "fields": {"user": 43, "jti": "e11a645849d741c49e051f7af1b127ca", "token": "eyJhbGciOiJIUzI1NiIsInR5cCI6IkpXVCJ9.eyJ0b2tlbl90eXBlIjoicmVmcmVzaCIsImV4cCI6MTcxMjA1NzE3NywiaWF0IjoxNzExOTcwNzc3LCJqdGkiOiJlMTFhNjQ1ODQ5ZDc0MWM0OWUwNTFmN2FmMWIxMjdjYSIsInVzZXJfaWQiOjQzfQ.4Kg4iNlwcH6SXcKXl_n3bF9wm4VDo3Cf1KvorANhn8E", "created_at": "2024-04-01T11:26:17.003Z", "expires_at": "2024-04-02T11:26:17Z"}}, {"model": "token_blacklist.outstandingtoken", "pk": 45, "fields": {"user": 43, "jti": "b1022a6d1e304236957d4e276dd3694c", "token": "eyJhbGciOiJIUzI1NiIsInR5cCI6IkpXVCJ9.eyJ0b2tlbl90eXBlIjoicmVmcmVzaCIsImV4cCI6MTcxMjA2MDkxNiwiaWF0IjoxNzExOTc0NTE2LCJqdGkiOiJiMTAyMmE2ZDFlMzA0MjM2OTU3ZDRlMjc2ZGQzNjk0YyIsInVzZXJfaWQiOjQzfQ.e2kY6jasiOXA2GAqm5enWwVGz5CUxyRcB0eCeJqIJ-w", "created_at": "2024-04-01T12:28:36.057Z", "expires_at": "2024-04-02T12:28:36Z"}}, {"model": "token_blacklist.outstandingtoken", "pk": 46, "fields": {"user": 43, "jti": "aa9a6b86a882460ca16479048babf91c", "token": "eyJhbGciOiJIUzI1NiIsInR5cCI6IkpXVCJ9.eyJ0b2tlbl90eXBlIjoicmVmcmVzaCIsImV4cCI6MTcxMjA2NTIyMywiaWF0IjoxNzExOTc4ODIzLCJqdGkiOiJhYTlhNmI4NmE4ODI0NjBjYTE2NDc5MDQ4YmFiZjkxYyIsInVzZXJfaWQiOjQzfQ.CCUkMd21yuvCBeFUzCMTKHz65ERpnaG2JbnG9drYNrs", "created_at": "2024-04-01T13:40:23.722Z", "expires_at": "2024-04-02T13:40:23Z"}}, {"model": "token_blacklist.outstandingtoken", "pk": 47, "fields": {"user": 1, "jti": "6d495c06a05a410ebaa9faf37483a075", "token": "eyJhbGciOiJIUzI1NiIsInR5cCI6IkpXVCJ9.eyJ0b2tlbl90eXBlIjoicmVmcmVzaCIsImV4cCI6MTcxMjExMTA4MSwiaWF0IjoxNzEyMDI0NjgxLCJqdGkiOiI2ZDQ5NWMwNmEwNWE0MTBlYmFhOWZhZjM3NDgzYTA3NSIsInVzZXJfaWQiOjF9.CboqOGZe9qp1AC3Jyad6M0ClLAU0MyTridCX51vXquw", "created_at": "2024-04-02T02:24:41.542Z", "expires_at": "2024-04-03T02:24:41Z"}}, {"model": "token_blacklist.outstandingtoken", "pk": 48, "fields": {"user": 1, "jti": "6260130c02214e00a4fa3ad21bff9be4", "token": "eyJhbGciOiJIUzI1NiIsInR5cCI6IkpXVCJ9.eyJ0b2tlbl90eXBlIjoicmVmcmVzaCIsImV4cCI6MTcxMjExMTExMSwiaWF0IjoxNzEyMDI0NzExLCJqdGkiOiI2MjYwMTMwYzAyMjE0ZTAwYTRmYTNhZDIxYmZmOWJlNCIsInVzZXJfaWQiOjF9.jR9Y04d7xHdY3zqL3cRNPt7iPpDVz4emP5Ui3Tii3lc", "created_at": "2024-04-02T02:25:11.466Z", "expires_at": "2024-04-03T02:25:11Z"}}, {"model": "token_blacklist.outstandingtoken", "pk": 49, "fields": {"user": 43, "jti": "c6058c62e39d434ca5dcb7786e1b3d9b", "token": "eyJhbGciOiJIUzI1NiIsInR5cCI6IkpXVCJ9.eyJ0b2tlbl90eXBlIjoicmVmcmVzaCIsImV4cCI6MTcxMjExMTI2OSwiaWF0IjoxNzEyMDI0ODY5LCJqdGkiOiJjNjA1OGM2MmUzOWQ0MzRjYTVkY2I3Nzg2ZTFiM2Q5YiIsInVzZXJfaWQiOjQzfQ.lUxiFpIYBlJSPCvbpfb9nLbP6-8VskQV50NEjet8cto", "created_at": "2024-04-02T02:27:49.404Z", "expires_at": "2024-04-03T02:27:49Z"}}, {"model": "token_blacklist.outstandingtoken", "pk": 50, "fields": {"user": 1, "jti": "53fd73daee524cde8ff11d6fab028c82", "token": "eyJhbGciOiJIUzI1NiIsInR5cCI6IkpXVCJ9.eyJ0b2tlbl90eXBlIjoicmVmcmVzaCIsImV4cCI6MTcxMjExMzQ4NiwiaWF0IjoxNzEyMDI3MDg2LCJqdGkiOiI1M2ZkNzNkYWVlNTI0Y2RlOGZmMTFkNmZhYjAyOGM4MiIsInVzZXJfaWQiOjF9.5Pr7re2k56lz5QYCIF771Z5igffuDYGQUjb451_0V30", "created_at": "2024-04-02T03:04:46.386Z", "expires_at": "2024-04-03T03:04:46Z"}}, {"model": "token_blacklist.outstandingtoken", "pk": 51, "fields": {"user": 43, "jti": "8adcbc7aae8e4f1b8f8700bdb532c08c", "token": "eyJhbGciOiJIUzI1NiIsInR5cCI6IkpXVCJ9.eyJ0b2tlbl90eXBlIjoicmVmcmVzaCIsImV4cCI6MTcxMjExODMxMSwiaWF0IjoxNzEyMDMxOTExLCJqdGkiOiI4YWRjYmM3YWFlOGU0ZjFiOGY4NzAwYmRiNTMyYzA4YyIsInVzZXJfaWQiOjQzfQ.Vq3_WnqBJGYRm_Bnoq1ZJkmF11xA_7zrTMHzCNNYhZI", "created_at": "2024-04-02T04:25:11.391Z", "expires_at": "2024-04-03T04:25:11Z"}}, {"model": "token_blacklist.outstandingtoken", "pk": 52, "fields": {"user": 42, "jti": "fe61ee420a4a446192daacababb9bb09", "token": "eyJhbGciOiJIUzI1NiIsInR5cCI6IkpXVCJ9.eyJ0b2tlbl90eXBlIjoicmVmcmVzaCIsImV4cCI6MTcxMjExODgwMiwiaWF0IjoxNzEyMDMyNDAyLCJqdGkiOiJmZTYxZWU0MjBhNGE0NDYxOTJkYWFjYWJhYmI5YmIwOSIsInVzZXJfaWQiOjQyfQ.WUO6M53tvPgmSchN1NGAVhxquGIjZvTBkW-H3-rDd7w", "created_at": "2024-04-02T04:33:22.320Z", "expires_at": "2024-04-03T04:33:22Z"}}, {"model": "token_blacklist.outstandingtoken", "pk": 53, "fields": {"user": 42, "jti": "52d271f96b544f02811d4ad2c90b759c", "token": "eyJhbGciOiJIUzI1NiIsInR5cCI6IkpXVCJ9.eyJ0b2tlbl90eXBlIjoicmVmcmVzaCIsImV4cCI6MTcxMjExODk0NiwiaWF0IjoxNzEyMDMyNTQ2LCJqdGkiOiI1MmQyNzFmOTZiNTQ0ZjAyODExZDRhZDJjOTBiNzU5YyIsInVzZXJfaWQiOjQyfQ.4D9VxRwRiong80kj7VUq4X06tWXjWNTzc4k2GoZvRMo", "created_at": "2024-04-02T04:35:46.264Z", "expires_at": "2024-04-03T04:35:46Z"}}, {"model": "token_blacklist.outstandingtoken", "pk": 54, "fields": {"user": 43, "jti": "7f71274b345343baab77cc254161619b", "token": "eyJhbGciOiJIUzI1NiIsInR5cCI6IkpXVCJ9.eyJ0b2tlbl90eXBlIjoicmVmcmVzaCIsImV4cCI6MTcxMjEyMTc3NCwiaWF0IjoxNzEyMDM1Mzc0LCJqdGkiOiI3ZjcxMjc0YjM0NTM0M2JhYWI3N2NjMjU0MTYxNjE5YiIsInVzZXJfaWQiOjQzfQ.bXOrS67YFYlHslIgvU7RZQ7X0EqGUcCBZwDGHd991-g", "created_at": "2024-04-02T05:22:54.304Z", "expires_at": "2024-04-03T05:22:54Z"}}, {"model": "token_blacklist.outstandingtoken", "pk": 55, "fields": {"user": 43, "jti": "830bcb62036146f09b216b5f0c68e848", "token": "eyJhbGciOiJIUzI1NiIsInR5cCI6IkpXVCJ9.eyJ0b2tlbl90eXBlIjoicmVmcmVzaCIsImV4cCI6MTcxMjEyMTc3NCwiaWF0IjoxNzEyMDM1Mzc0LCJqdGkiOiI4MzBiY2I2MjAzNjE0NmYwOWIyMTZiNWYwYzY4ZTg0OCIsInVzZXJfaWQiOjQzfQ.cMtM0UPSvGXdQC8Yvv8OkPKy_rls5y8-1IdCMXxMKd8", "created_at": "2024-04-02T05:22:54.688Z", "expires_at": "2024-04-03T05:22:54Z"}}, {"model": "token_blacklist.outstandingtoken", "pk": 56, "fields": {"user": 43, "jti": "71bfa199d7b14948a952bd1671cab0c9", "token": "eyJhbGciOiJIUzI1NiIsInR5cCI6IkpXVCJ9.eyJ0b2tlbl90eXBlIjoicmVmcmVzaCIsImV4cCI6MTcxMjEyNTUzMSwiaWF0IjoxNzEyMDM5MTMxLCJqdGkiOiI3MWJmYTE5OWQ3YjE0OTQ4YTk1MmJkMTY3MWNhYjBjOSIsInVzZXJfaWQiOjQzfQ.XLst1Z8rXUGcIqsFUnFgqJd11Ic4-hLHH_qW7Jz0zgU", "created_at": "2024-04-02T06:25:31.720Z", "expires_at": "2024-04-03T06:25:31Z"}}, {"model": "token_blacklist.outstandingtoken", "pk": 57, "fields": {"user": 43, "jti": "e4b46bf40be44f2b85b68ca5f6177939", "token": "eyJhbGciOiJIUzI1NiIsInR5cCI6IkpXVCJ9.eyJ0b2tlbl90eXBlIjoicmVmcmVzaCIsImV4cCI6MTcxMjEzNTY4MywiaWF0IjoxNzEyMDQ5MjgzLCJqdGkiOiJlNGI0NmJmNDBiZTQ0ZjJiODViNjhjYTVmNjE3NzkzOSIsInVzZXJfaWQiOjQzfQ.hWsCd3hyodEtKI5SEN0lx5vtdsdFoyjH1sOnH7TRce4", "created_at": "2024-04-02T09:14:43.342Z", "expires_at": "2024-04-03T09:14:43Z"}}, {"model": "token_blacklist.outstandingtoken", "pk": 58, "fields": {"user": 43, "jti": "930d2eec6f144efea30d43e6f7736a1a", "token": "eyJhbGciOiJIUzI1NiIsInR5cCI6IkpXVCJ9.eyJ0b2tlbl90eXBlIjoicmVmcmVzaCIsImV4cCI6MTcxMjEzNjM3NiwiaWF0IjoxNzEyMDQ5OTc2LCJqdGkiOiI5MzBkMmVlYzZmMTQ0ZWZlYTMwZDQzZTZmNzczNmExYSIsInVzZXJfaWQiOjQzfQ.QoniPgwXA3zVCWCywsqS4OR0PAIZWjKsr3qZEPj-qxY", "created_at": "2024-04-02T09:26:16.739Z", "expires_at": "2024-04-03T09:26:16Z"}}, {"model": "token_blacklist.outstandingtoken", "pk": 59, "fields": {"user": 43, "jti": "6949a1b115a84f12815e209b80dd021f", "token": "eyJhbGciOiJIUzI1NiIsInR5cCI6IkpXVCJ9.eyJ0b2tlbl90eXBlIjoicmVmcmVzaCIsImV4cCI6MTcxMjE0ODU5NiwiaWF0IjoxNzEyMDYyMTk2LCJqdGkiOiI2OTQ5YTFiMTE1YTg0ZjEyODE1ZTIwOWI4MGRkMDIxZiIsInVzZXJfaWQiOjQzfQ.OeewfrXB_2BqrIej5kzIfaLPD2NcOntkzemld9LlzMU", "created_at": "2024-04-02T12:49:56.011Z", "expires_at": "2024-04-03T12:49:56Z"}}, {"model": "token_blacklist.outstandingtoken", "pk": 60, "fields": {"user": 43, "jti": "8d4c73e0d49f4f09af5fb8e06a6d4cc5", "token": "eyJhbGciOiJIUzI1NiIsInR5cCI6IkpXVCJ9.eyJ0b2tlbl90eXBlIjoicmVmcmVzaCIsImV4cCI6MTcxMjE1MjMwOCwiaWF0IjoxNzEyMDY1OTA4LCJqdGkiOiI4ZDRjNzNlMGQ0OWY0ZjA5YWY1ZmI4ZTA2YTZkNGNjNSIsInVzZXJfaWQiOjQzfQ.eLAoF6ANaUuwceb3LSnJgLk37N8GtbuuouRphXnYq9o", "created_at": "2024-04-02T13:51:48.191Z", "expires_at": "2024-04-03T13:51:48Z"}}, {"model": "token_blacklist.outstandingtoken", "pk": 61, "fields": {"user": 43, "jti": "a946e0687faa459095f5879ce5768d4c", "token": "eyJhbGciOiJIUzI1NiIsInR5cCI6IkpXVCJ9.eyJ0b2tlbl90eXBlIjoicmVmcmVzaCIsImV4cCI6MTcxMjE1NDY2NCwiaWF0IjoxNzEyMDY4MjY0LCJqdGkiOiJhOTQ2ZTA2ODdmYWE0NTkwOTVmNTg3OWNlNTc2OGQ0YyIsInVzZXJfaWQiOjQzfQ.W-wZjl8kydbh_6dXu3mXn741g_Uuba-UT8TVNLxk7OQ", "created_at": "2024-04-02T14:31:04.040Z", "expires_at": "2024-04-03T14:31:04Z"}}, {"model": "token_blacklist.outstandingtoken", "pk": 62, "fields": {"user": 43, "jti": "4caa0e4410584094aa3f907b514922f9", "token": "eyJhbGciOiJIUzI1NiIsInR5cCI6IkpXVCJ9.eyJ0b2tlbl90eXBlIjoicmVmcmVzaCIsImV4cCI6MTcxMjE5MTk3MCwiaWF0IjoxNzEyMTA1NTcwLCJqdGkiOiI0Y2FhMGU0NDEwNTg0MDk0YWEzZjkwN2I1MTQ5MjJmOSIsInVzZXJfaWQiOjQzfQ.-AUvEQmMs71QxkhnhyJx6Dk5G8_5hbbCz8CAgq3ZANg", "created_at": "2024-04-03T00:52:50.020Z", "expires_at": "2024-04-04T00:52:50Z"}}, {"model": "token_blacklist.outstandingtoken", "pk": 63, "fields": {"user": 43, "jti": "6838e7c188904edc9c3161075991dbe2", "token": "eyJhbGciOiJIUzI1NiIsInR5cCI6IkpXVCJ9.eyJ0b2tlbl90eXBlIjoicmVmcmVzaCIsImV4cCI6MTcxMjI0MTIzNiwiaWF0IjoxNzEyMTU0ODM2LCJqdGkiOiI2ODM4ZTdjMTg4OTA0ZWRjOWMzMTYxMDc1OTkxZGJlMiIsInVzZXJfaWQiOjQzfQ.tcP23F58z5oW9m7TZjrHBtr7FbKLlLKfrUe1ixmydLU", "created_at": "2024-04-03T14:33:56.667Z", "expires_at": "2024-04-04T14:33:56Z"}}, {"model": "token_blacklist.outstandingtoken", "pk": 64, "fields": {"user": 43, "jti": "44bc80e0a10f4c3e8b25be9a57ca3d2d", "token": "eyJhbGciOiJIUzI1NiIsInR5cCI6IkpXVCJ9.eyJ0b2tlbl90eXBlIjoicmVmcmVzaCIsImV4cCI6MTcxMjMyMDUwNCwiaWF0IjoxNzEyMjM0MTA0LCJqdGkiOiI0NGJjODBlMGExMGY0YzNlOGIyNWJlOWE1N2NhM2QyZCIsInVzZXJfaWQiOjQzfQ.JvPmXCev8Yc2qmUQFcRM_bNi4k1cllq0wmmmi-9VQ4M", "created_at": "2024-04-04T12:35:04.711Z", "expires_at": "2024-04-05T12:35:04Z"}}, {"model": "token_blacklist.outstandingtoken", "pk": 65, "fields": {"user": 43, "jti": "0bad09252db14e709e6e9bf6f6feb0bd", "token": "eyJhbGciOiJIUzI1NiIsInR5cCI6IkpXVCJ9.eyJ0b2tlbl90eXBlIjoicmVmcmVzaCIsImV4cCI6MTcxMjMyNDE1OCwiaWF0IjoxNzEyMjM3NzU4LCJqdGkiOiIwYmFkMDkyNTJkYjE0ZTcwOWU2ZTliZjZmNmZlYjBiZCIsInVzZXJfaWQiOjQzfQ.yrBXMlwFhexvQxP2GUQ2YCGLNH1X4ue8exoCpRa3EKE", "created_at": "2024-04-04T13:35:58.229Z", "expires_at": "2024-04-05T13:35:58Z"}}, {"model": "token_blacklist.outstandingtoken", "pk": 66, "fields": {"user": 43, "jti": "2210908dc4d74ade9232b7c909dd3a81", "token": "eyJhbGciOiJIUzI1NiIsInR5cCI6IkpXVCJ9.eyJ0b2tlbl90eXBlIjoicmVmcmVzaCIsImV4cCI6MTcxMjM2NDgxMSwiaWF0IjoxNzEyMjc4NDExLCJqdGkiOiIyMjEwOTA4ZGM0ZDc0YWRlOTIzMmI3YzkwOWRkM2E4MSIsInVzZXJfaWQiOjQzfQ.iVVJc-JzuMUJmzlxzaqtwntKVC-BMixQyr7_bZ2ht8A", "created_at": "2024-04-05T00:53:31.187Z", "expires_at": "2024-04-06T00:53:31Z"}}, {"model": "token_blacklist.outstandingtoken", "pk": 67, "fields": {"user": 42, "jti": "7902edc951444ed8afc536beebfc647d", "token": "eyJhbGciOiJIUzI1NiIsInR5cCI6IkpXVCJ9.eyJ0b2tlbl90eXBlIjoicmVmcmVzaCIsImV4cCI6MTcxMjM2NDg4OSwiaWF0IjoxNzEyMjc4NDg5LCJqdGkiOiI3OTAyZWRjOTUxNDQ0ZWQ4YWZjNTM2YmVlYmZjNjQ3ZCIsInVzZXJfaWQiOjQyfQ.Amp9wjKYsNd_p7F7tehpsVfRgA3Ae6_X6ABQ_LVGFvw", "created_at": "2024-04-05T00:54:49.939Z", "expires_at": "2024-04-06T00:54:49Z"}}, {"model": "token_blacklist.outstandingtoken", "pk": 68, "fields": {"user": 43, "jti": "3ef375082a5349f5aa956449eca2a5d4", "token": "eyJhbGciOiJIUzI1NiIsInR5cCI6IkpXVCJ9.eyJ0b2tlbl90eXBlIjoicmVmcmVzaCIsImV4cCI6MTcxMjM2NDkzNywiaWF0IjoxNzEyMjc4NTM3LCJqdGkiOiIzZWYzNzUwODJhNTM0OWY1YWE5NTY0NDllY2EyYTVkNCIsInVzZXJfaWQiOjQzfQ.vuUBwgGd_LcZtIMCZ4G3Kg9Vf7z4b28TLDh-_AEAkV0", "created_at": "2024-04-05T00:55:37.776Z", "expires_at": "2024-04-06T00:55:37Z"}}, {"model": "token_blacklist.outstandingtoken", "pk": 69, "fields": {"user": 42, "jti": "f8afd14fd3f64a4a9e96aba39de225f3", "token": "eyJhbGciOiJIUzI1NiIsInR5cCI6IkpXVCJ9.eyJ0b2tlbl90eXBlIjoicmVmcmVzaCIsImV4cCI6MTcxMjM2NTkwNSwiaWF0IjoxNzEyMjc5NTA1LCJqdGkiOiJmOGFmZDE0ZmQzZjY0YTRhOWU5NmFiYTM5ZGUyMjVmMyIsInVzZXJfaWQiOjQyfQ.Z_7pyOREl3Bq7nbLHwPjZAD7dqLTzM4SgQ3RzGJC0-w", "created_at": "2024-04-05T01:11:45.196Z", "expires_at": "2024-04-06T01:11:45Z"}}, {"model": "token_blacklist.outstandingtoken", "pk": 70, "fields": {"user": 43, "jti": "e08e0dc8b4544f12a1f84892b5d4ed3a", "token": "eyJhbGciOiJIUzI1NiIsInR5cCI6IkpXVCJ9.eyJ0b2tlbl90eXBlIjoicmVmcmVzaCIsImV4cCI6MTcxMjM2NjAxOCwiaWF0IjoxNzEyMjc5NjE4LCJqdGkiOiJlMDhlMGRjOGI0NTQ0ZjEyYTFmODQ4OTJiNWQ0ZWQzYSIsInVzZXJfaWQiOjQzfQ.qHsoK2XdR8fR4XF8jdPhSg4GG0CJZTNsZbZQabHs-5k", "created_at": "2024-04-05T01:13:38.391Z", "expires_at": "2024-04-06T01:13:38Z"}}, {"model": "token_blacklist.outstandingtoken", "pk": 71, "fields": {"user": 1, "jti": "0af83a766e5c44f4bd96a7f8aadc11c3", "token": "eyJhbGciOiJIUzI1NiIsInR5cCI6IkpXVCJ9.eyJ0b2tlbl90eXBlIjoicmVmcmVzaCIsImV4cCI6MTcxMjM2NjExOSwiaWF0IjoxNzEyMjc5NzE5LCJqdGkiOiIwYWY4M2E3NjZlNWM0NGY0YmQ5NmE3ZjhhYWRjMTFjMyIsInVzZXJfaWQiOjF9.o9SaloNDb32GcOfoiw4IjDfaZ0bjM0tnumdEvYKuN5c", "created_at": "2024-04-05T01:15:19.581Z", "expires_at": "2024-04-06T01:15:19Z"}}, {"model": "token_blacklist.outstandingtoken", "pk": 72, "fields": {"user": 43, "jti": "d91a493929a34b6089e0da233c44ea83", "token": "eyJhbGciOiJIUzI1NiIsInR5cCI6IkpXVCJ9.eyJ0b2tlbl90eXBlIjoicmVmcmVzaCIsImV4cCI6MTcxMjM2Nzk4OCwiaWF0IjoxNzEyMjgxNTg4LCJqdGkiOiJkOTFhNDkzOTI5YTM0YjYwODllMGRhMjMzYzQ0ZWE4MyIsInVzZXJfaWQiOjQzfQ.M6Cn66CobsIvx53sTpI7j4lZcTVdS9QV4lNa0uZ2irs", "created_at": "2024-04-05T01:46:28.893Z", "expires_at": "2024-04-06T01:46:28Z"}}, {"model": "token_blacklist.outstandingtoken", "pk": 73, "fields": {"user": 43, "jti": "cdd77a367358473dbc87ddf6db9330fa", "token": "eyJhbGciOiJIUzI1NiIsInR5cCI6IkpXVCJ9.eyJ0b2tlbl90eXBlIjoicmVmcmVzaCIsImV4cCI6MTcxMjM3MTUyNywiaWF0IjoxNzEyMjg1MTI3LCJqdGkiOiJjZGQ3N2EzNjczNTg0NzNkYmM4N2RkZjZkYjkzMzBmYSIsInVzZXJfaWQiOjQzfQ.oCtRad-TrwbR4FzokiGdCmhJtXztf1VBoUVdMp1fn4Y", "created_at": "2024-04-05T02:45:27.246Z", "expires_at": "2024-04-06T02:45:27Z"}}, {"model": "token_blacklist.outstandingtoken", "pk": 74, "fields": {"user": 43, "jti": "a1a49033842244ba97ddd127bf2dcdd6", "token": "eyJhbGciOiJIUzI1NiIsInR5cCI6IkpXVCJ9.eyJ0b2tlbl90eXBlIjoicmVmcmVzaCIsImV4cCI6MTcxMjM3MTkzOCwiaWF0IjoxNzEyMjg1NTM4LCJqdGkiOiJhMWE0OTAzMzg0MjI0NGJhOTdkZGQxMjdiZjJkY2RkNiIsInVzZXJfaWQiOjQzfQ.Anxfej2tTvBe17Ej_nuRdfv41kLs1dnP1ccTFjNnTsc", "created_at": "2024-04-05T02:52:18.909Z", "expires_at": "2024-04-06T02:52:18Z"}}, {"model": "token_blacklist.outstandingtoken", "pk": 75, "fields": {"user": 42, "jti": "46803750837d42b5bedad2e75d2f5da3", "token": "eyJhbGciOiJIUzI1NiIsInR5cCI6IkpXVCJ9.eyJ0b2tlbl90eXBlIjoicmVmcmVzaCIsImV4cCI6MTcxMjM3MjE4OSwiaWF0IjoxNzEyMjg1Nzg5LCJqdGkiOiI0NjgwMzc1MDgzN2Q0MmI1YmVkYWQyZTc1ZDJmNWRhMyIsInVzZXJfaWQiOjQyfQ.tspzPXXSKdJhhv9UtSOBoo9HL8PrQ4jnBxSVWZMVSpA", "created_at": "2024-04-05T02:56:29.428Z", "expires_at": "2024-04-06T02:56:29Z"}}, {"model": "token_blacklist.outstandingtoken", "pk": 76, "fields": {"user": 43, "jti": "ab221b3a551144ba9d85bfd565ee5a74", "token": "eyJhbGciOiJIUzI1NiIsInR5cCI6IkpXVCJ9.eyJ0b2tlbl90eXBlIjoicmVmcmVzaCIsImV4cCI6MTcxMjM3MzQ3MywiaWF0IjoxNzEyMjg3MDczLCJqdGkiOiJhYjIyMWIzYTU1MTE0NGJhOWQ4NWJmZDU2NWVlNWE3NCIsInVzZXJfaWQiOjQzfQ.cLN1tU4Uzpp1dOVtf-JdQsxXg1Bzz0cojYt1ciMXnss", "created_at": "2024-04-05T03:17:53.608Z", "expires_at": "2024-04-06T03:17:53Z"}}, {"model": "token_blacklist.outstandingtoken", "pk": 77, "fields": {"user": 43, "jti": "4609e484a0594fa393e6fe888d703ab4", "token": "eyJhbGciOiJIUzI1NiIsInR5cCI6IkpXVCJ9.eyJ0b2tlbl90eXBlIjoicmVmcmVzaCIsImV4cCI6MTcxMjM3Mzg0OCwiaWF0IjoxNzEyMjg3NDQ4LCJqdGkiOiI0NjA5ZTQ4NGEwNTk0ZmEzOTNlNmZlODg4ZDcwM2FiNCIsInVzZXJfaWQiOjQzfQ.X_nXSvk2zzmEcyZZX_Lonaaw1e0XHhgMn8UddWLTH5c", "created_at": "2024-04-05T03:24:08.549Z", "expires_at": "2024-04-06T03:24:08Z"}}, {"model": "token_blacklist.outstandingtoken", "pk": 78, "fields": {"user": 1, "jti": "80cd66df24c248eaab963e0db50a9ef3", "token": "eyJhbGciOiJIUzI1NiIsInR5cCI6IkpXVCJ9.eyJ0b2tlbl90eXBlIjoicmVmcmVzaCIsImV4cCI6MTcxMjM3NDM1NywiaWF0IjoxNzEyMjg3OTU3LCJqdGkiOiI4MGNkNjZkZjI0YzI0OGVhYWI5NjNlMGRiNTBhOWVmMyIsInVzZXJfaWQiOjF9.G85AXnDYeLjdC1yiztVEQrDVglxkElFCHGOCSNdjcsU", "created_at": "2024-04-05T03:32:37.656Z", "expires_at": "2024-04-06T03:32:37Z"}}, {"model": "token_blacklist.outstandingtoken", "pk": 79, "fields": {"user": 42, "jti": "a83fd8bee0ab41f3b7df5c8820c93a00", "token": "eyJhbGciOiJIUzI1NiIsInR5cCI6IkpXVCJ9.eyJ0b2tlbl90eXBlIjoicmVmcmVzaCIsImV4cCI6MTcxMjM3NjM2MiwiaWF0IjoxNzEyMjg5OTYyLCJqdGkiOiJhODNmZDhiZWUwYWI0MWYzYjdkZjVjODgyMGM5M2EwMCIsInVzZXJfaWQiOjQyfQ.UWUy8U2JovHN4ZgVNJCTytONNtHqD_wdxBRYqMsm07s", "created_at": "2024-04-05T04:06:02.143Z", "expires_at": "2024-04-06T04:06:02Z"}}, {"model": "token_blacklist.outstandingtoken", "pk": 80, "fields": {"user": 42, "jti": "f7aec926db9e4fbbbcf810d2d3d32828", "token": "eyJhbGciOiJIUzI1NiIsInR5cCI6IkpXVCJ9.eyJ0b2tlbl90eXBlIjoicmVmcmVzaCIsImV4cCI6MTcxMjM3NjM3NywiaWF0IjoxNzEyMjg5OTc3LCJqdGkiOiJmN2FlYzkyNmRiOWU0ZmJiYmNmODEwZDJkM2QzMjgyOCIsInVzZXJfaWQiOjQyfQ.AtA00AV7kFpZskHOk7RIqkU6jQViKm5dNXlmFQMQ9Y0", "created_at": "2024-04-05T04:06:17.364Z", "expires_at": "2024-04-06T04:06:17Z"}}, {"model": "token_blacklist.outstandingtoken", "pk": 81, "fields": {"user": 43, "jti": "0d774e24d2ce4b6b8d5eb3a00ab6d3c2", "token": "eyJhbGciOiJIUzI1NiIsInR5cCI6IkpXVCJ9.eyJ0b2tlbl90eXBlIjoicmVmcmVzaCIsImV4cCI6MTcxMjM5NzgzMCwiaWF0IjoxNzEyMzExNDMwLCJqdGkiOiIwZDc3NGUyNGQyY2U0YjZiOGQ1ZWIzYTAwYWI2ZDNjMiIsInVzZXJfaWQiOjQzfQ.elwxUFtMRziJmyJ3OQiVEONkXOQdxMsmT9ONy72aEn0", "created_at": "2024-04-05T10:03:50.156Z", "expires_at": "2024-04-06T10:03:50Z"}}, {"model": "token_blacklist.outstandingtoken", "pk": 82, "fields": {"user": 43, "jti": "3cf4e0d18f0248e5bc5370dfdc019596", "token": "eyJhbGciOiJIUzI1NiIsInR5cCI6IkpXVCJ9.eyJ0b2tlbl90eXBlIjoicmVmcmVzaCIsImV4cCI6MTcxMjQwMTg3MSwiaWF0IjoxNzEyMzE1NDcxLCJqdGkiOiIzY2Y0ZTBkMThmMDI0OGU1YmM1MzcwZGZkYzAxOTU5NiIsInVzZXJfaWQiOjQzfQ.iT1fT3ojUm3pEXQaZijq5-g9sawDFA-Go1lyLH8wP7s", "created_at": "2024-04-05T11:11:11.330Z", "expires_at": "2024-04-06T11:11:11Z"}}, {"model": "token_blacklist.outstandingtoken", "pk": 83, "fields": {"user": 43, "jti": "255a3bec745340f6a35774daba001506", "token": "eyJhbGciOiJIUzI1NiIsInR5cCI6IkpXVCJ9.eyJ0b2tlbl90eXBlIjoicmVmcmVzaCIsImV4cCI6MTcxMjQwMTg3MiwiaWF0IjoxNzEyMzE1NDcyLCJqdGkiOiIyNTVhM2JlYzc0NTM0MGY2YTM1Nzc0ZGFiYTAwMTUwNiIsInVzZXJfaWQiOjQzfQ.zrx1c0DrA9X5Fl527bbZwA5EtT41JoBMYT4kkuIFlAY", "created_at": "2024-04-05T11:11:12.104Z", "expires_at": "2024-04-06T11:11:12Z"}}, {"model": "token_blacklist.outstandingtoken", "pk": 84, "fields": {"user": 43, "jti": "e8903b85366443288f528dbc20fe0879", "token": "eyJhbGciOiJIUzI1NiIsInR5cCI6IkpXVCJ9.eyJ0b2tlbl90eXBlIjoicmVmcmVzaCIsImV4cCI6MTcxMjQwMTg5NiwiaWF0IjoxNzEyMzE1NDk2LCJqdGkiOiJlODkwM2I4NTM2NjQ0MzI4OGY1MjhkYmMyMGZlMDg3OSIsInVzZXJfaWQiOjQzfQ.7vvFnv74SpGO_3nYYONkbYBJ5Yz_cOEx52-eECmpKns", "created_at": "2024-04-05T11:11:36.037Z", "expires_at": "2024-04-06T11:11:36Z"}}, {"model": "token_blacklist.outstandingtoken", "pk": 85, "fields": {"user": 43, "jti": "4a5dea056e2648638a651724e82236ee", "token": "eyJhbGciOiJIUzI1NiIsInR5cCI6IkpXVCJ9.eyJ0b2tlbl90eXBlIjoicmVmcmVzaCIsImV4cCI6MTcxMjQwMjQ4MCwiaWF0IjoxNzEyMzE2MDgwLCJqdGkiOiI0YTVkZWEwNTZlMjY0ODYzOGE2NTE3MjRlODIyMzZlZSIsInVzZXJfaWQiOjQzfQ.mL2wDh1ShHVQKGzD3SKsw13WeBUWgZLYpD89le1XMEg", "created_at": "2024-04-05T11:21:20.153Z", "expires_at": "2024-04-06T11:21:20Z"}}, {"model": "token_blacklist.outstandingtoken", "pk": 86, "fields": {"user": 42, "jti": "2bc700bff586433da503f3fe48743d63", "token": "eyJhbGciOiJIUzI1NiIsInR5cCI6IkpXVCJ9.eyJ0b2tlbl90eXBlIjoicmVmcmVzaCIsImV4cCI6MTcxMjQwMjY4OSwiaWF0IjoxNzEyMzE2Mjg5LCJqdGkiOiIyYmM3MDBiZmY1ODY0MzNkYTUwM2YzZmU0ODc0M2Q2MyIsInVzZXJfaWQiOjQyfQ.WmYsXPeXJud8nsnvgpin3iOOXRd2UJ0uj9QKzK4s5Bk", "created_at": "2024-04-05T11:24:49.843Z", "expires_at": "2024-04-06T11:24:49Z"}}, {"model": "token_blacklist.outstandingtoken", "pk": 87, "fields": {"user": 1, "jti": "a433b5fd7a9441a49768716fcbf18fc5", "token": "eyJhbGciOiJIUzI1NiIsInR5cCI6IkpXVCJ9.eyJ0b2tlbl90eXBlIjoicmVmcmVzaCIsImV4cCI6MTcxMjQwMjc0NywiaWF0IjoxNzEyMzE2MzQ3LCJqdGkiOiJhNDMzYjVmZDdhOTQ0MWE0OTc2ODcxNmZjYmYxOGZjNSIsInVzZXJfaWQiOjF9.aJ0Z9H-c6a4gtPw95tllmyc4wQlGq2O-GPMw0rMEqls", "created_at": "2024-04-05T11:25:47.210Z", "expires_at": "2024-04-06T11:25:47Z"}}, {"model": "token_blacklist.outstandingtoken", "pk": 88, "fields": {"user": 43, "jti": "23dd3fc8c9f04c65a285370370dd0785", "token": "eyJhbGciOiJIUzI1NiIsInR5cCI6IkpXVCJ9.eyJ0b2tlbl90eXBlIjoicmVmcmVzaCIsImV4cCI6MTcxMjQwNTY0NSwiaWF0IjoxNzEyMzE5MjQ1LCJqdGkiOiIyM2RkM2ZjOGM5ZjA0YzY1YTI4NTM3MDM3MGRkMDc4NSIsInVzZXJfaWQiOjQzfQ.e1VRjz8tWWA9_KvANlNKx8NlnyhLyzY413tmZFMA1Q4", "created_at": "2024-04-05T12:14:05.875Z", "expires_at": "2024-04-06T12:14:05Z"}}, {"model": "token_blacklist.outstandingtoken", "pk": 89, "fields": {"user": 1, "jti": "5257feb474f54beb8da58b7a5f42b622", "token": "eyJhbGciOiJIUzI1NiIsInR5cCI6IkpXVCJ9.eyJ0b2tlbl90eXBlIjoicmVmcmVzaCIsImV4cCI6MTcxMjQwNTc3NywiaWF0IjoxNzEyMzE5Mzc3LCJqdGkiOiI1MjU3ZmViNDc0ZjU0YmViOGRhNThiN2E1ZjQyYjYyMiIsInVzZXJfaWQiOjF9.mivo2CUtSRgQ-pcZuTw3280k9gmOiFC7K4Nkud82vSM", "created_at": "2024-04-05T12:16:17.660Z", "expires_at": "2024-04-06T12:16:17Z"}}, {"model": "token_blacklist.outstandingtoken", "pk": 90, "fields": {"user": 43, "jti": "033ff26ca33b4db0b8931e47c403c402", "token": "eyJhbGciOiJIUzI1NiIsInR5cCI6IkpXVCJ9.eyJ0b2tlbl90eXBlIjoicmVmcmVzaCIsImV4cCI6MTcxMjQwNzM5NCwiaWF0IjoxNzEyMzIwOTk0LCJqdGkiOiIwMzNmZjI2Y2EzM2I0ZGIwYjg5MzFlNDdjNDAzYzQwMiIsInVzZXJfaWQiOjQzfQ.6QBWLkicEYkKDS0-4viKqL_d-w3a9Oa9aVQB7LgAp2w", "created_at": "2024-04-05T12:43:14.473Z", "expires_at": "2024-04-06T12:43:14Z"}}, {"model": "token_blacklist.outstandingtoken", "pk": 91, "fields": {"user": 43, "jti": "4a153439370644ffba26286dce45b294", "token": "eyJhbGciOiJIUzI1NiIsInR5cCI6IkpXVCJ9.eyJ0b2tlbl90eXBlIjoicmVmcmVzaCIsImV4cCI6MTcxMjQwNzQ0OSwiaWF0IjoxNzEyMzIxMDQ5LCJqdGkiOiI0YTE1MzQzOTM3MDY0NGZmYmEyNjI4NmRjZTQ1YjI5NCIsInVzZXJfaWQiOjQzfQ.fHyGJPUoSABMgwa3WS8dD7jA1oySr1tjCRVqv4TaV8A", "created_at": "2024-04-05T12:44:09.368Z", "expires_at": "2024-04-06T12:44:09Z"}}, {"model": "token_blacklist.outstandingtoken", "pk": 92, "fields": {"user": 1, "jti": "38b289cad6f5489eb025d85de493e2ed", "token": "eyJhbGciOiJIUzI1NiIsInR5cCI6IkpXVCJ9.eyJ0b2tlbl90eXBlIjoicmVmcmVzaCIsImV4cCI6MTcxMjQxMDM2NywiaWF0IjoxNzEyMzIzOTY3LCJqdGkiOiIzOGIyODljYWQ2ZjU0ODllYjAyNWQ4NWRlNDkzZTJlZCIsInVzZXJfaWQiOjF9.Gv3IYXMObW_4Zq3Wzhb35r2ylfP-zl2Moy1sBEdsuAE", "created_at": "2024-04-05T13:32:47.829Z", "expires_at": "2024-04-06T13:32:47Z"}}, {"model": "token_blacklist.outstandingtoken", "pk": 93, "fields": {"user": 42, "jti": "6662e5921eea4bb680b6ac5f9bc1dfc5", "token": "eyJhbGciOiJIUzI1NiIsInR5cCI6IkpXVCJ9.eyJ0b2tlbl90eXBlIjoicmVmcmVzaCIsImV4cCI6MTcxMjQxMTA4NSwiaWF0IjoxNzEyMzI0Njg1LCJqdGkiOiI2NjYyZTU5MjFlZWE0YmI2ODBiNmFjNWY5YmMxZGZjNSIsInVzZXJfaWQiOjQyfQ.qiTmIu2IiK5cjfpses_ZgNZ8HgQfJSala2nFZ9jvN3E", "created_at": "2024-04-05T13:44:45.451Z", "expires_at": "2024-04-06T13:44:45Z"}}, {"model": "token_blacklist.outstandingtoken", "pk": 94, "fields": {"user": 43, "jti": "21648a1487b04c8b94aba3eb834816fb", "token": "eyJhbGciOiJIUzI1NiIsInR5cCI6IkpXVCJ9.eyJ0b2tlbl90eXBlIjoicmVmcmVzaCIsImV4cCI6MTcxMjQxMTI2NSwiaWF0IjoxNzEyMzI0ODY1LCJqdGkiOiIyMTY0OGExNDg3YjA0YzhiOTRhYmEzZWI4MzQ4MTZmYiIsInVzZXJfaWQiOjQzfQ.cTgY0QWBz7ixdH2tbI82rRcwqPen_VpaROVd_iTtu_I", "created_at": "2024-04-05T13:47:45.289Z", "expires_at": "2024-04-06T13:47:45Z"}}, {"model": "token_blacklist.outstandingtoken", "pk": 95, "fields": {"user": 42, "jti": "b1bd276ca4214e7cbd98251ced6cf53f", "token": "eyJhbGciOiJIUzI1NiIsInR5cCI6IkpXVCJ9.eyJ0b2tlbl90eXBlIjoicmVmcmVzaCIsImV4cCI6MTcxMjQxMTQzOSwiaWF0IjoxNzEyMzI1MDM5LCJqdGkiOiJiMWJkMjc2Y2E0MjE0ZTdjYmQ5ODI1MWNlZDZjZjUzZiIsInVzZXJfaWQiOjQyfQ.9E298UODmeS8zq1fAMUlnGEvVrdV55zgBOF7N-U3bgY", "created_at": "2024-04-05T13:50:39.951Z", "expires_at": "2024-04-06T13:50:39Z"}}, {"model": "token_blacklist.outstandingtoken", "pk": 96, "fields": {"user": 43, "jti": "da5c319f2c34415bbbaeb218a6ecb735", "token": "eyJhbGciOiJIUzI1NiIsInR5cCI6IkpXVCJ9.eyJ0b2tlbl90eXBlIjoicmVmcmVzaCIsImV4cCI6MTcxMjQxMjEwMiwiaWF0IjoxNzEyMzI1NzAyLCJqdGkiOiJkYTVjMzE5ZjJjMzQ0MTViYmJhZWIyMThhNmVjYjczNSIsInVzZXJfaWQiOjQzfQ.IcNWnGfp9pFI8r-HSCHgqg-DNmYsNJtXVWieNtr1yBA", "created_at": "2024-04-05T14:01:42.306Z", "expires_at": "2024-04-06T14:01:42Z"}}, {"model": "token_blacklist.outstandingtoken", "pk": 97, "fields": {"user": 1, "jti": "a57599f35ff34638ac0308a5ff9f6f29", "token": "eyJhbGciOiJIUzI1NiIsInR5cCI6IkpXVCJ9.eyJ0b2tlbl90eXBlIjoicmVmcmVzaCIsImV4cCI6MTcxMjQxMzc4NywiaWF0IjoxNzEyMzI3Mzg3LCJqdGkiOiJhNTc1OTlmMzVmZjM0NjM4YWMwMzA4YTVmZjlmNmYyOSIsInVzZXJfaWQiOjF9.p1nnDU3JQBo73ghvDyfkkXF3p-WF-JoDt3vknFZqauQ", "created_at": "2024-04-05T14:29:47.301Z", "expires_at": "2024-04-06T14:29:47Z"}}, {"model": "token_blacklist.outstandingtoken", "pk": 98, "fields": {"user": 1, "jti": "50987b0a3c2d4df6a773df98b1fe6ffb", "token": "eyJhbGciOiJIUzI1NiIsInR5cCI6IkpXVCJ9.eyJ0b2tlbl90eXBlIjoicmVmcmVzaCIsImV4cCI6MTcxMjQxNTY2MywiaWF0IjoxNzEyMzI5MjYzLCJqdGkiOiI1MDk4N2IwYTNjMmQ0ZGY2YTc3M2RmOThiMWZlNmZmYiIsInVzZXJfaWQiOjF9.UXfmB7otDBOg_5Ijnf2gYWhe6AUdN2H3zJI8mM22g8M", "created_at": "2024-04-05T15:01:03.550Z", "expires_at": "2024-04-06T15:01:03Z"}}, {"model": "token_blacklist.outstandingtoken", "pk": 99, "fields": {"user": 1, "jti": "bb2b7d6eba184629b4e1c40e2f700095", "token": "eyJhbGciOiJIUzI1NiIsInR5cCI6IkpXVCJ9.eyJ0b2tlbl90eXBlIjoicmVmcmVzaCIsImV4cCI6MTcxMjQyMjM1NiwiaWF0IjoxNzEyMzM1OTU2LCJqdGkiOiJiYjJiN2Q2ZWJhMTg0NjI5YjRlMWM0MGUyZjcwMDA5NSIsInVzZXJfaWQiOjF9.OALncVor2z5J6JXWakyyLsMOWH8BnS92Vey6U65HWRs", "created_at": "2024-04-05T16:52:36.780Z", "expires_at": "2024-04-06T16:52:36Z"}}, {"model": "token_blacklist.outstandingtoken", "pk": 100, "fields": {"user": 1, "jti": "d117d412f9474194aae5f3c2a56b723b", "token": "eyJhbGciOiJIUzI1NiIsInR5cCI6IkpXVCJ9.eyJ0b2tlbl90eXBlIjoicmVmcmVzaCIsImV4cCI6MTcxMjQyMjg0MCwiaWF0IjoxNzEyMzM2NDQwLCJqdGkiOiJkMTE3ZDQxMmY5NDc0MTk0YWFlNWYzYzJhNTZiNzIzYiIsInVzZXJfaWQiOjF9.5KAv4LvyiB0VoAUyX2E4yB1JRacwOVb4_6zIoXUqWSY", "created_at": "2024-04-05T17:00:40.991Z", "expires_at": "2024-04-06T17:00:40Z"}}, {"model": "token_blacklist.outstandingtoken", "pk": 101, "fields": {"user": 1, "jti": "f7038e994b2a43a9967eed8dddf2a83d", "token": "eyJhbGciOiJIUzI1NiIsInR5cCI6IkpXVCJ9.eyJ0b2tlbl90eXBlIjoicmVmcmVzaCIsImV4cCI6MTcxMjQyNDc1MCwiaWF0IjoxNzEyMzM4MzUwLCJqdGkiOiJmNzAzOGU5OTRiMmE0M2E5OTY3ZWVkOGRkZGYyYTgzZCIsInVzZXJfaWQiOjF9.mJ5wB_U5fpahLP9vfaDN36tlO-hFjgZZAPdIAG9WaFM", "created_at": "2024-04-05T17:32:30.186Z", "expires_at": "2024-04-06T17:32:30Z"}}, {"model": "token_blacklist.outstandingtoken", "pk": 102, "fields": {"user": 1, "jti": "bb34809081274d15b1240e4021ca2553", "token": "eyJhbGciOiJIUzI1NiIsInR5cCI6IkpXVCJ9.eyJ0b2tlbl90eXBlIjoicmVmcmVzaCIsImV4cCI6MTcxMjQyNTc2NywiaWF0IjoxNzEyMzM5MzY3LCJqdGkiOiJiYjM0ODA5MDgxMjc0ZDE1YjEyNDBlNDAyMWNhMjU1MyIsInVzZXJfaWQiOjF9.t_TWPBsC76TVh7Oi9uDRycjEDznyfKjqVD8AKP8JIqA", "created_at": "2024-04-05T17:49:27.066Z", "expires_at": "2024-04-06T17:49:27Z"}}, {"model": "token_blacklist.outstandingtoken", "pk": 103, "fields": {"user": 1, "jti": "ec6efc4c1d114854a9e2e9b0314b75e0", "token": "eyJhbGciOiJIUzI1NiIsInR5cCI6IkpXVCJ9.eyJ0b2tlbl90eXBlIjoicmVmcmVzaCIsImV4cCI6MTcxMjQyNTc2NywiaWF0IjoxNzEyMzM5MzY3LCJqdGkiOiJlYzZlZmM0YzFkMTE0ODU0YTllMmU5YjAzMTRiNzVlMCIsInVzZXJfaWQiOjF9.2oNRqWu0BGezNGT-8nErb3gItWSVx5wN7DY_jCyEW44", "created_at": "2024-04-05T17:49:27.352Z", "expires_at": "2024-04-06T17:49:27Z"}}, {"model": "token_blacklist.outstandingtoken", "pk": 104, "fields": {"user": 43, "jti": "bdf29bbef3074c3ab4b13a228e5ee40d", "token": "eyJhbGciOiJIUzI1NiIsInR5cCI6IkpXVCJ9.eyJ0b2tlbl90eXBlIjoicmVmcmVzaCIsImV4cCI6MTcxMjQyNzE1NywiaWF0IjoxNzEyMzQwNzU3LCJqdGkiOiJiZGYyOWJiZWYzMDc0YzNhYjRiMTNhMjI4ZTVlZTQwZCIsInVzZXJfaWQiOjQzfQ.PV0gj_8Rz6chrhXVFhgqHHBJV5123Bi9skv5T4aFPh4", "created_at": "2024-04-05T18:12:37.581Z", "expires_at": "2024-04-06T18:12:37Z"}}, {"model": "token_blacklist.outstandingtoken", "pk": 105, "fields": {"user": 1, "jti": "c55bb9c75f5c4b6382a1c340e5640d5d", "token": "eyJhbGciOiJIUzI1NiIsInR5cCI6IkpXVCJ9.eyJ0b2tlbl90eXBlIjoicmVmcmVzaCIsImV4cCI6MTcxMjQyNzQ3MCwiaWF0IjoxNzEyMzQxMDcwLCJqdGkiOiJjNTViYjljNzVmNWM0YjYzODJhMWMzNDBlNTY0MGQ1ZCIsInVzZXJfaWQiOjF9.Y0QX6ZsENtgaxReWqbo7_GT_chTffZk4uPGEb7NZbcs", "created_at": "2024-04-05T18:17:50.956Z", "expires_at": "2024-04-06T18:17:50Z"}}, {"model": "token_blacklist.outstandingtoken", "pk": 106, "fields": {"user": 1, "jti": "2f22b3522a5b4c43a321a219ce054bf1", "token": "eyJhbGciOiJIUzI1NiIsInR5cCI6IkpXVCJ9.eyJ0b2tlbl90eXBlIjoicmVmcmVzaCIsImV4cCI6MTcxMjQyNzQ3MSwiaWF0IjoxNzEyMzQxMDcxLCJqdGkiOiIyZjIyYjM1MjJhNWI0YzQzYTMyMWEyMTljZTA1NGJmMSIsInVzZXJfaWQiOjF9.a5KZBXnHS1alefxEYHgx5Qbo9K8MzhwA4zRKItfe11Y", "created_at": "2024-04-05T18:17:51.338Z", "expires_at": "2024-04-06T18:17:51Z"}}, {"model": "token_blacklist.outstandingtoken", "pk": 107, "fields": {"user": 43, "jti": "318b348f4d654efebf686d3c77d2900b", "token": "eyJhbGciOiJIUzI1NiIsInR5cCI6IkpXVCJ9.eyJ0b2tlbl90eXBlIjoicmVmcmVzaCIsImV4cCI6MTcxMjQ1NDU2MCwiaWF0IjoxNzEyMzY4MTYwLCJqdGkiOiIzMThiMzQ4ZjRkNjU0ZWZlYmY2ODZkM2M3N2QyOTAwYiIsInVzZXJfaWQiOjQzfQ.THmexxCJ5K8yz_apMi1T56P_BhCFX4z7rvXyDtxN-P8", "created_at": "2024-04-06T01:49:20.351Z", "expires_at": "2024-04-07T01:49:20Z"}}, {"model": "token_blacklist.outstandingtoken", "pk": 108, "fields": {"user": 43, "jti": "84fbfb43c0cb48228c23f319260d444e", "token": "eyJhbGciOiJIUzI1NiIsInR5cCI6IkpXVCJ9.eyJ0b2tlbl90eXBlIjoicmVmcmVzaCIsImV4cCI6MTcxMjQ1ODMyNSwiaWF0IjoxNzEyMzcxOTI1LCJqdGkiOiI4NGZiZmI0M2MwY2I0ODIyOGMyM2YzMTkyNjBkNDQ0ZSIsInVzZXJfaWQiOjQzfQ.OBo6BACdJwoWIVxr11fNz8U_XGjyh9kQWyyd3RDM6vs", "created_at": "2024-04-06T02:52:05.637Z", "expires_at": "2024-04-07T02:52:05Z"}}, {"model": "token_blacklist.outstandingtoken", "pk": 109, "fields": {"user": 43, "jti": "85d846d7955747c48a78018f7a94c6a6", "token": "eyJhbGciOiJIUzI1NiIsInR5cCI6IkpXVCJ9.eyJ0b2tlbl90eXBlIjoicmVmcmVzaCIsImV4cCI6MTcxMjQ2NjEwNSwiaWF0IjoxNzEyMzc5NzA1LCJqdGkiOiI4NWQ4NDZkNzk1NTc0N2M0OGE3ODAxOGY3YTk0YzZhNiIsInVzZXJfaWQiOjQzfQ.DUrBINZ6OEr-lbQBhZVN0Xt3WS6KpLoVQoMgjJ6b--c", "created_at": "2024-04-06T05:01:45.740Z", "expires_at": "2024-04-07T05:01:45Z"}}, {"model": "token_blacklist.outstandingtoken", "pk": 110, "fields": {"user": 43, "jti": "4f562cfcd3984002a4cbd4c7ef203869", "token": "eyJhbGciOiJIUzI1NiIsInR5cCI6IkpXVCJ9.eyJ0b2tlbl90eXBlIjoicmVmcmVzaCIsImV4cCI6MTcxMjQ2NjEwOCwiaWF0IjoxNzEyMzc5NzA4LCJqdGkiOiI0ZjU2MmNmY2QzOTg0MDAyYTRjYmQ0YzdlZjIwMzg2OSIsInVzZXJfaWQiOjQzfQ.11eY6jbE0e7ps_vhAJmcYpMNkTDEOwOKj9DXthVSDT0", "created_at": "2024-04-06T05:01:48.524Z", "expires_at": "2024-04-07T05:01:48Z"}}, {"model": "token_blacklist.outstandingtoken", "pk": 111, "fields": {"user": 42, "jti": "88dc1bd594e6452f86d2b83a4573f0fc", "token": "eyJhbGciOiJIUzI1NiIsInR5cCI6IkpXVCJ9.eyJ0b2tlbl90eXBlIjoicmVmcmVzaCIsImV4cCI6MTcxMjQ2NjI2MCwiaWF0IjoxNzEyMzc5ODYwLCJqdGkiOiI4OGRjMWJkNTk0ZTY0NTJmODZkMmI4M2E0NTczZjBmYyIsInVzZXJfaWQiOjQyfQ.H_JaxhpEBMDT4opOaoZO1RYzTftx80YYI0T-hSeRiPo", "created_at": "2024-04-06T05:04:20.306Z", "expires_at": "2024-04-07T05:04:20Z"}}, {"model": "token_blacklist.outstandingtoken", "pk": 112, "fields": {"user": 43, "jti": "54a8ba58663e48a086956ecd6aad6d1d", "token": "eyJhbGciOiJIUzI1NiIsInR5cCI6IkpXVCJ9.eyJ0b2tlbl90eXBlIjoicmVmcmVzaCIsImV4cCI6MTcxMjQ2NzA1NiwiaWF0IjoxNzEyMzgwNjU2LCJqdGkiOiI1NGE4YmE1ODY2M2U0OGEwODY5NTZlY2Q2YWFkNmQxZCIsInVzZXJfaWQiOjQzfQ.7SAAz86u2_xrM6eUVuAHbQjGgjny6t-bv-O9X4Yq2rk", "created_at": "2024-04-06T05:17:36.308Z", "expires_at": "2024-04-07T05:17:36Z"}}, {"model": "token_blacklist.outstandingtoken", "pk": 113, "fields": {"user": 43, "jti": "cfbb144dbd1e43a6bccdd6bb5b2b4922", "token": "eyJhbGciOiJIUzI1NiIsInR5cCI6IkpXVCJ9.eyJ0b2tlbl90eXBlIjoicmVmcmVzaCIsImV4cCI6MTcxMjQ2NzYyNSwiaWF0IjoxNzEyMzgxMjI1LCJqdGkiOiJjZmJiMTQ0ZGJkMWU0M2E2YmNjZGQ2YmI1YjJiNDkyMiIsInVzZXJfaWQiOjQzfQ.nvjM1t3TnMJKMcC3IhlfeyoLqD2XJuwSBGs9RilY3zc", "created_at": "2024-04-06T05:27:05.218Z", "expires_at": "2024-04-07T05:27:05Z"}}, {"model": "token_blacklist.outstandingtoken", "pk": 114, "fields": {"user": 42, "jti": "7b519c9866e24ce0bce8c85db90b6736", "token": "eyJhbGciOiJIUzI1NiIsInR5cCI6IkpXVCJ9.eyJ0b2tlbl90eXBlIjoicmVmcmVzaCIsImV4cCI6MTcxMjQ2NzY0MCwiaWF0IjoxNzEyMzgxMjQwLCJqdGkiOiI3YjUxOWM5ODY2ZTI0Y2UwYmNlOGM4NWRiOTBiNjczNiIsInVzZXJfaWQiOjQyfQ.rB2yp6IWRi6KX_3zZEFkGJJXW13_erd9D4xVFtfGVrM", "created_at": "2024-04-06T05:27:20.369Z", "expires_at": "2024-04-07T05:27:20Z"}}, {"model": "token_blacklist.outstandingtoken", "pk": 115, "fields": {"user": 43, "jti": "d9b1b5b61f554994ad584f379a575254", "token": "eyJhbGciOiJIUzI1NiIsInR5cCI6IkpXVCJ9.eyJ0b2tlbl90eXBlIjoicmVmcmVzaCIsImV4cCI6MTcxMjQ2ODE2MSwiaWF0IjoxNzEyMzgxNzYxLCJqdGkiOiJkOWIxYjViNjFmNTU0OTk0YWQ1ODRmMzc5YTU3NTI1NCIsInVzZXJfaWQiOjQzfQ.zzbdC0Rveszo9F9D5ReTsbitjqhzlq4BKdvLmfYlklw", "created_at": "2024-04-06T05:36:01.833Z", "expires_at": "2024-04-07T05:36:01Z"}}, {"model": "token_blacklist.outstandingtoken", "pk": 116, "fields": {"user": 42, "jti": "12771e7075fb46c78cd708f43f2e934d", "token": "eyJhbGciOiJIUzI1NiIsInR5cCI6IkpXVCJ9.eyJ0b2tlbl90eXBlIjoicmVmcmVzaCIsImV4cCI6MTcxMjQ2ODQ1NCwiaWF0IjoxNzEyMzgyMDU0LCJqdGkiOiIxMjc3MWU3MDc1ZmI0NmM3OGNkNzA4ZjQzZjJlOTM0ZCIsInVzZXJfaWQiOjQyfQ.CQUlIn1AVEtJU7traeqbsJIXVt4iBxBx-hZG-3ybiIs", "created_at": "2024-04-06T05:40:54.164Z", "expires_at": "2024-04-07T05:40:54Z"}}, {"model": "token_blacklist.outstandingtoken", "pk": 117, "fields": {"user": 43, "jti": "eec1986646d9442096f35cac657af8cd", "token": "eyJhbGciOiJIUzI1NiIsInR5cCI6IkpXVCJ9.eyJ0b2tlbl90eXBlIjoicmVmcmVzaCIsImV4cCI6MTcxMjUwMTE1MiwiaWF0IjoxNzEyNDE0NzUyLCJqdGkiOiJlZWMxOTg2NjQ2ZDk0NDIwOTZmMzVjYWM2NTdhZjhjZCIsInVzZXJfaWQiOjQzfQ.0TAyaFwG0XHMhmdQfrPU0Qn3rkMbtrV3DtNtZ6Az6Bk", "created_at": "2024-04-06T14:45:52.175Z", "expires_at": "2024-04-07T14:45:52Z"}}, {"model": "token_blacklist.outstandingtoken", "pk": 118, "fields": {"user": 42, "jti": "fadbdd9942a84440bbbda3caf2c113c9", "token": "eyJhbGciOiJIUzI1NiIsInR5cCI6IkpXVCJ9.eyJ0b2tlbl90eXBlIjoicmVmcmVzaCIsImV4cCI6MTcxMjUwMTI3NSwiaWF0IjoxNzEyNDE0ODc1LCJqdGkiOiJmYWRiZGQ5OTQyYTg0NDQwYmJiZGEzY2FmMmMxMTNjOSIsInVzZXJfaWQiOjQyfQ.utS52pMVFsY2Clbb9ZonY9qp2vkKfTXWyCSC8_lJEJs", "created_at": "2024-04-06T14:47:55.877Z", "expires_at": "2024-04-07T14:47:55Z"}}, {"model": "token_blacklist.outstandingtoken", "pk": 119, "fields": {"user": 43, "jti": "8fcb913bb26e44a28fce28a6de6c723c", "token": "eyJhbGciOiJIUzI1NiIsInR5cCI6IkpXVCJ9.eyJ0b2tlbl90eXBlIjoicmVmcmVzaCIsImV4cCI6MTcxMjUwMTYxNSwiaWF0IjoxNzEyNDE1MjE1LCJqdGkiOiI4ZmNiOTEzYmIyNmU0NGEyOGZjZTI4YTZkZTZjNzIzYyIsInVzZXJfaWQiOjQzfQ.iPZM5XDwsDtVN7Zv3e-Vey9s1WxRw5q3QkGNDLUiyks", "created_at": "2024-04-06T14:53:35.170Z", "expires_at": "2024-04-07T14:53:35Z"}}, {"model": "token_blacklist.outstandingtoken", "pk": 120, "fields": {"user": 1, "jti": "f5fa3641862e47e5bb6536e3d31c36c5", "token": "eyJhbGciOiJIUzI1NiIsInR5cCI6IkpXVCJ9.eyJ0b2tlbl90eXBlIjoicmVmcmVzaCIsImV4cCI6MTcxMjUwMTY1NSwiaWF0IjoxNzEyNDE1MjU1LCJqdGkiOiJmNWZhMzY0MTg2MmU0N2U1YmI2NTM2ZTNkMzFjMzZjNSIsInVzZXJfaWQiOjF9.12p8C7p4FA_3x8KigJq8dYw9sQjlqkuGITZhwoRFsZs", "created_at": "2024-04-06T14:54:15.578Z", "expires_at": "2024-04-07T14:54:15Z"}}, {"model": "token_blacklist.outstandingtoken", "pk": 121, "fields": {"user": 43, "jti": "15089c5466b54c738de800be70dc5758", "token": "eyJhbGciOiJIUzI1NiIsInR5cCI6IkpXVCJ9.eyJ0b2tlbl90eXBlIjoicmVmcmVzaCIsImV4cCI6MTcxMjYyMTQ2NCwiaWF0IjoxNzEyNTM1MDY0LCJqdGkiOiIxNTA4OWM1NDY2YjU0YzczOGRlODAwYmU3MGRjNTc1OCIsInVzZXJfaWQiOjQzfQ.XWkLhP-ltQX5lQPGeevF6lr0vzAK3MM3462YXZk3ahg", "created_at": "2024-04-08T00:11:04.260Z", "expires_at": "2024-04-09T00:11:04Z"}}, {"model": "token_blacklist.outstandingtoken", "pk": 122, "fields": {"user": 1, "jti": "0ecd50b5467d4c88b69bd5b3e75d7005", "token": "eyJhbGciOiJIUzI1NiIsInR5cCI6IkpXVCJ9.eyJ0b2tlbl90eXBlIjoicmVmcmVzaCIsImV4cCI6MTcxMjYyMTU0NSwiaWF0IjoxNzEyNTM1MTQ1LCJqdGkiOiIwZWNkNTBiNTQ2N2Q0Yzg4YjY5YmQ1YjNlNzVkNzAwNSIsInVzZXJfaWQiOjF9.sVNOazX4nWM9qEe2l4dIMN7Jl11vexg_wqBvPOY12t8", "created_at": "2024-04-08T00:12:25.653Z", "expires_at": "2024-04-09T00:12:25Z"}}, {"model": "token_blacklist.outstandingtoken", "pk": 123, "fields": {"user": 42, "jti": "a90e403b45e24e11984eb13c0b36e26b", "token": "eyJhbGciOiJIUzI1NiIsInR5cCI6IkpXVCJ9.eyJ0b2tlbl90eXBlIjoicmVmcmVzaCIsImV4cCI6MTcxMjYyMzMxOCwiaWF0IjoxNzEyNTM2OTE4LCJqdGkiOiJhOTBlNDAzYjQ1ZTI0ZTExOTg0ZWIxM2MwYjM2ZTI2YiIsInVzZXJfaWQiOjQyfQ.XvAZVX91TB3wZWiCXYP2VNqNDDdK6AByJNllun5K85A", "created_at": "2024-04-08T00:41:58.377Z", "expires_at": "2024-04-09T00:41:58Z"}}, {"model": "token_blacklist.outstandingtoken", "pk": 124, "fields": {"user": 43, "jti": "8639424d7f274a218f0b8550be793e6b", "token": "eyJhbGciOiJIUzI1NiIsInR5cCI6IkpXVCJ9.eyJ0b2tlbl90eXBlIjoicmVmcmVzaCIsImV4cCI6MTcxMjYyNDI1MywiaWF0IjoxNzEyNTM3ODUzLCJqdGkiOiI4NjM5NDI0ZDdmMjc0YTIxOGYwYjg1NTBiZTc5M2U2YiIsInVzZXJfaWQiOjQzfQ.sXK66j8MkbgEkiOtVwUnqD7LOB72vkWYF2--ecNQM4M", "created_at": "2024-04-08T00:57:33.351Z", "expires_at": "2024-04-09T00:57:33Z"}}, {"model": "token_blacklist.outstandingtoken", "pk": 125, "fields": {"user": 1, "jti": "ac19bcffd6004fcc86f86ee9bb207629", "token": "eyJhbGciOiJIUzI1NiIsInR5cCI6IkpXVCJ9.eyJ0b2tlbl90eXBlIjoicmVmcmVzaCIsImV4cCI6MTcxMjYyNjE1OCwiaWF0IjoxNzEyNTM5NzU4LCJqdGkiOiJhYzE5YmNmZmQ2MDA0ZmNjODZmODZlZTliYjIwNzYyOSIsInVzZXJfaWQiOjF9.PozBTAem7PRsQkbk_6EtMmqxFxctQDKzpV6pwK8ySDk", "created_at": "2024-04-08T01:29:18.622Z", "expires_at": "2024-04-09T01:29:18Z"}}, {"model": "token_blacklist.outstandingtoken", "pk": 126, "fields": {"user": 43, "jti": "f3ebfc28247549e680c12ad4afbcdc6b", "token": "eyJhbGciOiJIUzI1NiIsInR5cCI6IkpXVCJ9.eyJ0b2tlbl90eXBlIjoicmVmcmVzaCIsImV4cCI6MTcxMjYyOTI3NiwiaWF0IjoxNzEyNTQyODc2LCJqdGkiOiJmM2ViZmMyODI0NzU0OWU2ODBjMTJhZDRhZmJjZGM2YiIsInVzZXJfaWQiOjQzfQ.k-jVXmZHS9nrI1l9JM_EuC2za6-iwrE7TTb-nVZnqeU", "created_at": "2024-04-08T02:21:16.555Z", "expires_at": "2024-04-09T02:21:16Z"}}, {"model": "token_blacklist.outstandingtoken", "pk": 127, "fields": {"user": 43, "jti": "26c5c2ebdecf440d91ee8b9f0e83f964", "token": "eyJhbGciOiJIUzI1NiIsInR5cCI6IkpXVCJ9.eyJ0b2tlbl90eXBlIjoicmVmcmVzaCIsImV4cCI6MTcxMjYzMzY3OSwiaWF0IjoxNzEyNTQ3Mjc5LCJqdGkiOiIyNmM1YzJlYmRlY2Y0NDBkOTFlZThiOWYwZTgzZjk2NCIsInVzZXJfaWQiOjQzfQ.GyvCCleL2rLKu-D54kDJv2DH5lhYVAeGhK6KsuccbzM", "created_at": "2024-04-08T03:34:39.995Z", "expires_at": "2024-04-09T03:34:39Z"}}, {"model": "token_blacklist.outstandingtoken", "pk": 128, "fields": {"user": 43, "jti": "e5b94465d7994182803c812d325478b0", "token": "eyJhbGciOiJIUzI1NiIsInR5cCI6IkpXVCJ9.eyJ0b2tlbl90eXBlIjoicmVmcmVzaCIsImV4cCI6MTcxMjYzNDQyOCwiaWF0IjoxNzEyNTQ4MDI4LCJqdGkiOiJlNWI5NDQ2NWQ3OTk0MTgyODAzYzgxMmQzMjU0NzhiMCIsInVzZXJfaWQiOjQzfQ.dfQt6QMgv6notnbNQdBfWtCKN2os1N0TzrgzJzAkl_o", "created_at": "2024-04-08T03:47:08.527Z", "expires_at": "2024-04-09T03:47:08Z"}}, {"model": "token_blacklist.outstandingtoken", "pk": 129, "fields": {"user": 43, "jti": "037d959a2ebf4ddaabd3d98b08039e90", "token": "eyJhbGciOiJIUzI1NiIsInR5cCI6IkpXVCJ9.eyJ0b2tlbl90eXBlIjoicmVmcmVzaCIsImV4cCI6MTcxMjYzNDY3NiwiaWF0IjoxNzEyNTQ4Mjc2LCJqdGkiOiIwMzdkOTU5YTJlYmY0ZGRhYWJkM2Q5OGIwODAzOWU5MCIsInVzZXJfaWQiOjQzfQ.A87oYbM3yelnxayE5dTrAAdpPZNaP4yEj3ylMoYMOsQ", "created_at": "2024-04-08T03:51:16.702Z", "expires_at": "2024-04-09T03:51:16Z"}}, {"model": "token_blacklist.outstandingtoken", "pk": 130, "fields": {"user": 1, "jti": "55d4824379b34dc79dc4fc5e0ad6b784", "token": "eyJhbGciOiJIUzI1NiIsInR5cCI6IkpXVCJ9.eyJ0b2tlbl90eXBlIjoicmVmcmVzaCIsImV4cCI6MTcxMjYzNDkyOCwiaWF0IjoxNzEyNTQ4NTI4LCJqdGkiOiI1NWQ0ODI0Mzc5YjM0ZGM3OWRjNGZjNWUwYWQ2Yjc4NCIsInVzZXJfaWQiOjF9.rKNYKANcATkj2b5H7Eb3gYMkqXhA6Xt04vcRUWE31f4", "created_at": "2024-04-08T03:55:28.134Z", "expires_at": "2024-04-09T03:55:28Z"}}, {"model": "token_blacklist.outstandingtoken", "pk": 131, "fields": {"user": 43, "jti": "dba0a8841cc945b6b3d497b2ad5b5017", "token": "eyJhbGciOiJIUzI1NiIsInR5cCI6IkpXVCJ9.eyJ0b2tlbl90eXBlIjoicmVmcmVzaCIsImV4cCI6MTcxMjY2MzM0NCwiaWF0IjoxNzEyNTc2OTQ0LCJqdGkiOiJkYmEwYTg4NDFjYzk0NWI2YjNkNDk3YjJhZDViNTAxNyIsInVzZXJfaWQiOjQzfQ.LdnkAFsBXQOlPlgHcrWRhQP3or5k75w44NoHC8OfAo8", "created_at": "2024-04-08T11:49:04.493Z", "expires_at": "2024-04-09T11:49:04Z"}}, {"model": "token_blacklist.outstandingtoken", "pk": 132, "fields": {"user": 42, "jti": "e8268edee5bb4685975c10398564d34f", "token": "eyJhbGciOiJIUzI1NiIsInR5cCI6IkpXVCJ9.eyJ0b2tlbl90eXBlIjoicmVmcmVzaCIsImV4cCI6MTcxMjY2MzM3OCwiaWF0IjoxNzEyNTc2OTc4LCJqdGkiOiJlODI2OGVkZWU1YmI0Njg1OTc1YzEwMzk4NTY0ZDM0ZiIsInVzZXJfaWQiOjQyfQ.gzkH3ypWHhZXkQYGlPlywt12pWAePi3nhxVL6CvDeZQ", "created_at": "2024-04-08T11:49:38.586Z", "expires_at": "2024-04-09T11:49:38Z"}}, {"model": "token_blacklist.outstandingtoken", "pk": 133, "fields": {"user": 1, "jti": "7f095f3c43064c6180c53f770d459688", "token": "eyJhbGciOiJIUzI1NiIsInR5cCI6IkpXVCJ9.eyJ0b2tlbl90eXBlIjoicmVmcmVzaCIsImV4cCI6MTcxMjY3MTIzNCwiaWF0IjoxNzEyNTg0ODM0LCJqdGkiOiI3ZjA5NWYzYzQzMDY0YzYxODBjNTNmNzcwZDQ1OTY4OCIsInVzZXJfaWQiOjF9.onVCPrdzSCF3K60FF-KPKhWEQGxUk-wcwYuTTO2wJ6Q", "created_at": "2024-04-08T14:00:34.475Z", "expires_at": "2024-04-09T14:00:34Z"}}, {"model": "token_blacklist.outstandingtoken", "pk": 134, "fields": {"user": 43, "jti": "c4afc965538c45e7b65355ecd9526460", "token": "eyJhbGciOiJIUzI1NiIsInR5cCI6IkpXVCJ9.eyJ0b2tlbl90eXBlIjoicmVmcmVzaCIsImV4cCI6MTcxMjcxNTE4OCwiaWF0IjoxNzEyNjI4Nzg4LCJqdGkiOiJjNGFmYzk2NTUzOGM0NWU3YjY1MzU1ZWNkOTUyNjQ2MCIsInVzZXJfaWQiOjQzfQ.dZA2ZL7J_3aclFx2D3zS1OY3EiRSjLJDiCbL8QlxgLM", "created_at": "2024-04-09T02:13:08.536Z", "expires_at": "2024-04-10T02:13:08Z"}}, {"model": "token_blacklist.outstandingtoken", "pk": 135, "fields": {"user": 1, "jti": "3745aef662f848eda11a00390789bec9", "token": "eyJhbGciOiJIUzI1NiIsInR5cCI6IkpXVCJ9.eyJ0b2tlbl90eXBlIjoicmVmcmVzaCIsImV4cCI6MTcxMjcxNjk5NCwiaWF0IjoxNzEyNjMwNTk0LCJqdGkiOiIzNzQ1YWVmNjYyZjg0OGVkYTExYTAwMzkwNzg5YmVjOSIsInVzZXJfaWQiOjF9.16vGRkLyqpOqH-eq2SagKP5NCuEKydxv9bJKw9hwLZs", "created_at": "2024-04-09T02:43:14.017Z", "expires_at": "2024-04-10T02:43:14Z"}}, {"model": "token_blacklist.outstandingtoken", "pk": 136, "fields": {"user": 1, "jti": "bcc41a56e6a74d7da370188135cf09d8", "token": "eyJhbGciOiJIUzI1NiIsInR5cCI6IkpXVCJ9.eyJ0b2tlbl90eXBlIjoicmVmcmVzaCIsImV4cCI6MTcxMjcxODE1NywiaWF0IjoxNzEyNjMxNzU3LCJqdGkiOiJiY2M0MWE1NmU2YTc0ZDdkYTM3MDE4ODEzNWNmMDlkOCIsInVzZXJfaWQiOjF9.Qg1dh_smstoxdtHeo27fFozUGaVZwU_yM7P3pT-dFng", "created_at": "2024-04-09T03:02:37.641Z", "expires_at": "2024-04-10T03:02:37Z"}}, {"model": "token_blacklist.outstandingtoken", "pk": 137, "fields": {"user": 43, "jti": "9e96133b222046a6a2a3f01e33b36c22", "token": "eyJhbGciOiJIUzI1NiIsInR5cCI6IkpXVCJ9.eyJ0b2tlbl90eXBlIjoicmVmcmVzaCIsImV4cCI6MTcxMjcxODU1OSwiaWF0IjoxNzEyNjMyMTU5LCJqdGkiOiI5ZTk2MTMzYjIyMjA0NmE2YTJhM2YwMWUzM2IzNmMyMiIsInVzZXJfaWQiOjQzfQ.RAQ8lohp_LBddYEvyjmfRQxIKztxS2kj6Fk6VQEGpJU", "created_at": "2024-04-09T03:09:19.885Z", "expires_at": "2024-04-10T03:09:19Z"}}, {"model": "token_blacklist.outstandingtoken", "pk": 138, "fields": {"user": 1, "jti": "4c104d2717ae44a6993f5bfa1f324a23", "token": "eyJhbGciOiJIUzI1NiIsInR5cCI6IkpXVCJ9.eyJ0b2tlbl90eXBlIjoicmVmcmVzaCIsImV4cCI6MTcxMjcxODg1NCwiaWF0IjoxNzEyNjMyNDU0LCJqdGkiOiI0YzEwNGQyNzE3YWU0NGE2OTkzZjViZmExZjMyNGEyMyIsInVzZXJfaWQiOjF9.OsiXRceuaX1A1QV7QO4ec5_B_p3om-yFbwWiZcJ9lsg", "created_at": "2024-04-09T03:14:14.228Z", "expires_at": "2024-04-10T03:14:14Z"}}, {"model": "token_blacklist.outstandingtoken", "pk": 139, "fields": {"user": 1, "jti": "3b95c9425344445ba3774c0322f854e7", "token": "eyJhbGciOiJIUzI1NiIsInR5cCI6IkpXVCJ9.eyJ0b2tlbl90eXBlIjoicmVmcmVzaCIsImV4cCI6MTcxMjcyMjQ4MiwiaWF0IjoxNzEyNjM2MDgyLCJqdGkiOiIzYjk1Yzk0MjUzNDQ0NDViYTM3NzRjMDMyMmY4NTRlNyIsInVzZXJfaWQiOjF9.7o4DJXspeXm2hGpYQ_dz21rxCktEkwvo_Tw6iNMMAu0", "created_at": "2024-04-09T04:14:42.127Z", "expires_at": "2024-04-10T04:14:42Z"}}, {"model": "token_blacklist.outstandingtoken", "pk": 140, "fields": {"user": 42, "jti": "11cbba8afc1641bcb5a7e91ca226447c", "token": "eyJhbGciOiJIUzI1NiIsInR5cCI6IkpXVCJ9.eyJ0b2tlbl90eXBlIjoicmVmcmVzaCIsImV4cCI6MTcxMjcyNDUxOSwiaWF0IjoxNzEyNjM4MTE5LCJqdGkiOiIxMWNiYmE4YWZjMTY0MWJjYjVhN2U5MWNhMjI2NDQ3YyIsInVzZXJfaWQiOjQyfQ.hxpXvYW0bKYs5uecnQ7EmE2QVBmVCji9SjyLKKsr8CU", "created_at": "2024-04-09T04:48:39.410Z", "expires_at": "2024-04-10T04:48:39Z"}}, {"model": "token_blacklist.outstandingtoken", "pk": 141, "fields": {"user": 42, "jti": "fed8e4c7a5b64ed7bc00699854d8bd49", "token": "eyJhbGciOiJIUzI1NiIsInR5cCI6IkpXVCJ9.eyJ0b2tlbl90eXBlIjoicmVmcmVzaCIsImV4cCI6MTcxMjcyNTA1NSwiaWF0IjoxNzEyNjM4NjU1LCJqdGkiOiJmZWQ4ZTRjN2E1YjY0ZWQ3YmMwMDY5OTg1NGQ4YmQ0OSIsInVzZXJfaWQiOjQyfQ.xYdxivGOR4dDu1-fHMYG4klGLjxRbYfCk5mO_qr57D4", "created_at": "2024-04-09T04:57:35.640Z", "expires_at": "2024-04-10T04:57:35Z"}}, {"model": "token_blacklist.outstandingtoken", "pk": 142, "fields": {"user": 43, "jti": "399bd7ccd7544206be1c3505eafec1a7", "token": "eyJhbGciOiJIUzI1NiIsInR5cCI6IkpXVCJ9.eyJ0b2tlbl90eXBlIjoicmVmcmVzaCIsImV4cCI6MTcxMjcyNTA5OSwiaWF0IjoxNzEyNjM4Njk5LCJqdGkiOiIzOTliZDdjY2Q3NTQ0MjA2YmUxYzM1MDVlYWZlYzFhNyIsInVzZXJfaWQiOjQzfQ.n44qxBRDZIF66lmbzqjbYTUhxXGWjPdIIf3t5vK5_ak", "created_at": "2024-04-09T04:58:19.569Z", "expires_at": "2024-04-10T04:58:19Z"}}, {"model": "token_blacklist.outstandingtoken", "pk": 143, "fields": {"user": 42, "jti": "94841c9aeb7e4cce995127194f9cdb2a", "token": "eyJhbGciOiJIUzI1NiIsInR5cCI6IkpXVCJ9.eyJ0b2tlbl90eXBlIjoicmVmcmVzaCIsImV4cCI6MTcxMjcyOTMzMywiaWF0IjoxNzEyNjQyOTMzLCJqdGkiOiI5NDg0MWM5YWViN2U0Y2NlOTk1MTI3MTk0ZjljZGIyYSIsInVzZXJfaWQiOjQyfQ.gC5_h2K6dDr-cBn1NIT8bFHDXySlPQ0FPT6o2yIjaMU", "created_at": "2024-04-09T06:08:53.207Z", "expires_at": "2024-04-10T06:08:53Z"}}, {"model": "token_blacklist.outstandingtoken", "pk": 144, "fields": {"user": 43, "jti": "0006e546871249f6a8ad04427116f734", "token": "eyJhbGciOiJIUzI1NiIsInR5cCI6IkpXVCJ9.eyJ0b2tlbl90eXBlIjoicmVmcmVzaCIsImV4cCI6MTcxMjczMTYxMSwiaWF0IjoxNzEyNjQ1MjExLCJqdGkiOiIwMDA2ZTU0Njg3MTI0OWY2YThhZDA0NDI3MTE2ZjczNCIsInVzZXJfaWQiOjQzfQ.bv8J0y-wSjhCvM8SUQ7ybzp4cS2g9xsEes4zUIrcnUE", "created_at": "2024-04-09T06:46:51.386Z", "expires_at": "2024-04-10T06:46:51Z"}}, {"model": "token_blacklist.outstandingtoken", "pk": 145, "fields": {"user": 43, "jti": "7af1d0ece03b43d4a8861708e9bda039", "token": "eyJhbGciOiJIUzI1NiIsInR5cCI6IkpXVCJ9.eyJ0b2tlbl90eXBlIjoicmVmcmVzaCIsImV4cCI6MTcxMjczMzUxMiwiaWF0IjoxNzEyNjQ3MTEyLCJqdGkiOiI3YWYxZDBlY2UwM2I0M2Q0YTg4NjE3MDhlOWJkYTAzOSIsInVzZXJfaWQiOjQzfQ.xIpIbPCtUhlauuQ4DvItKG4P6I6gIwrCYE7PwSi2qdI", "created_at": "2024-04-09T07:18:32.063Z", "expires_at": "2024-04-10T07:18:32Z"}}, {"model": "token_blacklist.outstandingtoken", "pk": 146, "fields": {"user": 42, "jti": "779fe72efc1e4d97b683217c79e879e9", "token": "eyJhbGciOiJIUzI1NiIsInR5cCI6IkpXVCJ9.eyJ0b2tlbl90eXBlIjoicmVmcmVzaCIsImV4cCI6MTcxMjczNzQ0MCwiaWF0IjoxNzEyNjUxMDQwLCJqdGkiOiI3NzlmZTcyZWZjMWU0ZDk3YjY4MzIxN2M3OWU4NzllOSIsInVzZXJfaWQiOjQyfQ.pSkgUfK_2_d8o6caBIbfLryoU20ammggK2BvEZnTR-I", "created_at": "2024-04-09T08:24:00.759Z", "expires_at": "2024-04-10T08:24:00Z"}}, {"model": "token_blacklist.outstandingtoken", "pk": 147, "fields": {"user": 42, "jti": "3e58cfe46fdf422c963e66a57e7814ee", "token": "eyJhbGciOiJIUzI1NiIsInR5cCI6IkpXVCJ9.eyJ0b2tlbl90eXBlIjoicmVmcmVzaCIsImV4cCI6MTcxMjczOTU0OSwiaWF0IjoxNzEyNjUzMTQ5LCJqdGkiOiIzZTU4Y2ZlNDZmZGY0MjJjOTYzZTY2YTU3ZTc4MTRlZSIsInVzZXJfaWQiOjQyfQ.QgDke_LM6celY52rmipjBEpzRLTg_vxa-DEkecJ752w", "created_at": "2024-04-09T08:59:09.987Z", "expires_at": "2024-04-10T08:59:09Z"}}, {"model": "token_blacklist.outstandingtoken", "pk": 148, "fields": {"user": 1, "jti": "889d99a4aa5e4394ae25a0f0ef7b0ff8", "token": "eyJhbGciOiJIUzI1NiIsInR5cCI6IkpXVCJ9.eyJ0b2tlbl90eXBlIjoicmVmcmVzaCIsImV4cCI6MTcxMjc0MDY3MywiaWF0IjoxNzEyNjU0MjczLCJqdGkiOiI4ODlkOTlhNGFhNWU0Mzk0YWUyNWEwZjBlZjdiMGZmOCIsInVzZXJfaWQiOjF9.yM-124S5vYngrS_wmzFdODccfBHH4zsOqHBPDKxIvP8", "created_at": "2024-04-09T09:17:53.150Z", "expires_at": "2024-04-10T09:17:53Z"}}, {"model": "token_blacklist.outstandingtoken", "pk": 149, "fields": {"user": 1, "jti": "8cc327ffcab2491b85e9f27b2697a56f", "token": "eyJhbGciOiJIUzI1NiIsInR5cCI6IkpXVCJ9.eyJ0b2tlbl90eXBlIjoicmVmcmVzaCIsImV4cCI6MTcxMjc0MTAwNiwiaWF0IjoxNzEyNjU0NjA2LCJqdGkiOiI4Y2MzMjdmZmNhYjI0OTFiODVlOWYyN2IyNjk3YTU2ZiIsInVzZXJfaWQiOjF9.4uzaVuKd99bmfBat3ywx6putNBCMwWr6A8T1etZkoIg", "created_at": "2024-04-09T09:23:26.320Z", "expires_at": "2024-04-10T09:23:26Z"}}, {"model": "token_blacklist.outstandingtoken", "pk": 150, "fields": {"user": 42, "jti": "67ff6bd0aaf746c4af93f6984a58f4c5", "token": "eyJhbGciOiJIUzI1NiIsInR5cCI6IkpXVCJ9.eyJ0b2tlbl90eXBlIjoicmVmcmVzaCIsImV4cCI6MTcxMjc0MTg3MywiaWF0IjoxNzEyNjU1NDczLCJqdGkiOiI2N2ZmNmJkMGFhZjc0NmM0YWY5M2Y2OTg0YTU4ZjRjNSIsInVzZXJfaWQiOjQyfQ.SLLC2RMHZNGbbWlFUFljWGGMJZFPkEyBGzVbciFW5xo", "created_at": "2024-04-09T09:37:53.541Z", "expires_at": "2024-04-10T09:37:53Z"}}, {"model": "token_blacklist.outstandingtoken", "pk": 151, "fields": {"user": 42, "jti": "f1fd2fe048a24938b8403e5fe48cd3ff", "token": "eyJhbGciOiJIUzI1NiIsInR5cCI6IkpXVCJ9.eyJ0b2tlbl90eXBlIjoicmVmcmVzaCIsImV4cCI6MTcxMjc0MzMxOSwiaWF0IjoxNzEyNjU2OTE5LCJqdGkiOiJmMWZkMmZlMDQ4YTI0OTM4Yjg0MDNlNWZlNDhjZDNmZiIsInVzZXJfaWQiOjQyfQ.LlO_gcClsGumQINLmXekCSesq7boJqlUf44_siyX1OY", "created_at": "2024-04-09T10:01:59.221Z", "expires_at": "2024-04-10T10:01:59Z"}}, {"model": "accounts.user", "pk": 1, "fields": {"password": "pbkdf2_sha256$600000$2mpdCihAcI9eA2vgauJ5qs$sW69lMhtc77m8EMgQqpjBpeG9L9nbkF3v6LeVy2bWj4=", "last_login": "2024-04-09T09:22:34.625Z", "is_superuser": true, "username": "admin", "first_name": "", "last_name": "", "email": "admin@gmail.com", "is_staff": true, "is_active": true, "date_joined": "2024-03-29T04:29:22.712Z", "is_student": false, "is_teacher": false, "groups": [], "user_permissions": []}}, {"model": "accounts.user", "pk": 2, "fields": {"password": "", "last_login": null, "is_superuser": false, "username": "test", "first_name": "", "last_name": "", "email": "", "is_staff": false, "is_active": true, "date_joined": "2024-03-29T07:36:59.755Z", "is_student": false, "is_teacher": false, "groups": [], "user_permissions": []}}, {"model": "accounts.user", "pk": 11, "fields": {"password": "pbkdf2_sha256$600000$QQ3pnzprEevnT0TA2S52Oe$r/kO4fv0+NEBEv/xVJUOCNlUUfIrOZw1n/8Hs8AWATo=", "last_login": null, "is_superuser": false, "username": "2312122123", "first_name": "John", "last_name": "Smith", "email": "john@example.com", "is_staff": false, "is_active": true, "date_joined": "2024-03-29T12:50:34.119Z", "is_student": true, "is_teacher": false, "groups": [], "user_permissions": []}}, {"model": "accounts.user", "pk": 12, "fields": {"password": "pbkdf2_sha256$600000$CGsDAHwmmeYaEhLSWPWGZr$S5ckmCwsXIseO1yuvwc0GTOfkKtJSXXlLx8dO9eFydE=", "last_login": null, "is_superuser": false, "username": "2021", "first_name": "John", "last_name": "Smith", "email": "jo3@example.com", "is_staff": false, "is_active": true, "date_joined": "2024-03-29T12:52:15.798Z", "is_student": true, "is_teacher": false, "groups": [], "user_permissions": []}}, {"model": "accounts.user", "pk": 17, "fields": {"password": "!tCuX3tiWmeV5RLnyuVyuztj3sDv2jr2x8aVbsD6v", "last_login": null, "is_superuser": false, "username": "2022", "first_name": "John", "last_name": "Smith", "email": "jow3@example.com", "is_staff": false, "is_active": true, "date_joined": "2024-03-29T12:59:47.176Z", "is_student": true, "is_teacher": false, "groups": [], "user_permissions": []}}, {"model": "accounts.user", "pk": 18, "fields": {"password": "!5m857bvJ84nTe8b6AKSjE5UOCLC28DuOOEGSKPIW", "last_login": null, "is_superuser": false, "username": "222", "first_name": "John", "last_name": "Smith", "email": "jow3@example.com", "is_staff": false, "is_active": true, "date_joined": "2024-03-29T13:30:13.622Z", "is_student": true, "is_teacher": false, "groups": [], "user_permissions": []}}, {"model": "accounts.user", "pk": 19, "fields": {"password": "!KhShuSsuPWiMF7D977kg10NN9DX33K1zpFNpK7dD", "last_login": null, "is_superuser": false, "username": "2232", "first_name": "John", "last_name": "Smith", "email": "jow3@example.com", "is_staff": false, "is_active": true, "date_joined": "2024-03-29T13:35:27.369Z", "is_student": true, "is_teacher": false, "groups": [], "user_permissions": []}}, {"model": "accounts.user", "pk": 23, "fields": {"password": "!YxTNYfkI6bgYETSwRtPlJM1fTAMU9FiIpy4dUqKy", "last_login": null, "is_superuser": false, "username": "201221", "first_name": "John", "last_name": "Doe", "email": "john.doe@example.com", "is_staff": false, "is_active": true, "date_joined": "2024-03-29T13:44:24.572Z", "is_student": false, "is_teacher": true, "groups": [], "user_permissions": []}}, {"model": "accounts.user", "pk": 29, "fields": {"password": "!1Lt0uwdFqU6z6rkt9GGzp4XjqwiSjpOktbU4rhsp", "last_login": null, "is_superuser": false, "username": "232343", "first_name": "dfgdgdgs", "last_name": "weerwerew", "email": "dfgdgdgs232343@gmail.com", "is_staff": false, "is_active": true, "date_joined": "2024-03-30T09:56:17.738Z", "is_student": true, "is_teacher": false, "groups": [], "user_permissions": []}}, {"model": "accounts.user", "pk": 31, "fields": {"password": "!NmBJsgv6cNgPJhTr8YkMbnN1YZig7Z1QEo0Ru87Q", "last_login": null, "is_superuser": false, "username": "1001", "first_name": "John", "last_name": "Doe", "email": "John1001@gmail.com", "is_staff": false, "is_active": true, "date_joined": "2024-03-30T10:04:09.739Z", "is_student": true, "is_teacher": false, "groups": [], "user_permissions": []}}, {"model": "accounts.user", "pk": 32, "fields": {"password": "!t0kWvnhQDynWyiPC4dn3t1YJtlDcxBFBDBBlzj6w", "last_login": null, "is_superuser": false, "username": "1002", "first_name": "Jane", "last_name": "Smith", "email": "Jane1002@gmail.com", "is_staff": false, "is_active": true, "date_joined": "2024-03-30T10:04:11.969Z", "is_student": true, "is_teacher": false, "groups": [], "user_permissions": []}}, {"model": "accounts.user", "pk": 33, "fields": {"password": "!AA2okUL5UWd2JQOV49koKvP7139juFo7o6XK5udr", "last_login": null, "is_superuser": false, "username": "1003", "first_name": "Alice", "last_name": "Johnson", "email": "Alice1003@gmail.com", "is_staff": false, "is_active": true, "date_joined": "2024-03-30T10:04:14.191Z", "is_student": true, "is_teacher": false, "groups": [], "user_permissions": []}}, {"model": "accounts.user", "pk": 34, "fields": {"password": "!c17uNFGTRgB7aEVWIahWV4v9G90zY0LUZPjrBt4f", "last_login": null, "is_superuser": false, "username": "1004", "first_name": "Michael", "last_name": "Brown", "email": "Michael1004@gmail.com", "is_staff": false, "is_active": true, "date_joined": "2024-03-30T10:04:16.187Z", "is_student": true, "is_teacher": false, "groups": [], "user_permissions": []}}, {"model": "accounts.user", "pk": 35, "fields": {"password": "!y6PfCjFRTD0cT5kyjAk1v2Aap8uZdXhXN46a9dqI", "last_login": null, "is_superuser": false, "username": "1005", "first_name": "Emily", "last_name": "Williams", "email": "Emily1005@gmail.com", "is_staff": false, "is_active": true, "date_joined": "2024-03-30T10:04:18.299Z", "is_student": true, "is_teacher": false, "groups": [], "user_permissions": []}}, {"model": "accounts.user", "pk": 36, "fields": {"password": "!NzKXUFL42DUwRLCW3FSObBAzHqcq3NPN64xzUndN", "last_login": null, "is_superuser": false, "username": "1006", "first_name": "James", "last_name": "Miller", "email": "James1006@gmail.com", "is_staff": false, "is_active": true, "date_joined": "2024-03-30T10:04:20.368Z", "is_student": true, "is_teacher": false, "groups": [], "user_permissions": []}}, {"model": "accounts.user", "pk": 37, "fields": {"password": "!8KoLgtzpLyrSn1PkcwcyMQhgunCT1SQYUtLbNHUa", "last_login": null, "is_superuser": false, "username": "1007", "first_name": "Emma", "last_name": "Jones", "email": "Emma1007@gmail.com", "is_staff": false, "is_active": true, "date_joined": "2024-03-30T10:04:22.486Z", "is_student": true, "is_teacher": false, "groups": [], "user_permissions": []}}, {"model": "accounts.user", "pk": 38, "fields": {"password": "!8tv5DRgsSOpOH1VIMqCj9lI3BrPIWAo84oW0HVhI", "last_login": null, "is_superuser": false, "username": "1008", "first_name": "William", "last_name": "Davis", "email": "William1008@gmail.com", "is_staff": false, "is_active": true, "date_joined": "2024-03-30T10:04:24.689Z", "is_student": true, "is_teacher": false, "groups": [], "user_permissions": []}}, {"model": "accounts.user", "pk": 39, "fields": {"password": "!pUfUccVR7EIb7VxDI1puLkV45EcwrMr6toM6qnh7", "last_login": null, "is_superuser": false, "username": "1009", "first_name": "Sophia", "last_name": "Garcia", "email": "Sophia1009@gmail.com", "is_staff": false, "is_active": true, "date_joined": "2024-03-30T10:04:26.818Z", "is_student": true, "is_teacher": false, "groups": [], "user_permissions": []}}, {"model": "accounts.user", "pk": 40, "fields": {"password": "!D1MCo1pNdOblJTDValPG5yaPicCLz9XeWRJob33A", "last_login": null, "is_superuser": false, "username": "1010", "first_name": "Alexander", "last_name": "Rodriguez", "email": "Alexander1010@gmail.com", "is_staff": false, "is_active": true, "date_joined": "2024-03-30T10:04:29.042Z", "is_student": true, "is_teacher": false, "groups": [], "user_permissions": []}}, {"model": "accounts.user", "pk": 41, "fields": {"password": "!0SPDqwhJcRPsaBcCekdfApkzTHGvuF0ClWxTrh44", "last_login": null, "is_superuser": false, "username": "2321321", "first_name": "sdfsdf", "last_name": "sdfsd", "email": "sdfsdf2321321@gmail.com", "is_staff": false, "is_active": true, "date_joined": "2024-03-30T10:17:37.779Z", "is_student": false, "is_teacher": true, "groups": [], "user_permissions": []}}, {"model": "accounts.user", "pk": 42, "fields": {"password": "pbkdf2_sha256$600000$ZiDLkcyJVPbhXjpNecioRK$DEJe9AvUHUrOU1eIGqkJt85jjCcmNvYSiYwdz5tJuww=", "last_login": null, "is_superuser": false, "username": "S001", "first_name": "", "last_name": "", "email": "yabindra2057@gmail.com", "is_staff": false, "is_active": true, "date_joined": "2024-03-31T07:34:54Z", "is_student": true, "is_teacher": false, "groups": [], "user_permissions": []}}, {"model": "accounts.user", "pk": 43, "fields": {"password": "pbkdf2_sha256$600000$W6VydHPmRcLhpliy2uuTwy$zXMGFWLtXd1DweWeqsSrmdORtXArf4WN93vnf2ODuEY=", "last_login": null, "is_superuser": false, "username": "T001", "first_name": "", "last_name": "", "email": "T0asdsa01@gmai.com", "is_staff": false, "is_active": true, "date_joined": "2024-03-31T13:06:43Z", "is_student": false, "is_teacher": true, "groups": [], "user_permissions": []}}, {"model": "accounts.user", "pk": 44, "fields": {"password": "!MQwwBSi7ZmPrSUfjT1rTMcMNu9glaIua4p3xjoUD", "last_login": null, "is_superuser": false, "username": "333333", "first_name": "sdfsafdsdas", "last_name": "dsadasdasdas", "email": "sdfsafdsdas333333@gmail.com", "is_staff": false, "is_active": true, "date_joined": "2024-04-02T03:05:07.140Z", "is_student": true, "is_teacher": false, "groups": [], "user_permissions": []}}, {"model": "accounts.user", "pk": 45, "fields": {"password": "!UGea3vVZs8dgOZNi16V1gX4dmT9bDdI3xtFnprN8", "last_login": null, "is_superuser": false, "username": "3333334444", "first_name": "sdfsafdsdas", "last_name": "dsadasdasdas", "email": "sdfsafdsdas3333334444@gmail.com", "is_staff": false, "is_active": true, "date_joined": "2024-04-02T03:07:13.869Z", "is_student": true, "is_teacher": false, "groups": [], "user_permissions": []}}, {"model": "accounts.user", "pk": 49, "fields": {"password": "!nHJebHKhvEmgtTyYz7dS4CaNoAULA63yJFMH0WcJ", "last_login": null, "is_superuser": false, "username": "23213213432432", "first_name": "esdfds", "last_name": "fsdfsdfsd", "email": "esdfds23213213432432@gmail.com", "is_staff": false, "is_active": true, "date_joined": "2024-04-02T03:10:12.780Z", "is_student": true, "is_teacher": false, "groups": [], "user_permissions": []}}, {"model": "accounts.userprofile", "pk": 1, "fields": {"user": 2, "image": "userProfile/defutlUser.png", "upload_at": "2024-03-29T07:36:59.908Z"}}, {"model": "accounts.userprofile", "pk": 2, "fields": {"user": 1, "image": "userProfile/Screenshot_2024-03-14_at_21.14.36.png", "upload_at": "2024-03-29T08:07:44.635Z"}}, {"model": "accounts.userprofile", "pk": 3, "fields": {"user": 11, "image": "userProfile/defutlUser.png", "upload_at": "2024-03-29T12:50:35.291Z"}}, {"model": "accounts.userprofile", "pk": 4, "fields": {"user": 12, "image": "userProfile/defutlUser.png", "upload_at": "2024-03-29T12:52:17.154Z"}}, {"model": "accounts.userprofile", "pk": 8, "fields": {"user": 17, "image": "userProfile/defutlUser.png", "upload_at": "2024-03-29T12:59:47.563Z"}}, {"model": "accounts.userprofile", "pk": 9, "fields": {"user": 18, "image": "userProfile/defutlUser.png", "upload_at": "2024-03-29T13:30:13.875Z"}}, {"model": "accounts.userprofile", "pk": 10, "fields": {"user": 19, "image": "userProfile/defutlUser.png", "upload_at": "2024-03-29T13:35:27.623Z"}}, {"model": "accounts.userprofile", "pk": 11, "fields": {"user": 23, "image": "userProfile/defutlUser.png", "upload_at": "2024-03-29T13:44:24.866Z"}}, {"model": "accounts.userprofile", "pk": 13, "fields": {"user": 29, "image": "userProfile/defutlUser.png", "upload_at": "2024-03-30T09:56:18.033Z"}}, {"model": "accounts.userprofile", "pk": 15, "fields": {"user": 31, "image": "userProfile/defutlUser.png", "upload_at": "2024-03-30T10:04:10.029Z"}}, {"model": "accounts.userprofile", "pk": 16, "fields": {"user": 32, "image": "userProfile/defutlUser.png", "upload_at": "2024-03-30T10:04:12.249Z"}}, {"model": "accounts.userprofile", "pk": 17, "fields": {"user": 33, "image": "userProfile/defutlUser.png", "upload_at": "2024-03-30T10:04:14.458Z"}}, {"model": "accounts.userprofile", "pk": 18, "fields": {"user": 34, "image": "userProfile/defutlUser.png", "upload_at": "2024-03-30T10:04:16.465Z"}}, {"model": "accounts.userprofile", "pk": 19, "fields": {"user": 35, "image": "userProfile/defutlUser.png", "upload_at": "2024-03-30T10:04:18.560Z"}}, {"model": "accounts.userprofile", "pk": 20, "fields": {"user": 36, "image": "userProfile/defutlUser.png", "upload_at": "2024-03-30T10:04:20.644Z"}}, {"model": "accounts.userprofile", "pk": 21, "fields": {"user": 37, "image": "userProfile/defutlUser.png", "upload_at": "2024-03-30T10:04:22.743Z"}}, {"model": "accounts.userprofile", "pk": 22, "fields": {"user": 38, "image": "userProfile/defutlUser.png", "upload_at": "2024-03-30T10:04:24.967Z"}}, {"model": "accounts.userprofile", "pk": 23, "fields": {"user": 39, "image": "userProfile/defutlUser.png", "upload_at": "2024-03-30T10:04:27.093Z"}}, {"model": "accounts.userprofile", "pk": 24, "fields": {"user": 40, "image": "userProfile/defutlUser.png", "upload_at": "2024-03-30T10:04:29.304Z"}}, {"model": "accounts.userprofile", "pk": 25, "fields": {"user": 41, "image": "userProfile/defutlUser.png", "upload_at": "2024-03-30T10:17:38.087Z"}}, {"model": "accounts.userprofile", "pk": 26, "fields": {"user": 44, "image": "userProfile/defutlUser.png", "upload_at": "2024-04-02T03:05:07.573Z"}}, {"model": "accounts.userprofile", "pk": 27, "fields": {"user": 45, "image": "userProfile/defutlUser.png", "upload_at": "2024-04-02T03:07:14.143Z"}}, {"model": "accounts.userprofile", "pk": 28, "fields": {"user": 49, "image": "userProfile/defutlUser.png", "upload_at": "2024-04-02T03:10:13.178Z"}}, {"model": "accounts.userprofile", "pk": 29, "fields": {"user": 43, "image": "userProfile/Screenshot_2024-03-21_at_11.38.18.png", "upload_at": "2024-04-02T12:50:43.144Z"}}, {"model": "accounts.userprofile", "pk": 30, "fields": {"user": 42, "image": "userProfile/defutlUser.png", "upload_at": "2024-04-06T05:05:31.797Z"}}, {"model": "accounts.applicationsettings", "pk": 1, "fields": {"user": 2, "is_dark_mode": false, "is_notification": false, "isTwoFactorAuthEnabled": false, "isEmailNotification": false}}, {"model": "accounts.applicationsettings", "pk": 2, "fields": {"user": 11, "is_dark_mode": false, "is_notification": false, "isTwoFactorAuthEnabled": false, "isEmailNotification": false}}, {"model": "accounts.applicationsettings", "pk": 3, "fields": {"user": 12, "is_dark_mode": false, "is_notification": false, "isTwoFactorAuthEnabled": false, "isEmailNotification": false}}, {"model": "accounts.applicationsettings", "pk": 7, "fields": {"user": 17, "is_dark_mode": false, "is_notification": false, "isTwoFactorAuthEnabled": false, "isEmailNotification": false}}, {"model": "accounts.applicationsettings", "pk": 8, "fields": {"user": 18, "is_dark_mode": false, "is_notification": false, "isTwoFactorAuthEnabled": false, "isEmailNotification": false}}, {"model": "accounts.applicationsettings", "pk": 9, "fields": {"user": 19, "is_dark_mode": false, "is_notification": false, "isTwoFactorAuthEnabled": false, "isEmailNotification": false}}, {"model": "accounts.applicationsettings", "pk": 10, "fields": {"user": 23, "is_dark_mode": false, "is_notification": false, "isTwoFactorAuthEnabled": false, "isEmailNotification": false}}, {"model": "accounts.applicationsettings", "pk": 12, "fields": {"user": 29, "is_dark_mode": false, "is_notification": false, "isTwoFactorAuthEnabled": false, "isEmailNotification": false}}, {"model": "accounts.applicationsettings", "pk": 14, "fields": {"user": 31, "is_dark_mode": false, "is_notification": false, "isTwoFactorAuthEnabled": false, "isEmailNotification": false}}, {"model": "accounts.applicationsettings", "pk": 15, "fields": {"user": 32, "is_dark_mode": false, "is_notification": false, "isTwoFactorAuthEnabled": false, "isEmailNotification": false}}, {"model": "accounts.applicationsettings", "pk": 16, "fields": {"user": 33, "is_dark_mode": false, "is_notification": false, "isTwoFactorAuthEnabled": false, "isEmailNotification": false}}, {"model": "accounts.applicationsettings", "pk": 17, "fields": {"user": 34, "is_dark_mode": false, "is_notification": false, "isTwoFactorAuthEnabled": false, "isEmailNotification": false}}, {"model": "accounts.applicationsettings", "pk": 18, "fields": {"user": 35, "is_dark_mode": false, "is_notification": false, "isTwoFactorAuthEnabled": false, "isEmailNotification": false}}, {"model": "accounts.applicationsettings", "pk": 19, "fields": {"user": 36, "is_dark_mode": false, "is_notification": false, "isTwoFactorAuthEnabled": false, "isEmailNotification": false}}, {"model": "accounts.applicationsettings", "pk": 20, "fields": {"user": 37, "is_dark_mode": false, "is_notification": false, "isTwoFactorAuthEnabled": false, "isEmailNotification": false}}, {"model": "accounts.applicationsettings", "pk": 21, "fields": {"user": 38, "is_dark_mode": false, "is_notification": false, "isTwoFactorAuthEnabled": false, "isEmailNotification": false}}, {"model": "accounts.applicationsettings", "pk": 22, "fields": {"user": 39, "is_dark_mode": false, "is_notification": false, "isTwoFactorAuthEnabled": false, "isEmailNotification": false}}, {"model": "accounts.applicationsettings", "pk": 23, "fields": {"user": 40, "is_dark_mode": false, "is_notification": false, "isTwoFactorAuthEnabled": false, "isEmailNotification": false}}, {"model": "accounts.applicationsettings", "pk": 24, "fields": {"user": 41, "is_dark_mode": false, "is_notification": false, "isTwoFactorAuthEnabled": false, "isEmailNotification": false}}, {"model": "accounts.applicationsettings", "pk": 25, "fields": {"user": 44, "is_dark_mode": false, "is_notification": false, "isTwoFactorAuthEnabled": false, "isEmailNotification": false}}, {"model": "accounts.applicationsettings", "pk": 26, "fields": {"user": 45, "is_dark_mode": false, "is_notification": false, "isTwoFactorAuthEnabled": false, "isEmailNotification": false}}, {"model": "accounts.applicationsettings", "pk": 27, "fields": {"user": 49, "is_dark_mode": false, "is_notification": false, "isTwoFactorAuthEnabled": false, "isEmailNotification": false}}, {"model": "students.student", "pk": "1001", "fields": {"user": 31, "first_name": "John", "last_name": "Doe", "gender": "Male", "date_of_birth": "1995-05-20", "email": "johndoe@gmail.com", "phone": "1234567890", "image": "", "department": null, "country": "USA", "state": "NY", "city": "New York", "zip_code": null}}, {"model": "students.student", "pk": "1002", "fields": {"user": 32, "first_name": "Jane", "last_name": "Smith", "gender": "Female", "date_of_birth": "1998-08-15", "email": "janesmith@gmail.com", "phone": "9876543210", "image": "", "department": null, "country": "USA", "state": "CA", "city": "San Francisco", "zip_code": null}}, {"model": "students.student", "pk": "1003", "fields": {"user": 33, "first_name": "Alice", "last_name": "Johnson", "gender": "Female", "date_of_birth": "1997-10-25", "email": "alicejohnson@gmail.com", "phone": "5555555555", "image": "", "department": null, "country": "USA", "state": "IL", "city": "Chicago", "zip_code": null}}, {"model": "students.student", "pk": "1004", "fields": {"user": 34, "first_name": "Michael", "last_name": "Brown", "gender": "Male", "date_of_birth": "1996-03-12", "email": "michaelbrown@gmail.com", "phone": "1112223333", "image": "", "department": null, "country": "USA", "state": "MA", "city": "Boston", "zip_code": null}}, {"model": "students.student", "pk": "1006", "fields": {"user": 36, "first_name": "James", "last_name": "Miller", "gender": "Male", "date_of_birth": "1994-07-05", "email": "jamesmiller@gmail.com", "phone": "4444444444", "image": "", "department": null, "country": "USA", "state": "TX", "city": "Houston", "zip_code": null}}, {"model": "students.student", "pk": "1007", "fields": {"user": 37, "first_name": "Emma", "last_name": "Jones", "gender": "Female", "date_of_birth": "1996-01-18", "email": "emmajones@gmail.com", "phone": "6666666666", "image": "", "department": null, "country": "USA", "state": "PA", "city": "Philadelphia", "zip_code": null}}, {"model": "students.student", "pk": "1008", "fields": {"user": 38, "first_name": "William", "last_name": "Davis", "gender": "Male", "date_of_birth": "1997-09-08", "email": "williamdavis@gmail.com", "phone": "2223334444", "image": "", "department": null, "country": "USA", "state": "FL", "city": "Miami", "zip_code": null}}, {"model": "students.student", "pk": "1009", "fields": {"user": 39, "first_name": "Sophia", "last_name": "Garcia", "gender": "Female", "date_of_birth": "1998-06-22", "email": "sophiagarcia@gmail.com", "phone": "7777777777", "image": "", "department": null, "country": "USA", "state": "WA", "city": "Seattle", "zip_code": null}}, {"model": "students.student", "pk": "1010", "fields": {"user": 40, "first_name": "Alexander", "last_name": "Rodriguez", "gender": "Male", "date_of_birth": "1995-11-03", "email": "alexanderrodriguez@gmail.com", "phone": "8888888888", "image": "", "department": null, "country": "USA", "state": "TX", "city": "Dallas", "zip_code": null}}, {"model": "students.student", "pk": "2021", "fields": {"user": 12, "first_name": "John", "last_name": "Smith", "gender": "Male", "date_of_birth": "2024-03-29", "email": "jo3@example.com", "phone": "123456447890", "image": "/images/student.png", "department": null, "country": null, "state": null, "city": null, "zip_code": null}}, {"model": "students.student", "pk": "2022", "fields": {"user": 17, "first_name": "John", "last_name": "Smith", "gender": "Male", "date_of_birth": "2024-03-29", "email": "jow3@example.com", "phone": "1234564347890", "image": "/images/student.png", "department": null, "country": null, "state": null, "city": null, "zip_code": null}}, {"model": "students.student", "pk": "222", "fields": {"user": 18, "first_name": "John", "last_name": "Smith", "gender": "Male", "date_of_birth": "2024-03-29", "email": "jow3@example.com", "phone": "123456434w7890", "image": "/images/student.png", "department": null, "country": null, "state": null, "city": null, "zip_code": null}}, {"model": "students.student", "pk": "2232", "fields": {"user": 19, "first_name": "John", "last_name": "Smith", "gender": "Male", "date_of_birth": "2024-03-29", "email": "jow3@example.com", "phone": "1234564334w7890", "image": "/images/student.png", "department": null, "country": null, "state": null, "city": null, "zip_code": null}}, {"model": "students.student", "pk": "23213213432432", "fields": {"user": 49, "first_name": "esdfds", "last_name": "fsdfsdfsd", "gender": "Male", "date_of_birth": "2024-04-11", "email": null, "phone": "233432423432432423", "image": "", "department": null, "country": null, "state": null, "city": null, "zip_code": null}}, {"model": "students.student", "pk": "333333", "fields": {"user": 44, "first_name": "sdfsafdsdas", "last_name": "dsadasdasdas", "gender": "Male", "date_of_birth": "2024-04-12", "email": null, "phone": "342343243", "image": "", "department": null, "country": null, "state": null, "city": null, "zip_code": null}}, {"model": "students.student", "pk": "3333334444", "fields": {"user": 45, "first_name": "sdfsafdsdas", "last_name": "dsadasdasdas", "gender": "Male", "date_of_birth": "2024-04-12", "email": null, "phone": "3423432434444", "image": "", "department": null, "country": null, "state": null, "city": null, "zip_code": null}}, {"model": "students.student", "pk": "S001", "fields": {"user": 42, "first_name": "me", "last_name": "Hwo", "gender": "Male", "date_of_birth": "2024-03-31", "email": "me@gmai.com", "phone": "213123123", "image": "/images/student.png", "department": 1, "country": null, "state": null, "city": null, "zip_code": null}}, {"model": "teachers.teacher", "pk": "12344526789", "fields": {"user": null, "first_name": "John", "last_name": "Doe", "gender": "Male", "email": "john.doe@example.com", "phone": "123-456-782490", "address": "123 Main Street, City, Country", "date_of_birth": "1990-01-01", "image": ""}}, {"model": "teachers.teacher", "pk": "1234526789", "fields": {"user": null, "first_name": "John", "last_name": "Doe", "gender": "Male", "email": "john.doe@example.com", "phone": "123-456-78290", "address": "123 Main Street, City, Country", "date_of_birth": "1990-01-01", "image": ""}}, {"model": "teachers.teacher", "pk": "2011", "fields": {"user": null, "first_name": "John", "last_name": "Doe", "gender": "Male", "email": "john.doe@example.com", "phone": "123-456-78901", "address": "123 Main Street, City, Country", "date_of_birth": "1990-01-01", "image": ""}}, {"model": "teachers.teacher", "pk": "20121", "fields": {"user": null, "first_name": "John", "last_name": "Doe", "gender": "Male", "email": "john.doe@example.com", "phone": "123-456-782901", "address": "123 Main Street, City, Country", "date_of_birth": "1990-01-01", "image": ""}}, {"model": "teachers.teacher", "pk": "201221", "fields": {"user": null, "first_name": "John", "last_name": "Doe", "gender": "Male", "email": "john.doe@example.com", "phone": "123-456-7829201", "address": "123 Main Street, City, Country", "date_of_birth": "1990-01-01", "image": ""}}, {"model": "teachers.teacher", "pk": "T001", "fields": {"user": 43, "first_name": "adasdas", "last_name": "asdasd", "gender": "Male", "email": "asa@gmai.com", "phone": "232", "address": "sdsdfsad", "date_of_birth": "2024-03-31", "image": ""}}, {"model": "courses.department", "pk": 1, "fields": {"department_name": "Faculty of Management and Information Science", "department_code": "I000"}}, {"model": "courses.department", "pk": 3, "fields": {"department_name": "Faculty of Literature", "department_code": "N000"}}, {"model": "courses.department", "pk": 4, "fields": {"department_name": "Faculty of Management and Information Science", "department_code": "N000"}}, {"model": "courses.department", "pk": 5, "fields": {"department_name": "Faculty of Nursing", "department_code": "N000"}}, {"model": "courses.department", "pk": 6, "fields": {"department_name": "Faculty of Human Life Science", "department_code": "H000"}}, {"model": "courses.department", "pk": 7, "fields": {"department_name": "Junior College", "department_code": "J000"}}, {"model": "courses.department", "pk": 8, "fields": {"department_name": "Graduate School", "department_code": "G000"}}, {"model": "subjects.subject", "pk": 1, "fields": {"subject_name": "dasdass", "subject_code": "SUB1111", "subject_description": null, "weekday": "Tuesday", "period_start_time": "09:00:00", "period_end_time": "10:30:00", "class_room": "U101", "class_period": "1", "subject_faculty": 1}}, {"model": "subjects.subject", "pk": 2, "fields": {"subject_name": "Interduction of Programming", "subject_code": "SUB200", "subject_description": null, "weekday": "Thursday", "period_start_time": "13:00:00", "period_end_time": "14:30:00", "class_room": "U101", "class_period": "3", "subject_faculty": 1}}, {"model": "subjects.subjectregistration", "pk": 1, "fields": {"subject": 1, "registration_date": "2024-03-30", "teacher": "T001", "student": ["S001"]}}, {"model": "subjects.subjectregistration", "pk": 14, "fields": {"subject": 2, "registration_date": "2024-03-31", "teacher": "T001", "student": ["2021", "2022", "222", "2232", "1001", "1002", "1003", "1004", "1006", "1007", "1008", "1009", "1010", "S001"]}}, {"model": "subjects.textassigemntquestion", "pk": 3, "fields": {"question": "<p>asdasdasdasdsad</p>"}}, {"model": "subjects.textassigemntquestion", "pk": 4, "fields": {"question": "<p>asdasdas</p>"}}, {"model": "subjects.textassigemntquestion", "pk": 5, "fields": {"question": "<p>What is Git and Github </p>"}}, {"model": "subjects.textassigemntquestion", "pk": 6, "fields": {"question": "<p>Why use git ?</p>"}}, {"model": "subjects.assignment", "pk": 1, "fields": {"title": "111", "description": "<p>asdasdasdasdasdas</p>", "course": 2, "assigment_type": "File", "additional_info": null, "posted_date": "2024-03-31T14:23:35.593Z", "start_date": "2024-03-31T14:00:00.273Z", "deadline": "2024-03-31T12:30:00.907Z", "last_modified": "2024-04-03T14:17:20.049Z", "is_active": false, "is_published": true, "is_visible": false, "submission_count": 1, "max_grade": 100, "duration": null, "reminder_email_sent": false, "deadline_email_sent": true, "create_notification_start": false, "create_notification_end": false, "questions": [], "students": ["1001", "222", "2232", "1006", "1008", "2022", "1009", "1010", "S001", "1002", "1003", "2021", "1007", "1004"]}}, {"model": "subjects.assignment", "pk": 3, "fields": {"title": "adasdasdsa", "description": "<p>asdsadsad</p>", "course": 2, "assigment_type": "File", "additional_info": null, "posted_date": "2024-03-31T14:27:26.452Z", "start_date": "2024-03-31T14:00:00.773Z", "deadline": "2024-03-31T12:30:00.386Z", "last_modified": "2024-04-08T02:44:49.033Z", "is_active": false, "is_published": true, "is_visible": true, "submission_count": 0, "max_grade": 100, "duration": null, "reminder_email_sent": false, "deadline_email_sent": true, "create_notification_start": false, "create_notification_end": false, "questions": [], "students": ["222", "1006", "1009", "1003", "1004", "1001", "2232", "1007", "2021", "1002", "2022", "1010", "S001", "1008"]}}, {"model": "subjects.assignment", "pk": 5, "fields": {"title": "asdsadasdasdas", "description": "<p>asdasdasdasdas</p>", "course": 2, "assigment_type": "Text", "additional_info": null, "posted_date": "2024-03-31T14:30:35.686Z", "start_date": "2024-03-31T12:30:00.587Z", "deadline": "2024-03-31T12:00:00.554Z", "last_modified": "2024-04-03T14:17:15.372Z", "is_active": false, "is_published": true, "is_visible": true, "submission_count": 0, "max_grade": 100, "duration": null, "reminder_email_sent": false, "deadline_email_sent": true, "create_notification_start": false, "create_notification_end": false, "questions": [3, 4], "students": ["1002", "1006", "1003", "1010", "1004", "1001", "1009", "S001", "1007", "1008", "2232", "222", "2021", "2022"]}}, {"model": "subjects.assignment", "pk": 6, "fields": {"title": "Test Assigemnt", "description": "<p><strong>So, in your case,</strong> if you're manually saving the PDF files to specific directories, you can leave the <code style=\"color: var(--tw-prose-code);\">upload_to</code> parameter out of your model field definition. This way, Django won't try to move or manage the files for you, and you'll have full control over where and how the PDF files are saved.</p><p><br></p>", "course": 2, "assigment_type": "Text", "additional_info": null, "posted_date": "2024-04-06T05:03:07.487Z", "start_date": "2024-04-06T05:30:00.353Z", "deadline": "2024-04-18T06:00:00Z", "last_modified": "2024-04-06T05:41:12.460Z", "is_active": true, "is_published": true, "is_visible": true, "submission_count": 1, "max_grade": 100, "duration": null, "reminder_email_sent": false, "deadline_email_sent": false, "create_notification_start": false, "create_notification_end": false, "questions": [5, 6], "students": ["1006", "1010", "1009", "222", "1007", "1008", "2022", "2021", "1003", "1004", "1001", "1002", "2232", "S001"]}}, {"model": "subjects.assignment", "pk": 7, "fields": {"title": "File test", "description": "<ol><li><strong>Construct the file path where you want to save the uploaded files.</strong></li><li><strong>Use this file path to save the uploaded files.</strong></li></ol><p>Here's how you can modify your <code style=\"color: var(--tw-prose-code);\">create_file_assignment</code> method to include the file path:</p><ol><li><strong>Construct the file path where you want to save the uploaded files.</strong></li><li><strong>Use this file path to save the uploaded files.</strong></li></ol><p>Here's how you can modify your <code style=\"color: var(--tw-prose-code);\">create_file_assignment</code> method to include the file path:</p><p><br></p>", "course": 2, "assigment_type": "File", "additional_info": null, "posted_date": "2024-04-06T05:26:08.346Z", "start_date": "2024-04-06T05:00:00.039Z", "deadline": "2024-04-19T05:30:00Z", "last_modified": "2024-04-06T05:30:47.006Z", "is_active": true, "is_published": true, "is_visible": true, "submission_count": 1, "max_grade": 100, "duration": null, "reminder_email_sent": false, "deadline_email_sent": false, "create_notification_start": false, "create_notification_end": false, "questions": [], "students": ["1006", "2022", "222", "2232", "1002", "1003", "1007", "1009", "1001", "1004", "1010", "1008", "2021", "S001"]}}, {"model": "subjects.assignmentfile", "pk": 1, "fields": {"file": "assignments/202137053bhujel.pdf"}}, {"model": "subjects.assignmentfile", "pk": 2, "fields": {"file": "assignments/202137053bhujel_CDRpaXR.pdf"}}, {"model": "subjects.assignmentfile", "pk": 3, "fields": {"file": "/Users/yabindrabhujel/Desktop/workspace/schoollms/api/config/../media/file_assignments/File test/YABINDRA_BHUJEL.docx"}}, {"model": "subjects.filesubmission", "pk": 1, "fields": {"assignment": 1, "student": "S001", "submission_datetime": "2024-04-01T11:02:42.324Z", "is_submited": true, "is_graded": true, "grade": 20, "assignment_submission_file": [2]}}, {"model": "subjects.filesubmission", "pk": 2, "fields": {"assignment": 7, "student": "S001", "submission_datetime": "2024-04-06T05:27:52.337Z", "is_submited": true, "is_graded": false, "grade": 0, "assignment_submission_file": [3]}}, {"model": "subjects.textquestionanswer", "pk": 1, "fields": {"question": 3, "answer": "<p><strong>asdasdasdasd</strong></p>"}}, {"model": "subjects.textquestionanswer", "pk": 2, "fields": {"question": 3, "answer": "<p><strong>asdasdasdasd</strong></p>"}}, {"model": "subjects.textquestionanswer", "pk": 3, "fields": {"question": 4, "answer": "<p>asdasdas</p>"}}, {"model": "subjects.textquestionanswer", "pk": 4, "fields": {"question": 3, "answer": "<p><strong>asdasdasdasd</strong></p>"}}, {"model": "subjects.textquestionanswer", "pk": 5, "fields": {"question": 4, "answer": "<p>asdasdas</p><p><br></p><ul><li>Enter your note here...adasdsadasdasfrom django.shortcuts import get_object_or_404</li><li>from rest_framework.response import Response</li><li>from rest_framework import status</li><li>from django.contrib.auth import get_user_model</li><li>from rest_framework.permissions import IsAuthenticated, IsAdminUser</li><li>from rest_framework_simplejwt.authentication import JWTAuthentication</li><li>User = get_user_model()</li><li>from rest_framework import viewsets</li><li>from rest_framework.decorators import action</li></ul><p>from drf_spectacular.utils import extend_schema</p><p>from ..serializers import NotesSerializer</p><p>from ..models import Notes</p><p><strong>from .services import *</strong></p><p><br></p><p>class NotesViewSet(viewsets.ViewSet):</p><p>&nbsp;&nbsp;serializer_class = NotesSerializer</p><p>&nbsp;&nbsp;authentication_classes = [JWTAuthentication]</p><p>&nbsp;&nbsp;permission_classes = [IsAuthenticated]</p><p><br></p><p>&nbsp;&nbsp;@extend_schema(responses={200: NotesSerializer})</p><ul><li>&nbsp;&nbsp;def list(self, request):</li><li>&nbsp;&nbsp;&nbsp;&nbsp;queryset = Notes.objects.all()</li><li>&nbsp;&nbsp;&nbsp;&nbsp;serializer = NotesSerializer(queryset, many=True)</li></ul><p>&nbsp;&nbsp;&nbsp;&nbsp;return Response(serializer.data)</p><p>&nbsp;&nbsp;&nbsp;</p><p>&nbsp;&nbsp;@extend_schema(responses={200: NotesSerializer})</p><p>&nbsp;&nbsp;def retrieve(self, request, pk=None):</p><p>&nbsp;&nbsp;&nbsp;&nbsp;queryset = Notes.objects.all()</p><p>&nbsp;&nbsp;&nbsp;&nbsp;note = get_object_or_404(queryset, pk=pk)</p><p>&nbsp;&nbsp;&nbsp;&nbsp;serializer = NotesSerializer(note)</p><p>&nbsp;&nbsp;&nbsp;&nbsp;return Response(serializer.data)</p><p>&nbsp;&nbsp;&nbsp;</p><p>&nbsp;&nbsp;@extend_schema(responses={201: NotesSerializer})</p><p>&nbsp;&nbsp;def create(self, request):</p><p>&nbsp;&nbsp;&nbsp;&nbsp;user = request.user</p><p>&nbsp;&nbsp;&nbsp;&nbsp;user_instance = User.objects.get(username=user)</p><p>&nbsp;&nbsp;&nbsp;&nbsp;new_note = NotesService.new_note(user_instance, request.data)</p><p>&nbsp;&nbsp;&nbsp;&nbsp;serializer = NotesSerializer(new_note)</p><p>&nbsp;&nbsp;&nbsp;&nbsp;return Response(serializer.data, status=status.HTTP_201_CREATED)</p><p>&nbsp;&nbsp;&nbsp;</p><p><br></p><p>&nbsp;&nbsp;@extend_schema(responses={200: NotesSerializer})</p><p>&nbsp;&nbsp;def update(self, request, pk=None):</p><p>&nbsp;&nbsp;&nbsp;&nbsp;queryset = Notes.objects.all()</p><p>&nbsp;&nbsp;&nbsp;&nbsp;note = get_object_or_404(queryset, pk=pk)</p><p>&nbsp;&nbsp;&nbsp;&nbsp;updated_note = NotesService.update_note(note, request.data)</p><p>&nbsp;&nbsp;&nbsp;&nbsp;serializer = NotesSerializer(updated_note)</p><p>&nbsp;&nbsp;&nbsp;&nbsp;return Response(serializer.data)</p><p>&nbsp;&nbsp;&nbsp;</p><p>&nbsp;&nbsp;@extend_schema(responses={204: None})</p><p>&nbsp;&nbsp;def destroy(self, request, pk=None):</p><p>&nbsp;&nbsp;&nbsp;&nbsp;queryset = Notes.objects.all()</p><p>&nbsp;&nbsp;&nbsp;&nbsp;note = get_object_or_404(queryset, pk=pk)</p><p>&nbsp;&nbsp;&nbsp;&nbsp;note.delete()</p><p>&nbsp;&nbsp;&nbsp;&nbsp;return Response(status=status.HTTP_204_NO_CONTENT)&nbsp;&nbsp;&nbsp;</p><p>&nbsp;&nbsp;&nbsp;</p><p>&nbsp;&nbsp;# @extend_schema(responses={200: NotesSerializer})</p><p>&nbsp;&nbsp;# @action(detail=False, methods=['put'], url_path='share_note', url_name='share_note')</p><p>&nbsp;&nbsp;# def share_note(self, request, pk=None):</p><p>&nbsp;&nbsp;#&nbsp;&nbsp;&nbsp;note = NotesService.share_note_with_user(request.data)</p><p>&nbsp;&nbsp;#&nbsp;&nbsp;&nbsp;serializer = NotesSerializer(note)</p><p>&nbsp;&nbsp;#&nbsp;&nbsp;&nbsp;return Response(serializer.data)</p><p>&nbsp;&nbsp;&nbsp;</p><p>&nbsp;&nbsp;&nbsp;</p><p>&nbsp;&nbsp;# @extend_schema(responses={200: NotesSerializer})</p><p>&nbsp;&nbsp;# @action(detail=False, methods=['put'], url_path='unshare_note', url_name='unshare_note')</p><p>&nbsp;&nbsp;# def unshare_note(self, request, pk=None):</p><p>&nbsp;&nbsp;#&nbsp;&nbsp;&nbsp;note = NotesService.unshare_note_with_user(request.data)</p><p>&nbsp;&nbsp;#&nbsp;&nbsp;&nbsp;serializer = NotesSerializer(note)</p><p>&nbsp;&nbsp;#&nbsp;&nbsp;&nbsp;return Response(serializer.data)</p><p>&nbsp;&nbsp;&nbsp;</p><p>&nbsp;&nbsp;# @extend_schema(responses={200: NotesSerializer})</p><p>&nbsp;&nbsp;# @action(detail=False, methods=['put'], url_path='change_note_color', url_name='change_note_color')</p><p>&nbsp;&nbsp;# def change_note_color(self, request, pk=None):</p><p>&nbsp;&nbsp;#&nbsp;&nbsp;&nbsp;note = NotesService.change_note_color(request.data)</p><p>&nbsp;&nbsp;#&nbsp;&nbsp;&nbsp;serializer = NotesSerializer(note)</p><p>&nbsp;&nbsp;#&nbsp;&nbsp;&nbsp;return Response(serializer.data)</p><p><br></p><p>wewewq</p><p>Enter your note here...adasdsadasdasfrom django.shortcuts import get_object_or_404</p><p>from rest_framework.response import Response</p><p>from rest_framework import status</p><p>from django.contrib.auth import get_user_model</p><p>from rest_framework.permissions import IsAuthenticated, IsAdminUser</p><p>from rest_framework_simplejwt.authentication import JWTAuthentication</p><p>User = get_user_model()</p><p>from rest_framework import viewsets</p><p>from rest_framework.decorators import action</p><p>from drf_spectacular.utils import extend_schema</p><p>from ..serializers import NotesSerializer</p><p>from ..models import Notes</p><p>from .services import *</p><p><br></p><p>class NotesViewSet(viewsets.ViewSet):</p><p>&nbsp;&nbsp;serializer_class = NotesSerializer</p><p>&nbsp;&nbsp;authentication_classes = [JWTAuthentication]</p><p>&nbsp;&nbsp;permission_classes = [IsAuthenticated]</p><p><br></p><p>&nbsp;&nbsp;@extend_schema(responses={200: NotesSerializer})</p><p>&nbsp;&nbsp;def list(self, request):</p><p>&nbsp;&nbsp;&nbsp;&nbsp;queryset = Notes.objects.all()</p><p>&nbsp;&nbsp;&nbsp;&nbsp;serializer = NotesSerializer(queryset, many=True)</p><p>&nbsp;&nbsp;&nbsp;&nbsp;return Response(serializer.data)</p><p>&nbsp;&nbsp;&nbsp;</p><p>&nbsp;&nbsp;@extend_schema(responses={200: NotesSerializer})</p><p>&nbsp;&nbsp;def retrieve(self, request, pk=None):</p><p>&nbsp;&nbsp;&nbsp;&nbsp;queryset = Notes.objects.all()</p><p>&nbsp;&nbsp;&nbsp;&nbsp;note = get_object_or_404(queryset, pk=pk)</p><p>&nbsp;&nbsp;&nbsp;&nbsp;serializer = NotesSerializer(note)</p><p>&nbsp;&nbsp;&nbsp;&nbsp;return Response(serializer.data)</p><p>&nbsp;&nbsp;&nbsp;</p><p>&nbsp;&nbsp;@extend_schema(responses={201: NotesSerializer})</p><p>&nbsp;&nbsp;def create(self, request):</p><p>&nbsp;&nbsp;&nbsp;&nbsp;user = request.user</p><p>&nbsp;&nbsp;&nbsp;&nbsp;user_instance = User.objects.get(username=user)</p><p>&nbsp;&nbsp;&nbsp;&nbsp;new_note = NotesService.new_note(user_instance, request.data)</p><p>&nbsp;&nbsp;&nbsp;&nbsp;serializer = NotesSerializer(new_note)</p><p>&nbsp;&nbsp;&nbsp;&nbsp;return Response(serializer.data, status=status.HTTP_201_CREATED)</p><p>&nbsp;&nbsp;&nbsp;</p><p><br></p><p>&nbsp;&nbsp;@extend_schema(responses={200: NotesSerializer})</p><p>&nbsp;&nbsp;def update(self, request, pk=None):</p><p>&nbsp;&nbsp;&nbsp;&nbsp;queryset = Notes.objects.all()</p><p>&nbsp;&nbsp;&nbsp;&nbsp;note = get_object_or_404(queryset, pk=pk)</p><p>&nbsp;&nbsp;&nbsp;&nbsp;updated_note = NotesService.update_note(note, request.data)</p><p>&nbsp;&nbsp;&nbsp;&nbsp;serializer = NotesSerializer(updated_note)</p><p>&nbsp;&nbsp;&nbsp;&nbsp;return Response(serializer.data)</p><p>&nbsp;&nbsp;&nbsp;</p><p>&nbsp;&nbsp;@extend_schema(responses={204: None})</p><p>&nbsp;&nbsp;def destroy(self, request, pk=None):</p><p>&nbsp;&nbsp;&nbsp;&nbsp;queryset = Notes.objects.all()</p><p>&nbsp;&nbsp;&nbsp;&nbsp;note = get_object_or_404(queryset, pk=pk)</p><p>&nbsp;&nbsp;&nbsp;&nbsp;note.delete()</p><p>&nbsp;&nbsp;&nbsp;&nbsp;return Response(status=status.HTTP_204_NO_CONTENT)&nbsp;&nbsp;&nbsp;</p><p>&nbsp;&nbsp;&nbsp;</p><p>&nbsp;&nbsp;# @extend_schema(responses={200: NotesSerializer})</p><p>&nbsp;&nbsp;# @action(detail=False, methods=['put'], url_path='share_note', url_name='share_note')</p><p>&nbsp;&nbsp;# def share_note(self, request, pk=None):</p><p>&nbsp;&nbsp;#&nbsp;&nbsp;&nbsp;note = NotesService.share_note_with_user(request.data)</p><p>&nbsp;&nbsp;#&nbsp;&nbsp;&nbsp;serializer = NotesSerializer(note)</p><p>&nbsp;&nbsp;#&nbsp;&nbsp;&nbsp;return Response(serializer.data)</p><p>&nbsp;&nbsp;&nbsp;</p><p>&nbsp;&nbsp;&nbsp;</p><p>&nbsp;&nbsp;# @extend_schema(responses={200: NotesSerializer})</p><p>&nbsp;&nbsp;# @action(detail=False, methods=['put'], url_path='unshare_note', url_name='unshare_note')</p><p>&nbsp;&nbsp;# def unshare_note(self, request, pk=None):</p><p>&nbsp;&nbsp;#&nbsp;&nbsp;&nbsp;note = NotesService.unshare_note_with_user(request.data)</p><p>&nbsp;&nbsp;#&nbsp;&nbsp;&nbsp;serializer = NotesSerializer(note)</p><p>&nbsp;&nbsp;#&nbsp;&nbsp;&nbsp;return Response(serializer.data)</p><p>&nbsp;&nbsp;&nbsp;</p><p>&nbsp;&nbsp;# @extend_schema(responses={200: NotesSerializer})</p><p>&nbsp;&nbsp;# @action(detail=False, methods=['put'], url_path='change_note_color', url_name='change_note_color')</p><p>&nbsp;&nbsp;# def change_note_color(self, request, pk=None):</p><p>&nbsp;&nbsp;#&nbsp;&nbsp;&nbsp;note = NotesService.change_note_color(request.data)</p><p>&nbsp;&nbsp;#&nbsp;&nbsp;&nbsp;serializer = NotesSerializer(note)</p><p>&nbsp;&nbsp;#&nbsp;&nbsp;&nbsp;return Response(serializer.data)</p><p><br></p><p>wewewq</p><p><br></p><p><br></p><p><br></p>"}}, {"model": "subjects.textquestionanswer", "pk": 6, "fields": {"question": 5, "answer": "<p>So, in your case, if you're manually saving the PDF files to specific directories, you can leave the <code style=\"color: var(--tw-prose-code);\">upload_to</code> parameter out of your model field definition. This way, Django won't try to move or manage the files for you, and you'll have full control over where and how the PDF files are saved.</p><p>So, in your case, if you're manually saving the PDF files to specific directories, you can leave the <code style=\"color: var(--tw-prose-code);\">upload_to</code> parameter out of your model field definition. This way, Django won't try to move or manage the files for you, and you'll have full control over where and how the PDF files are saved.</p><p><br></p>"}}, {"model": "subjects.textquestionanswer", "pk": 7, "fields": {"question": 6, "answer": "<p>So, in your case, if you're manually saving the PDF files to specific directories, you can leave the <code style=\"color: var(--tw-prose-code);\">upload_to</code> parameter out of your model field definition. This way, Django won't try to move or manage the files for you, and you'll have full control over where and how the PDF files are saved.</p><p>So, in your case, if you're manually saving the PDF files to specific directories, you can leave the <code style=\"color: var(--tw-prose-code);\">upload_to</code> parameter out of your model field definition. This way, Django won't try to move or manage the files for you, and you'll have full control over where and how the PDF files are saved.</p><p><br></p>"}}, {"model": "subjects.textquestionanswer", "pk": 8, "fields": {"question": 5, "answer": "<p>So, in your case, if you're manually saving the PDF files to specific directories, you can leave the <code style=\"color: var(--tw-prose-code);\">upload_to</code> parameter out of your model field definition. This way, Django won't try to move or manage the files for you, and you'll have full control over where and how the PDF files are saved.</p><p>So, in your case, if you're manually saving the PDF files to specific directories, you can leave the <code style=\"color: var(--tw-prose-code);\">upload_to</code> parameter out of your model field definition. This way, Django won't try to move or manage the files for you, and you'll have full control over where and how the PDF files are saved.</p>"}}, {"model": "subjects.textquestionanswer", "pk": 9, "fields": {"question": 6, "answer": "<p>So, in your case, if you're manually saving the PDF files to specific directories, you can leave the <code style=\"color: var(--tw-prose-code);\">upload_to</code> parameter out of your model field definition. This way, Django won't try to move or manage the files for you, and you'll have full control over where and how the PDF files are saved.</p><p>So, in your case, if you're manually saving the PDF files to specific directories, you can leave the <code style=\"color: var(--tw-prose-code);\">upload_to</code> parameter out of your model field definition. This way, Django won't try to move or manage the files for you, and you'll have full control over where and how the PDF files are saved.</p>"}}, {"model": "subjects.textquestionanswer", "pk": 10, "fields": {"question": 5, "answer": "<p>So, in your case, if you're manually saving the PDF files to specific directories, you can leave the <code style=\"color: var(--tw-prose-code);\">upload_to</code> parameter out of your model field definition. This way, Django won't try to move or manage the files for you, and you'll have full control over where and how the PDF files are saved.</p><p>So, in your case, if you're manually saving the PDF files to specific directories, you can leave the <code style=\"color: var(--tw-prose-code);\">upload_to</code> parameter out of your model field definition. This way, Django won't try to move or manage the files for you, and you'll have full control over where and how the PDF files are saved.</p>"}}, {"model": "subjects.textquestionanswer", "pk": 11, "fields": {"question": 6, "answer": "<p>So, in your case, if you're manually saving the PDF files to specific directories, you can leave the <code style=\"color: var(--tw-prose-code);\">upload_to</code> parameter out of your model field definition. This way, Django won't try to move or manage the files for you, and you'll have full control over where and how the PDF files are saved.</p><p>So, in your case, if you're manually saving the PDF files to specific directories, you can leave the <code style=\"color: var(--tw-prose-code);\">upload_to</code> parameter out of your model field definition. This way, Django won't try to move or manage the files for you, and you'll have full control over where and how the PDF files are saved.</p>"}}, {"model": "subjects.textquestionanswer", "pk": 12, "fields": {"question": 5, "answer": "<p>So, in your case, if you're manually saving the PDF files to specific directories, you can leave the <code style=\"color: var(--tw-prose-code);\">upload_to</code> parameter out of your model field definition. This way, Django won't try to move or manage the files for you, and you'll have full control over where and how the PDF files are saved.</p><p>So, in your case, if you're manually saving the PDF files to specific directories, you can leave the <code style=\"color: var(--tw-prose-code);\">upload_to</code> parameter out of your model field definition. This way, Django won't try to move or manage the files for you, and you'll have full control over where and how the PDF files are saved.</p>"}}, {"model": "subjects.textquestionanswer", "pk": 13, "fields": {"question": 6, "answer": "<p>So, in your case, if you're manually saving the PDF files to specific directories, you can leave the <code style=\"color: var(--tw-prose-code);\">upload_to</code> parameter out of your model field definition. This way, Django won't try to move or manage the files for you, and you'll have full control over where and how the PDF files are saved.</p><p>So, in your case, if you're manually saving the PDF files to specific directories, you can leave the <code style=\"color: var(--tw-prose-code);\">upload_to</code> parameter out of your model field definition. This way, Django won't try to move or manage the files for you, and you'll have full control over where and how the PDF files are saved.</p>"}}, {"model": "subjects.textquestionanswer", "pk": 14, "fields": {"question": 5, "answer": "<p>So, in your case, if you're manually saving the PDF files to specific directories, you can leave the <code style=\"color: var(--tw-prose-code);\">upload_to</code> parameter out of your model field definition. This way, Django won't try to move or manage the files for you, and you'll have full control over where and how the PDF files are saved.</p><p>So, in your case, if you're manually saving the PDF files to specific directories, you can leave the <code style=\"color: var(--tw-prose-code);\">upload_to</code> parameter out of your model field definition. This way, Django won't try to move or manage the files for you, and you'll have full control over where and how the PDF files are saved.</p>"}}, {"model": "subjects.textquestionanswer", "pk": 15, "fields": {"question": 6, "answer": "<p>So, in your case, if you're manually saving the PDF files to specific directories, you can leave the <code style=\"color: var(--tw-prose-code);\">upload_to</code> parameter out of your model field definition. This way, Django won't try to move or manage the files for you, and you'll have full control over where and how the PDF files are saved.</p><p>So, in your case, if you're manually saving the PDF files to specific directories, you can leave the <code style=\"color: var(--tw-prose-code);\">upload_to</code> parameter out of your model field definition. This way, Django won't try to move or manage the files for you, and you'll have full control over where and how the PDF files are saved.</p>"}}, {"model": "subjects.textquestionanswer", "pk": 16, "fields": {"question": 5, "answer": "<p>So, in your case, if you're manually saving the PDF files to specific directories, you can leave the <code style=\"color: var(--tw-prose-code);\">upload_to</code> parameter out of your model field definition. This way, Django won't try to move or manage the files for you, and you'll have full control over where and how the PDF files are saved.</p><p>So, in your case, if you're manually saving the PDF files to specific directories, you can leave the <code style=\"color: var(--tw-prose-code);\">upload_to</code> parameter out of your model field definition. This way, Django won't try to move or manage the files for you, and you'll have full control over where and how the PDF files are saved.</p>"}}, {"model": "subjects.textquestionanswer", "pk": 17, "fields": {"question": 6, "answer": "<p>So, in your case, if you're manually saving the PDF files to specific directories, you can leave the <code style=\"color: var(--tw-prose-code);\">upload_to</code> parameter out of your model field definition. This way, Django won't try to move or manage the files for you, and you'll have full control over where and how the PDF files are saved.</p><p>So, in your case, if you're manually saving the PDF files to specific directories, you can leave the <code style=\"color: var(--tw-prose-code);\">upload_to</code> parameter out of your model field definition. This way, Django won't try to move or manage the files for you, and you'll have full control over where and how the PDF files are saved.</p>"}}, {"model": "subjects.textquestionanswer", "pk": 18, "fields": {"question": 5, "answer": "<p>So, in your case, if you're manually saving the PDF files to specific directories, you can leave the <code style=\"color: var(--tw-prose-code);\">upload_to</code> parameter out of your model field definition. This way, Django won't try to move or manage the files for you, and you'll have full control over where and how the PDF files are saved.</p><p>So, in your case, if you're manually saving the PDF files to specific directories, you can leave the <code style=\"color: var(--tw-prose-code);\">upload_to</code> parameter out of your model field definition. This way, Django won't try to move or manage the files for you, and you'll have full control over where and how the PDF files are saved.</p>"}}, {"model": "subjects.textquestionanswer", "pk": 19, "fields": {"question": 6, "answer": "<p>So, in your case, if you're manually saving the PDF files to specific directories, you can leave the <code style=\"color: var(--tw-prose-code);\">upload_to</code> parameter out of your model field definition. This way, Django won't try to move or manage the files for you, and you'll have full control over where and how the PDF files are saved.</p><p>So, in your case, if you're manually saving the PDF files to specific directories, you can leave the <code style=\"color: var(--tw-prose-code);\">upload_to</code> parameter out of your model field definition. This way, Django won't try to move or manage the files for you, and you'll have full control over where and how the PDF files are saved.</p>"}}, {"model": "subjects.textquestionanswer", "pk": 20, "fields": {"question": 5, "answer": "<p>So, in your case, if you're manually saving the PDF files to specific directories, you can leave the <code style=\"color: var(--tw-prose-code);\">upload_to</code> parameter out of your model field definition. This way, Django won't try to move or manage the files for you, and you'll have full control over where and how the PDF files are saved.</p><p>So, in your case, if you're manually saving the PDF files to specific directories, you can leave the <code style=\"color: var(--tw-prose-code);\">upload_to</code> parameter out of your model field definition. This way, Django won't try to move or manage the files for you, and you'll have full control over where and how the PDF files are saved.</p>"}}, {"model": "subjects.textquestionanswer", "pk": 21, "fields": {"question": 6, "answer": "<p>So, in your case, if you're manually saving the PDF files to specific directories, you can leave the <code style=\"color: var(--tw-prose-code);\">upload_to</code> parameter out of your model field definition. This way, Django won't try to move or manage the files for you, and you'll have full control over where and how the PDF files are saved.</p><p>So, in your case, if you're manually saving the PDF files to specific directories, you can leave the <code style=\"color: var(--tw-prose-code);\">upload_to</code> parameter out of your model field definition. This way, Django won't try to move or manage the files for you, and you'll have full control over where and how the PDF files are saved.  24233242342342342343432423</p>"}}, {"model": "subjects.textquestionanswer", "pk": 22, "fields": {"question": 5, "answer": "<p>So, in your case, if you're manually saving the PDF files to specific directories, you can leave the <code style=\"color: var(--tw-prose-code);\">upload_to</code> parameter out of your model field definition. This way, Django won't try to move or manage the files for you, and you'll have full control over where and how the PDF files are saved.</p><p>So, in your case, if you're manually saving the PDF files to specific directories, you can leave the <code style=\"color: var(--tw-prose-code);\">upload_to</code> parameter out of your model field definition. This way, Django won't try to move or manage the files for you, and you'll have full control over where and how the PDF files are saved.</p>"}}, {"model": "subjects.textquestionanswer", "pk": 23, "fields": {"question": 6, "answer": "<p>So, in your case, if you're manually saving the PDF files to specific directories, you can leave the <code style=\"color: var(--tw-prose-code);\">upload_to</code> parameter out of your model field definition. This way, Django won't try to move or manage the files for you, and you'll have full control over where and how the PDF files are saved.</p><p>So, in your case, if you're manually saving the PDF files to specific directories, you can leave the <code style=\"color: var(--tw-prose-code);\">upload_to</code> parameter out of your model field definition. This way, Django won't try to move or manage the files for you, and you'll have full control over where and how the PDF files are saved. 24233242342342342343432423</p>"}}, {"model": "subjects.textsubmission", "pk": 1, "fields": {"assignment": 5, "student": "S001", "submission_time": "2024-04-01T10:50:39.727Z", "is_submitted": true, "student_answer_file": "", "is_graded": false, "grade": 0, "answers": [4, 5]}}, {"model": "subjects.textsubmission", "pk": 2, "fields": {"assignment": 6, "student": "S001", "submission_time": "2024-04-06T05:06:08.762Z", "is_submitted": true, "student_answer_file": "text_assignments/Test Assigemnt/S001.pdf", "is_graded": true, "grade": 10, "answers": [22, 23]}}, {"model": "subjects.coursemateriales", "pk": 1, "fields": {"pdf_file": "course_materials/20240401_202137053bhujel.pdf", "course": 2}}, {"model": "subjects.announcementfile", "pk": 1, "fields": {"file": "announcement_file/.docx"}}, {"model": "subjects.announcement", "pk": 2, "fields": {"subject": 2, "announcement_title": "update yto tetss", "announcement_description": "<p>Testsstsst update osssasdasdasdasd</p>", "announcement_date": "2024-04-01T01:36:00.440Z", "announcement_last_modified": "2024-04-01T08:16:28.357Z", "is_active": false, "announcement_file_url": []}}, {"model": "subjects.announcement", "pk": 5, "fields": {"subject": 2, "announcement_title": "Add Announcement", "announcement_description": "<h2>Add Announcement</h2><h2>Add Announcement</h2><h2>Add Announcement</h2><h2>Add Announcement</h2><h2>Add Announcement</h2><h2>Add Announcement</h2><h2>Add Announcement</h2><h2>Add Announcement</h2><h2>Add Announcement</h2><h2>Add Announcement</h2><h2>Add Announcement</h2><h2>Add Announcement</h2><h2>Add Announcement</h2><h2>Add Announcement</h2>", "announcement_date": "2024-04-01T07:38:39.735Z", "announcement_last_modified": "2024-04-05T02:11:36.669Z", "is_active": false, "announcement_file_url": []}}, {"model": "subjects.announcement", "pk": 6, "fields": {"subject": 2, "announcement_title": "Add Announcement", "announcement_description": "<h2>Add Announcement</h2><h2>Add Announcement</h2><h2>Add Announcement</h2><h2>Add Announcement</h2><h2>Add Announcement</h2><h2>Add Announcement</h2><p><br></p>", "announcement_date": "2024-04-02T05:25:08.639Z", "announcement_last_modified": "2024-04-02T05:25:08.639Z", "is_active": true, "announcement_file_url": [1]}}, {"model": "subjects.syllabusitem", "pk": 6, "fields": {"section_title": "Test 1", "section_description": "from .calendar import*\nfrom .calendar import*\nfrom .calendar import*\nfrom .calendar import*\nfrom .calendar import*\nfrom .calendar import*\nfrom .calendar import*\nfrom .calendar import*\nfrom .calendar import*\nfrom .calendar import*\nfrom .calendar import*\nfrom .calendar import*\nfrom .calendar import*\nfrom .calendar import*\n"}}, {"model": "subjects.syllabusitem", "pk": 7, "fields": {"section_title": "ffffffff", "section_description": "adsdsadsadas"}}, {"model": "subjects.syllabusitem", "pk": 8, "fields": {"section_title": "1", "section_description": "111qwewdasdasdas"}}, {"model": "subjects.syllabusitem", "pk": 9, "fields": {"section_title": "werwes", "section_description": "dasdasdsadas"}}, {"model": "subjects.syllabus", "pk": 1, "fields": {"course": 2, "syllabus_items": [6, 7]}}, {"model": "subjects.syllabus", "pk": 2, "fields": {"course": 1, "syllabus_items": [8, 9]}}, {"model": "attendance.studentattended", "pk": 214, "fields": {"student": "2021", "is_present": false, "attendance_code": "979648", "attendance": 18, "attendance_time": null}}, {"model": "attendance.studentattended", "pk": 215, "fields": {"student": "2022", "is_present": false, "attendance_code": "979648", "attendance": 18, "attendance_time": null}}, {"model": "attendance.studentattended", "pk": 216, "fields": {"student": "222", "is_present": false, "attendance_code": "979648", "attendance": 18, "attendance_time": null}}, {"model": "attendance.studentattended", "pk": 217, "fields": {"student": "2232", "is_present": false, "attendance_code": "979648", "attendance": 18, "attendance_time": null}}, {"model": "attendance.studentattended", "pk": 218, "fields": {"student": "1001", "is_present": false, "attendance_code": "979648", "attendance": 18, "attendance_time": null}}, {"model": "attendance.studentattended", "pk": 219, "fields": {"student": "1002", "is_present": false, "attendance_code": "979648", "attendance": 18, "attendance_time": null}}, {"model": "attendance.studentattended", "pk": 220, "fields": {"student": "1003", "is_present": false, "attendance_code": "979648", "attendance": 18, "attendance_time": null}}, {"model": "attendance.studentattended", "pk": 221, "fields": {"student": "1004", "is_present": false, "attendance_code": "979648", "attendance": 18, "attendance_time": null}}, {"model": "attendance.studentattended", "pk": 222, "fields": {"student": "1006", "is_present": false, "attendance_code": "979648", "attendance": 18, "attendance_time": null}}, {"model": "attendance.studentattended", "pk": 223, "fields": {"student": "1007", "is_present": false, "attendance_code": "979648", "attendance": 18, "attendance_time": null}}, {"model": "attendance.studentattended", "pk": 224, "fields": {"student": "1008", "is_present": false, "attendance_code": "979648", "attendance": 18, "attendance_time": null}}, {"model": "attendance.studentattended", "pk": 225, "fields": {"student": "1009", "is_present": false, "attendance_code": "979648", "attendance": 18, "attendance_time": null}}, {"model": "attendance.studentattended", "pk": 226, "fields": {"student": "1010", "is_present": false, "attendance_code": "979648", "attendance": 18, "attendance_time": null}}, {"model": "attendance.studentattended", "pk": 227, "fields": {"student": "S001", "is_present": true, "attendance_code": "979648", "attendance": 18, "attendance_time": null}}, {"model": "attendance.studentattended", "pk": 263, "fields": {"student": "S001", "is_present": false, "attendance_code": "979648", "attendance": 18, "attendance_time": null}}, {"model": "attendance.studentattended", "pk": 293, "fields": {"student": "2021", "is_present": false, "attendance_code": "432652", "attendance": 24, "attendance_time": null}}, {"model": "attendance.studentattended", "pk": 295, "fields": {"student": "2022", "is_present": false, "attendance_code": "432652", "attendance": 24, "attendance_time": null}}, {"model": "attendance.studentattended", "pk": 297, "fields": {"student": "222", "is_present": false, "attendance_code": "432652", "attendance": 24, "attendance_time": null}}, {"model": "attendance.studentattended", "pk": 299, "fields": {"student": "2232", "is_present": false, "attendance_code": "432652", "attendance": 24, "attendance_time": null}}, {"model": "attendance.studentattended", "pk": 301, "fields": {"student": "1001", "is_present": false, "attendance_code": "432652", "attendance": 24, "attendance_time": null}}, {"model": "attendance.studentattended", "pk": 303, "fields": {"student": "1002", "is_present": false, "attendance_code": "432652", "attendance": 24, "attendance_time": null}}, {"model": "attendance.studentattended", "pk": 305, "fields": {"student": "1003", "is_present": false, "attendance_code": "432652", "attendance": 24, "attendance_time": null}}, {"model": "attendance.studentattended", "pk": 307, "fields": {"student": "1004", "is_present": false, "attendance_code": "432652", "attendance": 24, "attendance_time": null}}, {"model": "attendance.studentattended", "pk": 309, "fields": {"student": "1006", "is_present": false, "attendance_code": "432652", "attendance": 24, "attendance_time": null}}, {"model": "attendance.studentattended", "pk": 311, "fields": {"student": "1007", "is_present": false, "attendance_code": "432652", "attendance": 24, "attendance_time": null}}, {"model": "attendance.studentattended", "pk": 313, "fields": {"student": "1008", "is_present": false, "attendance_code": "432652", "attendance": 24, "attendance_time": null}}, {"model": "attendance.studentattended", "pk": 315, "fields": {"student": "1009", "is_present": false, "attendance_code": "432652", "attendance": 24, "attendance_time": null}}, {"model": "attendance.studentattended", "pk": 317, "fields": {"student": "1010", "is_present": false, "attendance_code": "432652", "attendance": 24, "attendance_time": null}}, {"model": "attendance.studentattended", "pk": 319, "fields": {"student": "S001", "is_present": false, "attendance_code": "432652", "attendance": 24, "attendance_time": null}}, {"model": "attendance.studentattended", "pk": 334, "fields": {"student": "2021", "is_present": false, "attendance_code": "194555", "attendance": 27, "attendance_time": null}}, {"model": "attendance.studentattended", "pk": 335, "fields": {"student": "2022", "is_present": false, "attendance_code": "194555", "attendance": 27, "attendance_time": null}}, {"model": "attendance.studentattended", "pk": 336, "fields": {"student": "222", "is_present": false, "attendance_code": "194555", "attendance": 27, "attendance_time": null}}, {"model": "attendance.studentattended", "pk": 337, "fields": {"student": "2232", "is_present": false, "attendance_code": "194555", "attendance": 27, "attendance_time": null}}, {"model": "attendance.studentattended", "pk": 338, "fields": {"student": "1001", "is_present": false, "attendance_code": "194555", "attendance": 27, "attendance_time": null}}, {"model": "attendance.studentattended", "pk": 339, "fields": {"student": "1002", "is_present": false, "attendance_code": "194555", "attendance": 27, "attendance_time": null}}, {"model": "attendance.studentattended", "pk": 340, "fields": {"student": "1003", "is_present": false, "attendance_code": "194555", "attendance": 27, "attendance_time": null}}, {"model": "attendance.studentattended", "pk": 341, "fields": {"student": "2021", "is_present": false, "attendance_code": "930097", "attendance": 28, "attendance_time": null}}, {"model": "attendance.studentattended", "pk": 342, "fields": {"student": "2021", "is_present": false, "attendance_code": "369783", "attendance": 29, "attendance_time": null}}, {"model": "attendance.studentattended", "pk": 343, "fields": {"student": "1004", "is_present": false, "attendance_code": "194555", "attendance": 27, "attendance_time": null}}, {"model": "attendance.studentattended", "pk": 344, "fields": {"student": "2022", "is_present": false, "attendance_code": "930097", "attendance": 28, "attendance_time": null}}, {"model": "attendance.studentattended", "pk": 345, "fields": {"student": "2022", "is_present": false, "attendance_code": "369783", "attendance": 29, "attendance_time": null}}, {"model": "attendance.studentattended", "pk": 346, "fields": {"student": "1006", "is_present": false, "attendance_code": "194555", "attendance": 27, "attendance_time": null}}, {"model": "attendance.studentattended", "pk": 347, "fields": {"student": "222", "is_present": false, "attendance_code": "930097", "attendance": 28, "attendance_time": null}}, {"model": "attendance.studentattended", "pk": 348, "fields": {"student": "222", "is_present": false, "attendance_code": "369783", "attendance": 29, "attendance_time": null}}, {"model": "attendance.studentattended", "pk": 349, "fields": {"student": "1007", "is_present": false, "attendance_code": "194555", "attendance": 27, "attendance_time": null}}, {"model": "attendance.studentattended", "pk": 350, "fields": {"student": "2232", "is_present": false, "attendance_code": "930097", "attendance": 28, "attendance_time": null}}, {"model": "attendance.studentattended", "pk": 351, "fields": {"student": "2232", "is_present": false, "attendance_code": "369783", "attendance": 29, "attendance_time": null}}, {"model": "attendance.studentattended", "pk": 352, "fields": {"student": "1008", "is_present": false, "attendance_code": "194555", "attendance": 27, "attendance_time": null}}, {"model": "attendance.studentattended", "pk": 353, "fields": {"student": "1001", "is_present": false, "attendance_code": "930097", "attendance": 28, "attendance_time": null}}, {"model": "attendance.studentattended", "pk": 354, "fields": {"student": "1001", "is_present": false, "attendance_code": "369783", "attendance": 29, "attendance_time": null}}, {"model": "attendance.studentattended", "pk": 355, "fields": {"student": "1009", "is_present": false, "attendance_code": "194555", "attendance": 27, "attendance_time": null}}, {"model": "attendance.studentattended", "pk": 356, "fields": {"student": "1002", "is_present": false, "attendance_code": "930097", "attendance": 28, "attendance_time": null}}, {"model": "attendance.studentattended", "pk": 357, "fields": {"student": "1002", "is_present": false, "attendance_code": "369783", "attendance": 29, "attendance_time": null}}, {"model": "attendance.studentattended", "pk": 358, "fields": {"student": "1010", "is_present": false, "attendance_code": "194555", "attendance": 27, "attendance_time": null}}, {"model": "attendance.studentattended", "pk": 359, "fields": {"student": "1003", "is_present": false, "attendance_code": "930097", "attendance": 28, "attendance_time": null}}, {"model": "attendance.studentattended", "pk": 360, "fields": {"student": "1003", "is_present": false, "attendance_code": "369783", "attendance": 29, "attendance_time": null}}, {"model": "attendance.studentattended", "pk": 361, "fields": {"student": "S001", "is_present": false, "attendance_code": "194555", "attendance": 27, "attendance_time": null}}, {"model": "attendance.studentattended", "pk": 362, "fields": {"student": "1004", "is_present": false, "attendance_code": "930097", "attendance": 28, "attendance_time": null}}, {"model": "attendance.studentattended", "pk": 363, "fields": {"student": "1004", "is_present": false, "attendance_code": "369783", "attendance": 29, "attendance_time": null}}, {"model": "attendance.studentattended", "pk": 364, "fields": {"student": "1006", "is_present": false, "attendance_code": "930097", "attendance": 28, "attendance_time": null}}, {"model": "attendance.studentattended", "pk": 365, "fields": {"student": "1006", "is_present": false, "attendance_code": "369783", "attendance": 29, "attendance_time": null}}, {"model": "attendance.studentattended", "pk": 366, "fields": {"student": "1007", "is_present": false, "attendance_code": "930097", "attendance": 28, "attendance_time": null}}, {"model": "attendance.studentattended", "pk": 367, "fields": {"student": "1007", "is_present": false, "attendance_code": "369783", "attendance": 29, "attendance_time": null}}, {"model": "attendance.studentattended", "pk": 368, "fields": {"student": "1008", "is_present": false, "attendance_code": "930097", "attendance": 28, "attendance_time": null}}, {"model": "attendance.studentattended", "pk": 369, "fields": {"student": "1008", "is_present": false, "attendance_code": "369783", "attendance": 29, "attendance_time": null}}, {"model": "attendance.studentattended", "pk": 370, "fields": {"student": "1009", "is_present": false, "attendance_code": "930097", "attendance": 28, "attendance_time": null}}, {"model": "attendance.studentattended", "pk": 371, "fields": {"student": "1009", "is_present": false, "attendance_code": "369783", "attendance": 29, "attendance_time": null}}, {"model": "attendance.studentattended", "pk": 372, "fields": {"student": "1010", "is_present": false, "attendance_code": "930097", "attendance": 28, "attendance_time": null}}, {"model": "attendance.studentattended", "pk": 373, "fields": {"student": "1010", "is_present": false, "attendance_code": "369783", "attendance": 29, "attendance_time": null}}, {"model": "attendance.studentattended", "pk": 374, "fields": {"student": "S001", "is_present": false, "attendance_code": "930097", "attendance": 28, "attendance_time": null}}, {"model": "attendance.studentattended", "pk": 375, "fields": {"student": "S001", "is_present": false, "attendance_code": "369783", "attendance": 29, "attendance_time": null}}, {"model": "attendance.studentattended", "pk": 376, "fields": {"student": "2021", "is_present": true, "attendance_code": null, "attendance": 27, "attendance_time": "2024-04-08T03:52:35.474Z"}}, {"model": "attendance.studentattended", "pk": 377, "fields": {"student": "2021", "is_present": true, "attendance_code": null, "attendance": 28, "attendance_time": "2024-04-08T03:52:39.312Z"}}, {"model": "attendance.studentattended", "pk": 378, "fields": {"student": "2021", "is_present": true, "attendance_code": null, "attendance": 29, "attendance_time": "2024-04-08T03:52:39.644Z"}}, {"model": "attendance.attendance", "pk": 18, "fields": {"course": 2, "subject_enroll": 14, "date": "2024-04-05", "attendance_code": "979648", "is_active": false, "created_at": "2024-04-05T14:22:37.723Z", "students_attended": [214, 215, 216, 217, 218, 219, 220, 221, 222, 223, 224, 225, 226, 227]}}, {"model": "attendance.attendance", "pk": 24, "fields": {"course": 2, "subject_enroll": 14, "date": "2024-04-06", "attendance_code": "432652", "is_active": true, "created_at": "2024-04-06T02:28:36.331Z", "students_attended": [293, 295, 297, 299, 301, 303, 305, 307, 309, 311, 313, 315, 317, 319]}}, {"model": "attendance.attendance", "pk": 27, "fields": {"course": 2, "subject_enroll": 14, "date": "2024-04-08", "attendance_code": "194555", "is_active": true, "created_at": "2024-04-08T03:52:22.362Z", "students_attended": [334, 335, 336, 337, 338, 339, 340, 343, 346, 349, 352, 355, 358, 361, 376]}}, {"model": "attendance.attendance", "pk": 28, "fields": {"course": 2, "subject_enroll": 14, "date": "2024-04-08", "attendance_code": "930097", "is_active": true, "created_at": "2024-04-08T03:52:26.210Z", "students_attended": [341, 344, 347, 350, 353, 356, 359, 362, 364, 366, 368, 370, 372, 374, 377]}}, {"model": "attendance.attendance", "pk": 29, "fields": {"course": 2, "subject_enroll": 14, "date": "2024-04-08", "attendance_code": "369783", "is_active": true, "created_at": "2024-04-08T03:52:26.782Z", "students_attended": [342, 345, 348, 351, 354, 357, 360, 363, 365, 367, 369, 371, 373, 375, 378]}}, {"model": "common.calendarevent", "pk": 4, "fields": {"title": "hys", "start_date": "2024-03-12", "end_date": "2024-03-12", "color": "#3357FF", "start_time": "09:00:00", "end_time": "23:59:00", "is_class_cancellation": false, "user": null, "subject": null}}, {"model": "common.calendarevent", "pk": 5, "fields": {"title": "hhhh", "start_date": "2024-03-07", "end_date": "2024-03-07", "color": "#3357FF", "start_time": "09:00:00", "end_time": "23:59:00", "is_class_cancellation": false, "user": null, "subject": null}}, {"model": "common.calendarevent", "pk": 6, "fields": {"title": "asssss", "start_date": "2024-03-05", "end_date": "2024-03-05", "color": "#3357FF", "start_time": "09:00:00", "end_time": "23:59:00", "is_class_cancellation": false, "user": null, "subject": null}}, {"model": "common.calendarevent", "pk": 7, "fields": {"title": "hhhh", "start_date": "2024-03-06", "end_date": "2024-03-06", "color": "#3357FF", "start_time": "09:00:00", "end_time": "23:59:00", "is_class_cancellation": false, "user": 42, "subject": null}}, {"model": "common.calendarevent", "pk": 8, "fields": {"title": "hhhh", "start_date": "2024-03-07", "end_date": "2024-03-07", "color": "#FF33DC", "start_time": "09:00:00", "end_time": "23:59:00", "is_class_cancellation": false, "user": 42, "subject": null}}, {"model": "common.calendarevent", "pk": 9, "fields": {"title": "jajsadsadsa", "start_date": "2024-03-06", "end_date": "2024-03-06", "color": "#FF33DC", "start_time": "09:00:00", "end_time": "23:59:00", "is_class_cancellation": false, "user": 43, "subject": null}}, {"model": "common.calendarevent", "pk": 10, "fields": {"title": "ggggg", "start_date": "2024-04-05", "end_date": "2024-04-05", "color": "#3357FF", "start_time": "09:00:00", "end_time": "23:59:00", "is_class_cancellation": false, "user": 43, "subject": null}}, {"model": "common.calendarevent", "pk": 11, "fields": {"title": "Programming", "start_date": "2024-04-02", "end_date": "2024-04-02", "color": "red", "start_time": "14:19:48", "end_time": "14:19:49", "is_class_cancellation": false, "user": null, "subject": 2}}, {"model": "common.calendarevent", "pk": 12, "fields": {"title": "adsadasadasdass", "start_date": "2024-04-05", "end_date": "2024-04-05", "color": "#FF33DC", "start_time": "09:00:00", "end_time": "23:59:00", "is_class_cancellation": false, "user": 43, "subject": null}}, {"model": "common.calendarevent", "pk": 13, "fields": {"title": "dasdass", "start_date": "2024-04-02", "end_date": "2024-04-02", "color": "red", "start_time": "09:00:00", "end_time": "10:30:00", "is_class_cancellation": false, "user": null, "subject": 1}}, {"model": "common.calendarevent", "pk": 14, "fields": {"title": "dasdass", "start_date": "2024-04-09", "end_date": "2024-04-09", "color": "red", "start_time": "09:00:00", "end_time": "10:30:00", "is_class_cancellation": false, "user": null, "subject": 1}}, {"model": "common.calendarevent", "pk": 15, "fields": {"title": "dasdass", "start_date": "2024-04-16", "end_date": "2024-04-16", "color": "red", "start_time": "09:00:00", "end_time": "10:30:00", "is_class_cancellation": false, "user": null, "subject": 1}}, {"model": "common.calendarevent", "pk": 16, "fields": {"title": "dasdass", "start_date": "2024-04-23", "end_date": "2024-04-23", "color": "red", "start_time": "09:00:00", "end_time": "10:30:00", "is_class_cancellation": false, "user": null, "subject": 1}}, {"model": "common.calendarevent", "pk": 17, "fields": {"title": "dasdass", "start_date": "2024-04-30", "end_date": "2024-04-30", "color": "red", "start_time": "09:00:00", "end_time": "10:30:00", "is_class_cancellation": false, "user": null, "subject": 1}}, {"model": "common.calendarevent", "pk": 18, "fields": {"title": "dasdass", "start_date": "2024-05-07", "end_date": "2024-05-07", "color": "red", "start_time": "09:00:00", "end_time": "10:30:00", "is_class_cancellation": false, "user": null, "subject": 1}}, {"model": "common.calendarevent", "pk": 19, "fields": {"title": "dasdass", "start_date": "2024-05-14", "end_date": "2024-05-14", "color": "red", "start_time": "09:00:00", "end_time": "10:30:00", "is_class_cancellation": false, "user": null, "subject": 1}}, {"model": "common.calendarevent", "pk": 20, "fields": {"title": "dasdass", "start_date": "2024-05-21", "end_date": "2024-05-21", "color": "red", "start_time": "09:00:00", "end_time": "10:30:00", "is_class_cancellation": false, "user": null, "subject": 1}}, {"model": "common.calendarevent", "pk": 21, "fields": {"title": "dasdass", "start_date": "2024-05-28", "end_date": "2024-05-28", "color": "red", "start_time": "09:00:00", "end_time": "10:30:00", "is_class_cancellation": false, "user": null, "subject": 1}}, {"model": "common.calendarevent", "pk": 22, "fields": {"title": "Interduction of Programming", "start_date": "2024-04-04", "end_date": "2024-04-04", "color": "red", "start_time": "13:00:00", "end_time": "14:30:00", "is_class_cancellation": false, "user": null, "subject": 2}}, {"model": "common.calendarevent", "pk": 23, "fields": {"title": "Interduction of Programming", "start_date": "2024-04-11", "end_date": "2024-04-11", "color": "red", "start_time": "13:00:00", "end_time": "14:30:00", "is_class_cancellation": true, "user": null, "subject": 2}}, {"model": "common.calendarevent", "pk": 24, "fields": {"title": "Interduction of Programming", "start_date": "2024-04-18", "end_date": "2024-04-18", "color": "red", "start_time": "13:00:00", "end_time": "14:30:00", "is_class_cancellation": false, "user": null, "subject": 2}}, {"model": "common.calendarevent", "pk": 25, "fields": {"title": "Interduction of Programming", "start_date": "2024-04-25", "end_date": "2024-04-25", "color": "red", "start_time": "13:00:00", "end_time": "14:30:00", "is_class_cancellation": false, "user": null, "subject": 2}}, {"model": "common.calendarevent", "pk": 26, "fields": {"title": "Interduction of Programming", "start_date": "2024-05-02", "end_date": "2024-05-02", "color": "red", "start_time": "13:00:00", "end_time": "14:30:00", "is_class_cancellation": false, "user": null, "subject": 2}}, {"model": "common.calendarevent", "pk": 27, "fields": {"title": "Interduction of Programming", "start_date": "2024-05-09", "end_date": "2024-05-09", "color": "red", "start_time": "13:00:00", "end_time": "14:30:00", "is_class_cancellation": false, "user": null, "subject": 2}}, {"model": "common.calendarevent", "pk": 28, "fields": {"title": "Interduction of Programming", "start_date": "2024-05-16", "end_date": "2024-05-16", "color": "red", "start_time": "13:00:00", "end_time": "14:30:00", "is_class_cancellation": false, "user": null, "subject": 2}}, {"model": "common.calendarevent", "pk": 29, "fields": {"title": "Interduction of Programming", "start_date": "2024-05-23", "end_date": "2024-05-23", "color": "red", "start_time": "13:00:00", "end_time": "14:30:00", "is_class_cancellation": false, "user": null, "subject": 2}}, {"model": "common.calendarevent", "pk": 30, "fields": {"title": "Interduction of Programming", "start_date": "2024-05-30", "end_date": "2024-05-30", "color": "red", "start_time": "13:00:00", "end_time": "14:30:00", "is_class_cancellation": false, "user": null, "subject": 2}}, {"model": "common.calendarevent", "pk": 31, "fields": {"title": "asdasdasdasdas", "start_date": "2024-04-10", "end_date": "2024-04-10", "color": "#3357FF", "start_time": "09:00:00", "end_time": "23:59:00", "is_class_cancellation": false, "user": 42, "subject": null}}, {"model": "common.calendarevent", "pk": 32, "fields": {"title": "ngocok", "start_date": "2024-04-01", "end_date": "2024-04-01", "color": "#3357FF", "start_time": "09:00:00", "end_time": "23:59:00", "is_class_cancellation": false, "user": 42, "subject": null}}, {"model": "common.calendarevent", "pk": 33, "fields": {"title": "ngocok", "start_date": "2024-04-01", "end_date": "2024-04-01", "color": "#3357FF", "start_time": "09:00:00", "end_time": "23:59:00", "is_class_cancellation": false, "user": 42, "subject": null}}, {"model": "common.calendarevent", "pk": 34, "fields": {"title": "jklkllkklnkllk", "start_date": "2024-04-08", "end_date": "2024-04-08", "color": "#33FF57", "start_time": "09:00:00", "end_time": "23:59:00", "is_class_cancellation": false, "user": 43, "subject": null}}, {"model": "common.calendarevent", "pk": 36, "fields": {"title": "jkkgkjjkjk", "start_date": "2024-04-08", "end_date": "2024-04-08", "color": "#3357FF", "start_time": "09:00:00", "end_time": "23:59:00", "is_class_cancellation": false, "user": 42, "subject": null}}, {"model": "common.notes", "pk": 1, "fields": {"user": 42, "title": "Enter your note title here...", "content": "Enter your note here...adasdsadasdasfrom django.shortcuts import get_object_or_404\nfrom rest_framework.response import Response\nfrom rest_framework import status\nfrom django.contrib.auth import get_user_model\nfrom rest_framework.permissions import IsAuthenticated, IsAdminUser\nfrom rest_framework_simplejwt.authentication import JWTAuthentication\nUser = get_user_model()\nfrom rest_framework import viewsets\nfrom rest_framework.decorators import action\nfrom drf_spectacular.utils import extend_schema\nfrom ..serializers import NotesSerializer\nfrom ..models import Notes\nfrom .services import *\n\nclass NotesViewSet(viewsets.ViewSet):\n    serializer_class = NotesSerializer\n    authentication_classes = [JWTAuthentication]\n    permission_classes = [IsAuthenticated]\n\n    @extend_schema(responses={200: NotesSerializer})\n    def list(self, request):\n        queryset = Notes.objects.all()\n        serializer = NotesSerializer(queryset, many=True)\n        return Response(serializer.data)\n    \n    @extend_schema(responses={200: NotesSerializer})\n    def retrieve(self, request, pk=None):\n        queryset = Notes.objects.all()\n        note = get_object_or_404(queryset, pk=pk)\n        serializer = NotesSerializer(note)\n        return Response(serializer.data)\n    \n    @extend_schema(responses={201: NotesSerializer})\n    def create(self, request):\n        user = request.user\n        user_instance = User.objects.get(username=user)\n        new_note = NotesService.new_note(user_instance, request.data)\n        serializer = NotesSerializer(new_note)\n        return Response(serializer.data, status=status.HTTP_201_CREATED)\n    \n\n    @extend_schema(responses={200: NotesSerializer})\n    def update(self, request, pk=None):\n        queryset = Notes.objects.all()\n        note = get_object_or_404(queryset, pk=pk)\n        updated_note = NotesService.update_note(note, request.data)\n        serializer = NotesSerializer(updated_note)\n        return Response(serializer.data)\n    \n    @extend_schema(responses={204: None})\n    def destroy(self, request, pk=None):\n        queryset = Notes.objects.all()\n        note = get_object_or_404(queryset, pk=pk)\n        note.delete()\n        return Response(status=status.HTTP_204_NO_CONTENT)    \n    \n    # @extend_schema(responses={200: NotesSerializer})\n    # @action(detail=False, methods=['put'], url_path='share_note', url_name='share_note')\n    # def share_note(self, request, pk=None):\n    #     note = NotesService.share_note_with_user(request.data)\n    #     serializer = NotesSerializer(note)\n    #     return Response(serializer.data)\n    \n    \n    # @extend_schema(responses={200: NotesSerializer})\n    # @action(detail=False, methods=['put'], url_path='unshare_note', url_name='unshare_note')\n    # def unshare_note(self, request, pk=None):\n    #     note = NotesService.unshare_note_with_user(request.data)\n    #     serializer = NotesSerializer(note)\n    #     return Response(serializer.data)\n    \n    # @extend_schema(responses={200: NotesSerializer})\n    # @action(detail=False, methods=['put'], url_path='change_note_color', url_name='change_note_color')\n    # def change_note_color(self, request, pk=None):\n    #     note = NotesService.change_note_color(request.data)\n    #     serializer = NotesSerializer(note)\n    #     return Response(serializer.data)\n\nwewewq\n", "note_type": "shared", "date": "2024-03-31T08:33:59.900Z", "color": null, "shared_with": [32, 33]}}, {"model": "common.notes", "pk": 2, "fields": {"user": 43, "title": "Enter your note title here...", "content": "Enter your note here...", "note_type": "shared", "date": "2024-03-31T13:09:18.946Z", "color": null, "shared_with": [36]}}, {"model": "common.notes", "pk": 3, "fields": {"user": 43, "title": "Enter your note title here...", "content": "Enter your note here...", "note_type": "private", "date": "2024-03-31T13:09:26.578Z", "color": null, "shared_with": []}}, {"model": "common.notes", "pk": 4, "fields": {"user": 42, "title": "Enter your note title here...", "content": "Enter your note here...adasdsadasdasfrom django.shortcuts import get_object_or_404\nfrom rest_framework.response import Response\nfrom rest_framework import status\nfrom django.contrib.auth import get_user_model\nfrom rest_framework.permissions import IsAuthenticated, IsAdminUser\nfrom rest_framework_simplejwt.authentication import JWTAuthentication\nUser = get_user_model()\nfrom rest_framework import viewsets\nfrom rest_framework.decorators import action\nfrom drf_spectacular.utils import extend_schema\nfrom ..serializers import NotesSerializer\nfrom ..models import Notes\nfrom .services import *\n\nclass NotesViewSet(viewsets.ViewSet):\n    serializer_class = NotesSerializer\n    authentication_classes = [JWTAuthentication]\n    permission_classes = [IsAuthenticated]\n\n    @extend_schema(responses={200: NotesSerializer})\n    def list(self, request):\n        queryset = Notes.objects.all()\n        serializer = NotesSerializer(queryset, many=True)\n        return Response(serializer.data)\n    \n    @extend_schema(responses={200: NotesSerializer})\n    def retrieve(self, request, pk=None):\n        queryset = Notes.objects.all()\n        note = get_object_or_404(queryset, pk=pk)\n        serializer = NotesSerializer(note)\n        return Response(serializer.data)\n    \n    @extend_schema(responses={201: NotesSerializer})\n    def create(self, request):\n        user = request.user\n        user_instance = User.objects.get(username=user)\n        new_note = NotesService.new_note(user_instance, request.data)\n        serializer = NotesSerializer(new_note)\n        return Response(serializer.data, status=status.HTTP_201_CREATED)\n    \n\n    @extend_schema(responses={200: NotesSerializer})\n    def update(self, request, pk=None):\n        queryset = Notes.objects.all()\n        note = get_object_or_404(queryset, pk=pk)\n        updated_note = NotesService.update_note(note, request.data)\n        serializer = NotesSerializer(updated_note)\n        return Response(serializer.data)\n    \n    @extend_schema(responses={204: None})\n    def destroy(self, request, pk=None):\n        queryset = Notes.objects.all()\n        note = get_object_or_404(queryset, pk=pk)\n        note.delete()\n        return Response(status=status.HTTP_204_NO_CONTENT)    \n    \n    # @extend_schema(responses={200: NotesSerializer})\n    # @action(detail=False, methods=['put'], url_path='share_note', url_name='share_note')\n    # def share_note(self, request, pk=None):\n    #     note = NotesService.share_note_with_user(request.data)\n    #     serializer = NotesSerializer(note)\n    #     return Response(serializer.data)\n    \n    \n    # @extend_schema(responses={200: NotesSerializer})\n    # @action(detail=False, methods=['put'], url_path='unshare_note', url_name='unshare_note')\n    # def unshare_note(self, request, pk=None):\n    #     note = NotesService.unshare_note_with_user(request.data)\n    #     serializer = NotesSerializer(note)\n    #     return Response(serializer.data)\n    \n    # @extend_schema(responses={200: NotesSerializer})\n    # @action(detail=False, methods=['put'], url_path='change_note_color', url_name='change_note_color')\n    # def change_note_color(self, request, pk=None):\n    #     note = NotesService.change_note_color(request.data)\n    #     serializer = NotesSerializer(note)\n    #     return Response(serializer.data)\n\nwewewq\n", "note_type": "private", "date": "2024-04-02T05:04:34.293Z", "color": null, "shared_with": []}}, {"model": "common.notes", "pk": 5, "fields": {"user": 42, "title": "Enter your note title here...", "content": "Enter your note here...Enter your note here...adasdsadasdasfrom django.shortcuts import get_object_or_404\nfrom rest_framework.response import Response\nfrom rest_framework import status\nfrom django.contrib.auth import get_user_model\nfrom rest_framework.permissions import IsAuthenticated, IsAdminUser\nfrom rest_framework_simplejwt.authentication import JWTAuthentication\nUser = get_user_model()\nfrom rest_framework import viewsets\nfrom rest_framework.decorators import action\nfrom drf_spectacular.utils import extend_schema\nfrom ..serializers import NotesSerializer\nfrom ..models import Notes\nfrom .services import *\n\nclass NotesViewSet(viewsets.ViewSet):\n    serializer_class = NotesSerializer\n    authentication_classes = [JWTAuthentication]\n    permission_classes = [IsAuthenticated]\n\n    @extend_schema(responses={200: NotesSerializer})\n    def list(self, request):\n        queryset = Notes.objects.all()\n        serializer = NotesSerializer(queryset, many=True)\n        return Response(serializer.data)\n    \n    @extend_schema(responses={200: NotesSerializer})\n    def retrieve(self, request, pk=None):\n        queryset = Notes.objects.all()\n        note = get_object_or_404(queryset, pk=pk)\n        serializer = NotesSerializer(note)\n        return Response(serializer.data)\n    \n    @extend_schema(responses={201: NotesSerializer})\n    def create(self, request):\n        user = request.user\n        user_instance = User.objects.get(username=user)\n        new_note = NotesService.new_note(user_instance, request.data)\n        serializer = NotesSerializer(new_note)\n        return Response(serializer.data, status=status.HTTP_201_CREATED)\n    \n\n    @extend_schema(responses={200: NotesSerializer})\n    def update(self, request, pk=None):\n        queryset = Notes.objects.all()\n        note = get_object_or_404(queryset, pk=pk)\n        updated_note = NotesService.update_note(note, request.data)\n        serializer = NotesSerializer(updated_note)\n        return Response(serializer.data)\n    \n    @extend_schema(responses={204: None})\n    def destroy(self, request, pk=None):\n        queryset = Notes.objects.all()\n        note = get_object_or_404(queryset, pk=pk)\n        note.delete()\n        return Response(status=status.HTTP_204_NO_CONTENT)    \n    \n    # @extend_schema(responses={200: NotesSerializer})\n    # @action(detail=False, methods=['put'], url_path='share_note', url_name='share_note')\n    # def share_note(self, request, pk=None):\n    #     note = NotesService.share_note_with_user(request.data)\n    #     serializer = NotesSerializer(note)\n    #     return Response(serializer.data)\n    \n    \n    # @extend_schema(responses={200: NotesSerializer})\n    # @action(detail=False, methods=['put'], url_path='unshare_note', url_name='unshare_note')\n    # def unshare_note(self, request, pk=None):\n    #     note = NotesService.unshare_note_with_user(request.data)\n    #     serializer = NotesSerializer(note)\n    #     return Response(serializer.data)\n    \n    # @extend_schema(responses={200: NotesSerializer})\n    # @action(detail=False, methods=['put'], url_path='change_note_color', url_name='change_note_color')\n    # def change_note_color(self, request, pk=None):\n    #     note = NotesService.change_note_color(request.data)\n    #     serializer = NotesSerializer(note)\n    #     return Response(serializer.data)\n\nwewewq\n", "note_type": "private", "date": "2024-04-02T05:04:34.412Z", "color": null, "shared_with": []}}, {"model": "common.notes", "pk": 6, "fields": {"user": 42, "title": "Enter your note title here...", "content": "Enter your note here...", "note_type": "private", "date": "2024-04-02T05:04:34.708Z", "color": null, "shared_with": []}}, {"model": "common.notes", "pk": 7, "fields": {"user": 42, "title": "Enter your note title here...", "content": "Enter your note here...", "note_type": "private", "date": "2024-04-02T05:04:34.849Z", "color": null, "shared_with": []}}, {"model": "common.notes", "pk": 8, "fields": {"user": 42, "title": "Enter your note title here...", "content": "Enter your note here...", "note_type": "private", "date": "2024-04-02T05:04:36.794Z", "color": null, "shared_with": []}}, {"model": "common.notes", "pk": 9, "fields": {"user": 42, "title": "Enter your note title here...", "content": "Enter your note here...", "note_type": "private", "date": "2024-04-02T05:04:36.915Z", "color": null, "shared_with": []}}, {"model": "common.notes", "pk": 10, "fields": {"user": 42, "title": "Enter your note title here...", "content": "Enter your note here...", "note_type": "private", "date": "2024-04-02T05:04:37.168Z", "color": null, "shared_with": []}}, {"model": "common.notes", "pk": 11, "fields": {"user": 42, "title": "Enter your note title here...", "content": "Enter your note here...Enter your note here...adasdsadasdasfrom django.shortcuts import get_object_or_404\nfrom rest_framework.response import Response\nfrom rest_framework import status\nfrom django.contrib.auth import get_user_model\nfrom rest_framework.permissions import IsAuthenticated, IsAdminUser\nfrom rest_framework_simplejwt.authentication import JWTAuthentication\nUser = get_user_model()\nfrom rest_framework import viewsets\nfrom rest_framework.decorators import action\nfrom drf_spectacular.utils import extend_schema\nfrom ..serializers import NotesSerializer\nfrom ..models import Notes\nfrom .services import *\n\nclass NotesViewSet(viewsets.ViewSet):\n    serializer_class = NotesSerializer\n    authentication_classes = [JWTAuthentication]\n    permission_classes = [IsAuthenticated]\n\n    @extend_schema(responses={200: NotesSerializer})\n    def list(self, request):\n        queryset = Notes.objects.all()\n        serializer = NotesSerializer(queryset, many=True)\n        return Response(serializer.data)\n    \n    @extend_schema(responses={200: NotesSerializer})\n    def retrieve(self, request, pk=None):\n        queryset = Notes.objects.all()\n        note = get_object_or_404(queryset, pk=pk)\n        serializer = NotesSerializer(note)\n        return Response(serializer.data)\n    \n    @extend_schema(responses={201: NotesSerializer})\n    def create(self, request):\n        user = request.user\n        user_instance = User.objects.get(username=user)\n        new_note = NotesService.new_note(user_instance, request.data)\n        serializer = NotesSerializer(new_note)\n        return Response(serializer.data, status=status.HTTP_201_CREATED)\n    \n\n    @extend_schema(responses={200: NotesSerializer})\n    def update(self, request, pk=None):\n        queryset = Notes.objects.all()\n        note = get_object_or_404(queryset, pk=pk)\n        updated_note = NotesService.update_note(note, request.data)\n        serializer = NotesSerializer(updated_note)\n        return Response(serializer.data)\n    \n    @extend_schema(responses={204: None})\n    def destroy(self, request, pk=None):\n        queryset = Notes.objects.all()\n        note = get_object_or_404(queryset, pk=pk)\n        note.delete()\n        return Response(status=status.HTTP_204_NO_CONTENT)    \n    \n    # @extend_schema(responses={200: NotesSerializer})\n    # @action(detail=False, methods=['put'], url_path='share_note', url_name='share_note')\n    # def share_note(self, request, pk=None):\n    #     note = NotesService.share_note_with_user(request.data)\n    #     serializer = NotesSerializer(note)\n    #     return Response(serializer.data)\n    \n    \n    # @extend_schema(responses={200: NotesSerializer})\n    # @action(detail=False, methods=['put'], url_path='unshare_note', url_name='unshare_note')\n    # def unshare_note(self, request, pk=None):\n    #     note = NotesService.unshare_note_with_user(request.data)\n    #     serializer = NotesSerializer(note)\n    #     return Response(serializer.data)\n    \n    # @extend_schema(responses={200: NotesSerializer})\n    # @action(detail=False, methods=['put'], url_path='change_note_color', url_name='change_note_color')\n    # def change_note_color(self, request, pk=None):\n    #     note = NotesService.change_note_color(request.data)\n    #     serializer = NotesSerializer(note)\n    #     return Response(serializer.data)\n\nwewewq\n", "note_type": "private", "date": "2024-04-02T05:04:37.438Z", "color": null, "shared_with": []}}, {"model": "common.notification", "pk": 1, "fields": {"title": "New Assignment", "content": "New assignment \"adasdasdsa\" has been created.", "timestamp": "2024-03-31T14:27:27.067Z", "user": [32, 33, 34, 36, 37, 38, 39, 40, 42, 12, 17, 18, 19, 31]}}, {"model": "common.notification", "pk": 2, "fields": {"title": "New Assignment", "content": "New assignment \"asdsadasdasdas\" has been created.", "timestamp": "2024-03-31T14:30:36.522Z", "user": [32, 33, 34, 36, 37, 38, 39, 40, 42, 12, 17, 18, 19, 31]}}, {"model": "common.notification", "pk": 3, "fields": {"title": "New Announcement", "content": "New announcement \"test create\" has been created.", "timestamp": "2024-04-01T01:38:31.529Z", "user": [18, 19, 12, 37, 42, 40, 33, 17, 36, 34, 31, 32, 38, 39]}}, {"model": "common.notification", "pk": 4, "fields": {"title": "New Announcement", "content": "New announcement \"Add Announcement\" has been created.", "timestamp": "2024-04-01T07:38:39.860Z", "user": [18, 19, 12, 37, 42, 40, 33, 17, 36, 34, 31, 32, 38, 39]}}, {"model": "common.notification", "pk": 5, "fields": {"title": "New Announcement", "content": "New announcement \"Add Announcement\" has been created.", "timestamp": "2024-04-02T05:25:09.164Z", "user": [18, 19, 12, 37, 42, 40, 33, 17, 36, 34, 31, 32, 38, 39]}}, {"model": "common.notification", "pk": 6, "fields": {"title": "New Assignment", "content": "New assignment \"Test Assigemnt\" has been created.", "timestamp": "2024-04-06T05:03:08.331Z", "user": [32, 33, 34, 36, 37, 38, 39, 40, 42, 12, 17, 18, 19, 31]}}, {"model": "common.notification", "pk": 7, "fields": {"title": "New Assignment", "content": "New assignment \"File test\" has been created.", "timestamp": "2024-04-06T05:26:08.944Z", "user": [32, 33, 34, 36, 37, 38, 39, 40, 42, 12, 17, 18, 19, 31]}}, {"model": "socials.message", "pk": 1, "fields": {"sender": 42, "receiver": 32, "message": "hsysss", "image_data": null, "timestamp": "2024-04-09T06:23:41.634Z"}}, {"model": "socials.message", "pk": 2, "fields": {"sender": 42, "receiver": 32, "message": "sadasdasd", "image_data": null, "timestamp": "2024-04-09T06:24:48.220Z"}}, {"model": "socials.message", "pk": 3, "fields": {"sender": 42, "receiver": 32, "message": "sadasd", "image_data": null, "timestamp": "2024-04-09T06:24:49.538Z"}}, {"model": "socials.message", "pk": 4, "fields": {"sender": 42, "receiver": 32, "message": "sadsa", "image_data": null, "timestamp": "2024-04-09T06:24:51.235Z"}}, {"model": "socials.message", "pk": 5, "fields": {"sender": 42, "receiver": 32, "message": "kkkk", "image_data": null, "timestamp": "2024-04-09T06:29:34.116Z"}}, {"model": "socials.group", "pk": 2, "fields": {"admin": 43, "name": "zxxvxcvxcv", "timestamp": "2024-04-05T03:30:05.586Z", "group_image": "group_images/Screenshot_2024-04-09_at_15.48.20.png", "members": [32, 33, 34]}}, {"model": "socials.group", "pk": 3, "fields": {"admin": 42, "name": "Test Group", "timestamp": "2024-04-09T06:25:41.289Z", "group_image": "", "members": [11, 32, 33, 34, 35]}}, {"model": "socials.groupmessage", "pk": 1, "fields": {"sender": 42, "group": 3, "message": "\naaaa", "image_data": null, "timestamp": "2024-04-09T06:30:40.976Z"}}, {"model": "socials.groupmessage", "pk": 2, "fields": {"sender": 42, "group": 3, "message": "aaaa", "image_data": null, "timestamp": "2024-04-09T06:30:52.381Z"}}, {"model": "socials.groupmessage", "pk": 3, "fields": {"sender": 42, "group": 3, "message": ";;", "image_data": null, "timestamp": "2024-04-09T06:33:14.077Z"}}]